Department,Category,Skill
Information Technology,Programming Languages,Python
Information Technology,Programming Languages,Python Administration
Information Technology,Programming Languages,Python Development
Information Technology,Programming Languages,Python Configuration
Information Technology,Programming Languages,Python Troubleshooting
Information Technology,Programming Languages,Python Integration
Information Technology,Programming Languages,Python Deployment
Information Technology,Programming Languages,Python Security Hardening
Information Technology,Programming Languages,Python Performance Optimization
Information Technology,Programming Languages,Python Migration
Information Technology,Programming Languages,Python Automation
Information Technology,Programming Languages,Python Support & Maintenance
Information Technology,Programming Languages,Python Monitoring
Information Technology,Programming Languages,Python Architecture Design
Information Technology,Programming Languages,Python Upgrade & Patching
Information Technology,Programming Languages,Python Scripting
Information Technology,Programming Languages,Python Best Practices
Information Technology,Programming Languages,Java
Information Technology,Programming Languages,Java Administration
Information Technology,Programming Languages,Java Development
Information Technology,Programming Languages,Java Configuration
Information Technology,Programming Languages,Java Troubleshooting
Information Technology,Programming Languages,Java Integration
Information Technology,Programming Languages,Java Deployment
Information Technology,Programming Languages,Java Security Hardening
Information Technology,Programming Languages,Java Performance Optimization
Information Technology,Programming Languages,Java Migration
Information Technology,Programming Languages,Java Automation
Information Technology,Programming Languages,Java Support & Maintenance
Information Technology,Programming Languages,Java Monitoring
Information Technology,Programming Languages,Java Architecture Design
Information Technology,Programming Languages,Java Upgrade & Patching
Information Technology,Programming Languages,Java Scripting
Information Technology,Programming Languages,Java Best Practices
Information Technology,Programming Languages,C
Information Technology,Programming Languages,C Administration
Information Technology,Programming Languages,C Development
Information Technology,Programming Languages,C Configuration
Information Technology,Programming Languages,C Troubleshooting
Information Technology,Programming Languages,C Integration
Information Technology,Programming Languages,C Deployment
Information Technology,Programming Languages,C Security Hardening
Information Technology,Programming Languages,C Performance Optimization
Information Technology,Programming Languages,C Migration
Information Technology,Programming Languages,C Automation
Information Technology,Programming Languages,C Support & Maintenance
Information Technology,Programming Languages,C Monitoring
Information Technology,Programming Languages,C Architecture Design
Information Technology,Programming Languages,C Upgrade & Patching
Information Technology,Programming Languages,C Scripting
Information Technology,Programming Languages,C Best Practices
Information Technology,Programming Languages,C++
Information Technology,Programming Languages,C++ Administration
Information Technology,Programming Languages,C++ Development
Information Technology,Programming Languages,C++ Configuration
Information Technology,Programming Languages,C++ Troubleshooting
Information Technology,Programming Languages,C++ Integration
Information Technology,Programming Languages,C++ Deployment
Information Technology,Programming Languages,C++ Security Hardening
Information Technology,Programming Languages,C++ Performance Optimization
Information Technology,Programming Languages,C++ Migration
Information Technology,Programming Languages,C++ Automation
Information Technology,Programming Languages,C++ Support & Maintenance
Information Technology,Programming Languages,C++ Monitoring
Information Technology,Programming Languages,C++ Architecture Design
Information Technology,Programming Languages,C++ Upgrade & Patching
Information Technology,Programming Languages,C++ Scripting
Information Technology,Programming Languages,C++ Best Practices
Information Technology,Programming Languages,C#
Information Technology,Programming Languages,C# Administration
Information Technology,Programming Languages,C# Development
Information Technology,Programming Languages,C# Configuration
Information Technology,Programming Languages,C# Troubleshooting
Information Technology,Programming Languages,C# Integration
Information Technology,Programming Languages,C# Deployment
Information Technology,Programming Languages,C# Security Hardening
Information Technology,Programming Languages,C# Performance Optimization
Information Technology,Programming Languages,C# Migration
Information Technology,Programming Languages,C# Automation
Information Technology,Programming Languages,C# Support & Maintenance
Information Technology,Programming Languages,C# Monitoring
Information Technology,Programming Languages,C# Architecture Design
Information Technology,Programming Languages,C# Upgrade & Patching
Information Technology,Programming Languages,C# Scripting
Information Technology,Programming Languages,C# Best Practices
Information Technology,Programming Languages,JavaScript
Information Technology,Programming Languages,JavaScript Administration
Information Technology,Programming Languages,JavaScript Development
Information Technology,Programming Languages,JavaScript Configuration
Information Technology,Programming Languages,JavaScript Troubleshooting
Information Technology,Programming Languages,JavaScript Integration
Information Technology,Programming Languages,JavaScript Deployment
Information Technology,Programming Languages,JavaScript Security Hardening
Information Technology,Programming Languages,JavaScript Performance Optimization
Information Technology,Programming Languages,JavaScript Migration
Information Technology,Programming Languages,JavaScript Automation
Information Technology,Programming Languages,JavaScript Support & Maintenance
Information Technology,Programming Languages,JavaScript Monitoring
Information Technology,Programming Languages,JavaScript Architecture Design
Information Technology,Programming Languages,JavaScript Upgrade & Patching
Information Technology,Programming Languages,JavaScript Scripting
Information Technology,Programming Languages,JavaScript Best Practices
Information Technology,Programming Languages,TypeScript
Information Technology,Programming Languages,TypeScript Administration
Information Technology,Programming Languages,TypeScript Development
Information Technology,Programming Languages,TypeScript Configuration
Information Technology,Programming Languages,TypeScript Troubleshooting
Information Technology,Programming Languages,TypeScript Integration
Information Technology,Programming Languages,TypeScript Deployment
Information Technology,Programming Languages,TypeScript Security Hardening
Information Technology,Programming Languages,TypeScript Performance Optimization
Information Technology,Programming Languages,TypeScript Migration
Information Technology,Programming Languages,TypeScript Automation
Information Technology,Programming Languages,TypeScript Support & Maintenance
Information Technology,Programming Languages,TypeScript Monitoring
Information Technology,Programming Languages,TypeScript Architecture Design
Information Technology,Programming Languages,TypeScript Upgrade & Patching
Information Technology,Programming Languages,TypeScript Scripting
Information Technology,Programming Languages,TypeScript Best Practices
Information Technology,Programming Languages,Go
Information Technology,Programming Languages,Go Administration
Information Technology,Programming Languages,Go Development
Information Technology,Programming Languages,Go Configuration
Information Technology,Programming Languages,Go Troubleshooting
Information Technology,Programming Languages,Go Integration
Information Technology,Programming Languages,Go Deployment
Information Technology,Programming Languages,Go Security Hardening
Information Technology,Programming Languages,Go Performance Optimization
Information Technology,Programming Languages,Go Migration
Information Technology,Programming Languages,Go Automation
Information Technology,Programming Languages,Go Support & Maintenance
Information Technology,Programming Languages,Go Monitoring
Information Technology,Programming Languages,Go Architecture Design
Information Technology,Programming Languages,Go Upgrade & Patching
Information Technology,Programming Languages,Go Scripting
Information Technology,Programming Languages,Go Best Practices
Information Technology,Programming Languages,Rust
Information Technology,Programming Languages,Rust Administration
Information Technology,Programming Languages,Rust Development
Information Technology,Programming Languages,Rust Configuration
Information Technology,Programming Languages,Rust Troubleshooting
Information Technology,Programming Languages,Rust Integration
Information Technology,Programming Languages,Rust Deployment
Information Technology,Programming Languages,Rust Security Hardening
Information Technology,Programming Languages,Rust Performance Optimization
Information Technology,Programming Languages,Rust Migration
Information Technology,Programming Languages,Rust Automation
Information Technology,Programming Languages,Rust Support & Maintenance
Information Technology,Programming Languages,Rust Monitoring
Information Technology,Programming Languages,Rust Architecture Design
Information Technology,Programming Languages,Rust Upgrade & Patching
Information Technology,Programming Languages,Rust Scripting
Information Technology,Programming Languages,Rust Best Practices
Information Technology,Programming Languages,Ruby
Information Technology,Programming Languages,Ruby Administration
Information Technology,Programming Languages,Ruby Development
Information Technology,Programming Languages,Ruby Configuration
Information Technology,Programming Languages,Ruby Troubleshooting
Information Technology,Programming Languages,Ruby Integration
Information Technology,Programming Languages,Ruby Deployment
Information Technology,Programming Languages,Ruby Security Hardening
Information Technology,Programming Languages,Ruby Performance Optimization
Information Technology,Programming Languages,Ruby Migration
Information Technology,Programming Languages,Ruby Automation
Information Technology,Programming Languages,Ruby Support & Maintenance
Information Technology,Programming Languages,Ruby Monitoring
Information Technology,Programming Languages,Ruby Architecture Design
Information Technology,Programming Languages,Ruby Upgrade & Patching
Information Technology,Programming Languages,Ruby Scripting
Information Technology,Programming Languages,Ruby Best Practices
Information Technology,Programming Languages,PHP
Information Technology,Programming Languages,PHP Administration
Information Technology,Programming Languages,PHP Development
Information Technology,Programming Languages,PHP Configuration
Information Technology,Programming Languages,PHP Troubleshooting
Information Technology,Programming Languages,PHP Integration
Information Technology,Programming Languages,PHP Deployment
Information Technology,Programming Languages,PHP Security Hardening
Information Technology,Programming Languages,PHP Performance Optimization
Information Technology,Programming Languages,PHP Migration
Information Technology,Programming Languages,PHP Automation
Information Technology,Programming Languages,PHP Support & Maintenance
Information Technology,Programming Languages,PHP Monitoring
Information Technology,Programming Languages,PHP Architecture Design
Information Technology,Programming Languages,PHP Upgrade & Patching
Information Technology,Programming Languages,PHP Scripting
Information Technology,Programming Languages,PHP Best Practices
Information Technology,Programming Languages,Swift
Information Technology,Programming Languages,Swift Administration
Information Technology,Programming Languages,Swift Development
Information Technology,Programming Languages,Swift Configuration
Information Technology,Programming Languages,Swift Troubleshooting
Information Technology,Programming Languages,Swift Integration
Information Technology,Programming Languages,Swift Deployment
Information Technology,Programming Languages,Swift Security Hardening
Information Technology,Programming Languages,Swift Performance Optimization
Information Technology,Programming Languages,Swift Migration
Information Technology,Programming Languages,Swift Automation
Information Technology,Programming Languages,Swift Support & Maintenance
Information Technology,Programming Languages,Swift Monitoring
Information Technology,Programming Languages,Swift Architecture Design
Information Technology,Programming Languages,Swift Upgrade & Patching
Information Technology,Programming Languages,Swift Scripting
Information Technology,Programming Languages,Swift Best Practices
Information Technology,Programming Languages,Kotlin
Information Technology,Programming Languages,Kotlin Administration
Information Technology,Programming Languages,Kotlin Development
Information Technology,Programming Languages,Kotlin Configuration
Information Technology,Programming Languages,Kotlin Troubleshooting
Information Technology,Programming Languages,Kotlin Integration
Information Technology,Programming Languages,Kotlin Deployment
Information Technology,Programming Languages,Kotlin Security Hardening
Information Technology,Programming Languages,Kotlin Performance Optimization
Information Technology,Programming Languages,Kotlin Migration
Information Technology,Programming Languages,Kotlin Automation
Information Technology,Programming Languages,Kotlin Support & Maintenance
Information Technology,Programming Languages,Kotlin Monitoring
Information Technology,Programming Languages,Kotlin Architecture Design
Information Technology,Programming Languages,Kotlin Upgrade & Patching
Information Technology,Programming Languages,Kotlin Scripting
Information Technology,Programming Languages,Kotlin Best Practices
Information Technology,Programming Languages,Scala
Information Technology,Programming Languages,Scala Administration
Information Technology,Programming Languages,Scala Development
Information Technology,Programming Languages,Scala Configuration
Information Technology,Programming Languages,Scala Troubleshooting
Information Technology,Programming Languages,Scala Integration
Information Technology,Programming Languages,Scala Deployment
Information Technology,Programming Languages,Scala Security Hardening
Information Technology,Programming Languages,Scala Performance Optimization
Information Technology,Programming Languages,Scala Migration
Information Technology,Programming Languages,Scala Automation
Information Technology,Programming Languages,Scala Support & Maintenance
Information Technology,Programming Languages,Scala Monitoring
Information Technology,Programming Languages,Scala Architecture Design
Information Technology,Programming Languages,Scala Upgrade & Patching
Information Technology,Programming Languages,Scala Scripting
Information Technology,Programming Languages,Scala Best Practices
Information Technology,Programming Languages,R
Information Technology,Programming Languages,R Administration
Information Technology,Programming Languages,R Development
Information Technology,Programming Languages,R Configuration
Information Technology,Programming Languages,R Troubleshooting
Information Technology,Programming Languages,R Integration
Information Technology,Programming Languages,R Deployment
Information Technology,Programming Languages,R Security Hardening
Information Technology,Programming Languages,R Performance Optimization
Information Technology,Programming Languages,R Migration
Information Technology,Programming Languages,R Automation
Information Technology,Programming Languages,R Support & Maintenance
Information Technology,Programming Languages,R Monitoring
Information Technology,Programming Languages,R Architecture Design
Information Technology,Programming Languages,R Upgrade & Patching
Information Technology,Programming Languages,R Scripting
Information Technology,Programming Languages,R Best Practices
Information Technology,Programming Languages,MATLAB
Information Technology,Programming Languages,MATLAB Administration
Information Technology,Programming Languages,MATLAB Development
Information Technology,Programming Languages,MATLAB Configuration
Information Technology,Programming Languages,MATLAB Troubleshooting
Information Technology,Programming Languages,MATLAB Integration
Information Technology,Programming Languages,MATLAB Deployment
Information Technology,Programming Languages,MATLAB Security Hardening
Information Technology,Programming Languages,MATLAB Performance Optimization
Information Technology,Programming Languages,MATLAB Migration
Information Technology,Programming Languages,MATLAB Automation
Information Technology,Programming Languages,MATLAB Support & Maintenance
Information Technology,Programming Languages,MATLAB Monitoring
Information Technology,Programming Languages,MATLAB Architecture Design
Information Technology,Programming Languages,MATLAB Upgrade & Patching
Information Technology,Programming Languages,MATLAB Scripting
Information Technology,Programming Languages,MATLAB Best Practices
Information Technology,Programming Languages,Perl
Information Technology,Programming Languages,Perl Administration
Information Technology,Programming Languages,Perl Development
Information Technology,Programming Languages,Perl Configuration
Information Technology,Programming Languages,Perl Troubleshooting
Information Technology,Programming Languages,Perl Integration
Information Technology,Programming Languages,Perl Deployment
Information Technology,Programming Languages,Perl Security Hardening
Information Technology,Programming Languages,Perl Performance Optimization
Information Technology,Programming Languages,Perl Migration
Information Technology,Programming Languages,Perl Automation
Information Technology,Programming Languages,Perl Support & Maintenance
Information Technology,Programming Languages,Perl Monitoring
Information Technology,Programming Languages,Perl Architecture Design
Information Technology,Programming Languages,Perl Upgrade & Patching
Information Technology,Programming Languages,Perl Scripting
Information Technology,Programming Languages,Perl Best Practices
Information Technology,Programming Languages,Objective-C
Information Technology,Programming Languages,Objective-C Administration
Information Technology,Programming Languages,Objective-C Development
Information Technology,Programming Languages,Objective-C Configuration
Information Technology,Programming Languages,Objective-C Troubleshooting
Information Technology,Programming Languages,Objective-C Integration
Information Technology,Programming Languages,Objective-C Deployment
Information Technology,Programming Languages,Objective-C Security Hardening
Information Technology,Programming Languages,Objective-C Performance Optimization
Information Technology,Programming Languages,Objective-C Migration
Information Technology,Programming Languages,Objective-C Automation
Information Technology,Programming Languages,Objective-C Support & Maintenance
Information Technology,Programming Languages,Objective-C Monitoring
Information Technology,Programming Languages,Objective-C Architecture Design
Information Technology,Programming Languages,Objective-C Upgrade & Patching
Information Technology,Programming Languages,Objective-C Scripting
Information Technology,Programming Languages,Objective-C Best Practices
Information Technology,Programming Languages,Dart
Information Technology,Programming Languages,Dart Administration
Information Technology,Programming Languages,Dart Development
Information Technology,Programming Languages,Dart Configuration
Information Technology,Programming Languages,Dart Troubleshooting
Information Technology,Programming Languages,Dart Integration
Information Technology,Programming Languages,Dart Deployment
Information Technology,Programming Languages,Dart Security Hardening
Information Technology,Programming Languages,Dart Performance Optimization
Information Technology,Programming Languages,Dart Migration
Information Technology,Programming Languages,Dart Automation
Information Technology,Programming Languages,Dart Support & Maintenance
Information Technology,Programming Languages,Dart Monitoring
Information Technology,Programming Languages,Dart Architecture Design
Information Technology,Programming Languages,Dart Upgrade & Patching
Information Technology,Programming Languages,Dart Scripting
Information Technology,Programming Languages,Dart Best Practices
Information Technology,Programming Languages,Lua
Information Technology,Programming Languages,Lua Administration
Information Technology,Programming Languages,Lua Development
Information Technology,Programming Languages,Lua Configuration
Information Technology,Programming Languages,Lua Troubleshooting
Information Technology,Programming Languages,Lua Integration
Information Technology,Programming Languages,Lua Deployment
Information Technology,Programming Languages,Lua Security Hardening
Information Technology,Programming Languages,Lua Performance Optimization
Information Technology,Programming Languages,Lua Migration
Information Technology,Programming Languages,Lua Automation
Information Technology,Programming Languages,Lua Support & Maintenance
Information Technology,Programming Languages,Lua Monitoring
Information Technology,Programming Languages,Lua Architecture Design
Information Technology,Programming Languages,Lua Upgrade & Patching
Information Technology,Programming Languages,Lua Scripting
Information Technology,Programming Languages,Lua Best Practices
Information Technology,Programming Languages,Haskell
Information Technology,Programming Languages,Haskell Administration
Information Technology,Programming Languages,Haskell Development
Information Technology,Programming Languages,Haskell Configuration
Information Technology,Programming Languages,Haskell Troubleshooting
Information Technology,Programming Languages,Haskell Integration
Information Technology,Programming Languages,Haskell Deployment
Information Technology,Programming Languages,Haskell Security Hardening
Information Technology,Programming Languages,Haskell Performance Optimization
Information Technology,Programming Languages,Haskell Migration
Information Technology,Programming Languages,Haskell Automation
Information Technology,Programming Languages,Haskell Support & Maintenance
Information Technology,Programming Languages,Haskell Monitoring
Information Technology,Programming Languages,Haskell Architecture Design
Information Technology,Programming Languages,Haskell Upgrade & Patching
Information Technology,Programming Languages,Haskell Scripting
Information Technology,Programming Languages,Haskell Best Practices
Information Technology,Programming Languages,Clojure
Information Technology,Programming Languages,Clojure Administration
Information Technology,Programming Languages,Clojure Development
Information Technology,Programming Languages,Clojure Configuration
Information Technology,Programming Languages,Clojure Troubleshooting
Information Technology,Programming Languages,Clojure Integration
Information Technology,Programming Languages,Clojure Deployment
Information Technology,Programming Languages,Clojure Security Hardening
Information Technology,Programming Languages,Clojure Performance Optimization
Information Technology,Programming Languages,Clojure Migration
Information Technology,Programming Languages,Clojure Automation
Information Technology,Programming Languages,Clojure Support & Maintenance
Information Technology,Programming Languages,Clojure Monitoring
Information Technology,Programming Languages,Clojure Architecture Design
Information Technology,Programming Languages,Clojure Upgrade & Patching
Information Technology,Programming Languages,Clojure Scripting
Information Technology,Programming Languages,Clojure Best Practices
Information Technology,Programming Languages,Elixir
Information Technology,Programming Languages,Elixir Administration
Information Technology,Programming Languages,Elixir Development
Information Technology,Programming Languages,Elixir Configuration
Information Technology,Programming Languages,Elixir Troubleshooting
Information Technology,Programming Languages,Elixir Integration
Information Technology,Programming Languages,Elixir Deployment
Information Technology,Programming Languages,Elixir Security Hardening
Information Technology,Programming Languages,Elixir Performance Optimization
Information Technology,Programming Languages,Elixir Migration
Information Technology,Programming Languages,Elixir Automation
Information Technology,Programming Languages,Elixir Support & Maintenance
Information Technology,Programming Languages,Elixir Monitoring
Information Technology,Programming Languages,Elixir Architecture Design
Information Technology,Programming Languages,Elixir Upgrade & Patching
Information Technology,Programming Languages,Elixir Scripting
Information Technology,Programming Languages,Elixir Best Practices
Information Technology,Programming Languages,Erlang
Information Technology,Programming Languages,Erlang Administration
Information Technology,Programming Languages,Erlang Development
Information Technology,Programming Languages,Erlang Configuration
Information Technology,Programming Languages,Erlang Troubleshooting
Information Technology,Programming Languages,Erlang Integration
Information Technology,Programming Languages,Erlang Deployment
Information Technology,Programming Languages,Erlang Security Hardening
Information Technology,Programming Languages,Erlang Performance Optimization
Information Technology,Programming Languages,Erlang Migration
Information Technology,Programming Languages,Erlang Automation
Information Technology,Programming Languages,Erlang Support & Maintenance
Information Technology,Programming Languages,Erlang Monitoring
Information Technology,Programming Languages,Erlang Architecture Design
Information Technology,Programming Languages,Erlang Upgrade & Patching
Information Technology,Programming Languages,Erlang Scripting
Information Technology,Programming Languages,Erlang Best Practices
Information Technology,Programming Languages,F#
Information Technology,Programming Languages,F# Administration
Information Technology,Programming Languages,F# Development
Information Technology,Programming Languages,F# Configuration
Information Technology,Programming Languages,F# Troubleshooting
Information Technology,Programming Languages,F# Integration
Information Technology,Programming Languages,F# Deployment
Information Technology,Programming Languages,F# Security Hardening
Information Technology,Programming Languages,F# Performance Optimization
Information Technology,Programming Languages,F# Migration
Information Technology,Programming Languages,F# Automation
Information Technology,Programming Languages,F# Support & Maintenance
Information Technology,Programming Languages,F# Monitoring
Information Technology,Programming Languages,F# Architecture Design
Information Technology,Programming Languages,F# Upgrade & Patching
Information Technology,Programming Languages,F# Scripting
Information Technology,Programming Languages,F# Best Practices
Information Technology,Programming Languages,VB.NET
Information Technology,Programming Languages,VB.NET Administration
Information Technology,Programming Languages,VB.NET Development
Information Technology,Programming Languages,VB.NET Configuration
Information Technology,Programming Languages,VB.NET Troubleshooting
Information Technology,Programming Languages,VB.NET Integration
Information Technology,Programming Languages,VB.NET Deployment
Information Technology,Programming Languages,VB.NET Security Hardening
Information Technology,Programming Languages,VB.NET Performance Optimization
Information Technology,Programming Languages,VB.NET Migration
Information Technology,Programming Languages,VB.NET Automation
Information Technology,Programming Languages,VB.NET Support & Maintenance
Information Technology,Programming Languages,VB.NET Monitoring
Information Technology,Programming Languages,VB.NET Architecture Design
Information Technology,Programming Languages,VB.NET Upgrade & Patching
Information Technology,Programming Languages,VB.NET Scripting
Information Technology,Programming Languages,VB.NET Best Practices
Information Technology,Programming Languages,COBOL
Information Technology,Programming Languages,COBOL Administration
Information Technology,Programming Languages,COBOL Development
Information Technology,Programming Languages,COBOL Configuration
Information Technology,Programming Languages,COBOL Troubleshooting
Information Technology,Programming Languages,COBOL Integration
Information Technology,Programming Languages,COBOL Deployment
Information Technology,Programming Languages,COBOL Security Hardening
Information Technology,Programming Languages,COBOL Performance Optimization
Information Technology,Programming Languages,COBOL Migration
Information Technology,Programming Languages,COBOL Automation
Information Technology,Programming Languages,COBOL Support & Maintenance
Information Technology,Programming Languages,COBOL Monitoring
Information Technology,Programming Languages,COBOL Architecture Design
Information Technology,Programming Languages,COBOL Upgrade & Patching
Information Technology,Programming Languages,COBOL Scripting
Information Technology,Programming Languages,COBOL Best Practices
Information Technology,Programming Languages,Fortran
Information Technology,Programming Languages,Fortran Administration
Information Technology,Programming Languages,Fortran Development
Information Technology,Programming Languages,Fortran Configuration
Information Technology,Programming Languages,Fortran Troubleshooting
Information Technology,Programming Languages,Fortran Integration
Information Technology,Programming Languages,Fortran Deployment
Information Technology,Programming Languages,Fortran Security Hardening
Information Technology,Programming Languages,Fortran Performance Optimization
Information Technology,Programming Languages,Fortran Migration
Information Technology,Programming Languages,Fortran Automation
Information Technology,Programming Languages,Fortran Support & Maintenance
Information Technology,Programming Languages,Fortran Monitoring
Information Technology,Programming Languages,Fortran Architecture Design
Information Technology,Programming Languages,Fortran Upgrade & Patching
Information Technology,Programming Languages,Fortran Scripting
Information Technology,Programming Languages,Fortran Best Practices
Information Technology,Programming Languages,Assembly Language
Information Technology,Programming Languages,Assembly Language Administration
Information Technology,Programming Languages,Assembly Language Development
Information Technology,Programming Languages,Assembly Language Configuration
Information Technology,Programming Languages,Assembly Language Troubleshooting
Information Technology,Programming Languages,Assembly Language Integration
Information Technology,Programming Languages,Assembly Language Deployment
Information Technology,Programming Languages,Assembly Language Security Hardening
Information Technology,Programming Languages,Assembly Language Performance Optimization
Information Technology,Programming Languages,Assembly Language Migration
Information Technology,Programming Languages,Assembly Language Automation
Information Technology,Programming Languages,Assembly Language Support & Maintenance
Information Technology,Programming Languages,Assembly Language Monitoring
Information Technology,Programming Languages,Assembly Language Architecture Design
Information Technology,Programming Languages,Assembly Language Upgrade & Patching
Information Technology,Programming Languages,Assembly Language Scripting
Information Technology,Programming Languages,Assembly Language Best Practices
Information Technology,Programming Languages,Groovy
Information Technology,Programming Languages,Groovy Administration
Information Technology,Programming Languages,Groovy Development
Information Technology,Programming Languages,Groovy Configuration
Information Technology,Programming Languages,Groovy Troubleshooting
Information Technology,Programming Languages,Groovy Integration
Information Technology,Programming Languages,Groovy Deployment
Information Technology,Programming Languages,Groovy Security Hardening
Information Technology,Programming Languages,Groovy Performance Optimization
Information Technology,Programming Languages,Groovy Migration
Information Technology,Programming Languages,Groovy Automation
Information Technology,Programming Languages,Groovy Support & Maintenance
Information Technology,Programming Languages,Groovy Monitoring
Information Technology,Programming Languages,Groovy Architecture Design
Information Technology,Programming Languages,Groovy Upgrade & Patching
Information Technology,Programming Languages,Groovy Scripting
Information Technology,Programming Languages,Groovy Best Practices
Information Technology,Programming Languages,Julia
Information Technology,Programming Languages,Julia Administration
Information Technology,Programming Languages,Julia Development
Information Technology,Programming Languages,Julia Configuration
Information Technology,Programming Languages,Julia Troubleshooting
Information Technology,Programming Languages,Julia Integration
Information Technology,Programming Languages,Julia Deployment
Information Technology,Programming Languages,Julia Security Hardening
Information Technology,Programming Languages,Julia Performance Optimization
Information Technology,Programming Languages,Julia Migration
Information Technology,Programming Languages,Julia Automation
Information Technology,Programming Languages,Julia Support & Maintenance
Information Technology,Programming Languages,Julia Monitoring
Information Technology,Programming Languages,Julia Architecture Design
Information Technology,Programming Languages,Julia Upgrade & Patching
Information Technology,Programming Languages,Julia Scripting
Information Technology,Programming Languages,Julia Best Practices
Information Technology,Programming Languages,PowerShell
Information Technology,Programming Languages,PowerShell Administration
Information Technology,Programming Languages,PowerShell Development
Information Technology,Programming Languages,PowerShell Configuration
Information Technology,Programming Languages,PowerShell Troubleshooting
Information Technology,Programming Languages,PowerShell Integration
Information Technology,Programming Languages,PowerShell Deployment
Information Technology,Programming Languages,PowerShell Security Hardening
Information Technology,Programming Languages,PowerShell Performance Optimization
Information Technology,Programming Languages,PowerShell Migration
Information Technology,Programming Languages,PowerShell Automation
Information Technology,Programming Languages,PowerShell Support & Maintenance
Information Technology,Programming Languages,PowerShell Monitoring
Information Technology,Programming Languages,PowerShell Architecture Design
Information Technology,Programming Languages,PowerShell Upgrade & Patching
Information Technology,Programming Languages,PowerShell Scripting
Information Technology,Programming Languages,PowerShell Best Practices
Information Technology,Programming Languages,Bash
Information Technology,Programming Languages,Bash Administration
Information Technology,Programming Languages,Bash Development
Information Technology,Programming Languages,Bash Configuration
Information Technology,Programming Languages,Bash Troubleshooting
Information Technology,Programming Languages,Bash Integration
Information Technology,Programming Languages,Bash Deployment
Information Technology,Programming Languages,Bash Security Hardening
Information Technology,Programming Languages,Bash Performance Optimization
Information Technology,Programming Languages,Bash Migration
Information Technology,Programming Languages,Bash Automation
Information Technology,Programming Languages,Bash Support & Maintenance
Information Technology,Programming Languages,Bash Monitoring
Information Technology,Programming Languages,Bash Architecture Design
Information Technology,Programming Languages,Bash Upgrade & Patching
Information Technology,Programming Languages,Bash Scripting
Information Technology,Programming Languages,Bash Best Practices
Information Technology,Programming Languages,Ada
Information Technology,Programming Languages,Ada Administration
Information Technology,Programming Languages,Ada Development
Information Technology,Programming Languages,Ada Configuration
Information Technology,Programming Languages,Ada Troubleshooting
Information Technology,Programming Languages,Ada Integration
Information Technology,Programming Languages,Ada Deployment
Information Technology,Programming Languages,Ada Security Hardening
Information Technology,Programming Languages,Ada Performance Optimization
Information Technology,Programming Languages,Ada Migration
Information Technology,Programming Languages,Ada Automation
Information Technology,Programming Languages,Ada Support & Maintenance
Information Technology,Programming Languages,Ada Monitoring
Information Technology,Programming Languages,Ada Architecture Design
Information Technology,Programming Languages,Ada Upgrade & Patching
Information Technology,Programming Languages,Ada Scripting
Information Technology,Programming Languages,Ada Best Practices
Information Technology,Programming Languages,Prolog
Information Technology,Programming Languages,Prolog Administration
Information Technology,Programming Languages,Prolog Development
Information Technology,Programming Languages,Prolog Configuration
Information Technology,Programming Languages,Prolog Troubleshooting
Information Technology,Programming Languages,Prolog Integration
Information Technology,Programming Languages,Prolog Deployment
Information Technology,Programming Languages,Prolog Security Hardening
Information Technology,Programming Languages,Prolog Performance Optimization
Information Technology,Programming Languages,Prolog Migration
Information Technology,Programming Languages,Prolog Automation
Information Technology,Programming Languages,Prolog Support & Maintenance
Information Technology,Programming Languages,Prolog Monitoring
Information Technology,Programming Languages,Prolog Architecture Design
Information Technology,Programming Languages,Prolog Upgrade & Patching
Information Technology,Programming Languages,Prolog Scripting
Information Technology,Programming Languages,Prolog Best Practices
Information Technology,Programming Languages,Scheme
Information Technology,Programming Languages,Scheme Administration
Information Technology,Programming Languages,Scheme Development
Information Technology,Programming Languages,Scheme Configuration
Information Technology,Programming Languages,Scheme Troubleshooting
Information Technology,Programming Languages,Scheme Integration
Information Technology,Programming Languages,Scheme Deployment
Information Technology,Programming Languages,Scheme Security Hardening
Information Technology,Programming Languages,Scheme Performance Optimization
Information Technology,Programming Languages,Scheme Migration
Information Technology,Programming Languages,Scheme Automation
Information Technology,Programming Languages,Scheme Support & Maintenance
Information Technology,Programming Languages,Scheme Monitoring
Information Technology,Programming Languages,Scheme Architecture Design
Information Technology,Programming Languages,Scheme Upgrade & Patching
Information Technology,Programming Languages,Scheme Scripting
Information Technology,Programming Languages,Scheme Best Practices
Information Technology,Programming Languages,Racket
Information Technology,Programming Languages,Racket Administration
Information Technology,Programming Languages,Racket Development
Information Technology,Programming Languages,Racket Configuration
Information Technology,Programming Languages,Racket Troubleshooting
Information Technology,Programming Languages,Racket Integration
Information Technology,Programming Languages,Racket Deployment
Information Technology,Programming Languages,Racket Security Hardening
Information Technology,Programming Languages,Racket Performance Optimization
Information Technology,Programming Languages,Racket Migration
Information Technology,Programming Languages,Racket Automation
Information Technology,Programming Languages,Racket Support & Maintenance
Information Technology,Programming Languages,Racket Monitoring
Information Technology,Programming Languages,Racket Architecture Design
Information Technology,Programming Languages,Racket Upgrade & Patching
Information Technology,Programming Languages,Racket Scripting
Information Technology,Programming Languages,Racket Best Practices
Information Technology,Programming Languages,OCaml
Information Technology,Programming Languages,OCaml Administration
Information Technology,Programming Languages,OCaml Development
Information Technology,Programming Languages,OCaml Configuration
Information Technology,Programming Languages,OCaml Troubleshooting
Information Technology,Programming Languages,OCaml Integration
Information Technology,Programming Languages,OCaml Deployment
Information Technology,Programming Languages,OCaml Security Hardening
Information Technology,Programming Languages,OCaml Performance Optimization
Information Technology,Programming Languages,OCaml Migration
Information Technology,Programming Languages,OCaml Automation
Information Technology,Programming Languages,OCaml Support & Maintenance
Information Technology,Programming Languages,OCaml Monitoring
Information Technology,Programming Languages,OCaml Architecture Design
Information Technology,Programming Languages,OCaml Upgrade & Patching
Information Technology,Programming Languages,OCaml Scripting
Information Technology,Programming Languages,OCaml Best Practices
Information Technology,Programming Languages,Crystal
Information Technology,Programming Languages,Crystal Administration
Information Technology,Programming Languages,Crystal Development
Information Technology,Programming Languages,Crystal Configuration
Information Technology,Programming Languages,Crystal Troubleshooting
Information Technology,Programming Languages,Crystal Integration
Information Technology,Programming Languages,Crystal Deployment
Information Technology,Programming Languages,Crystal Security Hardening
Information Technology,Programming Languages,Crystal Performance Optimization
Information Technology,Programming Languages,Crystal Migration
Information Technology,Programming Languages,Crystal Automation
Information Technology,Programming Languages,Crystal Support & Maintenance
Information Technology,Programming Languages,Crystal Monitoring
Information Technology,Programming Languages,Crystal Architecture Design
Information Technology,Programming Languages,Crystal Upgrade & Patching
Information Technology,Programming Languages,Crystal Scripting
Information Technology,Programming Languages,Crystal Best Practices
Information Technology,Programming Languages,Nim
Information Technology,Programming Languages,Nim Administration
Information Technology,Programming Languages,Nim Development
Information Technology,Programming Languages,Nim Configuration
Information Technology,Programming Languages,Nim Troubleshooting
Information Technology,Programming Languages,Nim Integration
Information Technology,Programming Languages,Nim Deployment
Information Technology,Programming Languages,Nim Security Hardening
Information Technology,Programming Languages,Nim Performance Optimization
Information Technology,Programming Languages,Nim Migration
Information Technology,Programming Languages,Nim Automation
Information Technology,Programming Languages,Nim Support & Maintenance
Information Technology,Programming Languages,Nim Monitoring
Information Technology,Programming Languages,Nim Architecture Design
Information Technology,Programming Languages,Nim Upgrade & Patching
Information Technology,Programming Languages,Nim Scripting
Information Technology,Programming Languages,Nim Best Practices
Information Technology,Programming Languages,Zig
Information Technology,Programming Languages,Zig Administration
Information Technology,Programming Languages,Zig Development
Information Technology,Programming Languages,Zig Configuration
Information Technology,Programming Languages,Zig Troubleshooting
Information Technology,Programming Languages,Zig Integration
Information Technology,Programming Languages,Zig Deployment
Information Technology,Programming Languages,Zig Security Hardening
Information Technology,Programming Languages,Zig Performance Optimization
Information Technology,Programming Languages,Zig Migration
Information Technology,Programming Languages,Zig Automation
Information Technology,Programming Languages,Zig Support & Maintenance
Information Technology,Programming Languages,Zig Monitoring
Information Technology,Programming Languages,Zig Architecture Design
Information Technology,Programming Languages,Zig Upgrade & Patching
Information Technology,Programming Languages,Zig Scripting
Information Technology,Programming Languages,Zig Best Practices
Information Technology,Programming Languages,Solidity
Information Technology,Programming Languages,Solidity Administration
Information Technology,Programming Languages,Solidity Development
Information Technology,Programming Languages,Solidity Configuration
Information Technology,Programming Languages,Solidity Troubleshooting
Information Technology,Programming Languages,Solidity Integration
Information Technology,Programming Languages,Solidity Deployment
Information Technology,Programming Languages,Solidity Security Hardening
Information Technology,Programming Languages,Solidity Performance Optimization
Information Technology,Programming Languages,Solidity Migration
Information Technology,Programming Languages,Solidity Automation
Information Technology,Programming Languages,Solidity Support & Maintenance
Information Technology,Programming Languages,Solidity Monitoring
Information Technology,Programming Languages,Solidity Architecture Design
Information Technology,Programming Languages,Solidity Upgrade & Patching
Information Technology,Programming Languages,Solidity Scripting
Information Technology,Programming Languages,Solidity Best Practices
Information Technology,Programming Languages,SQL
Information Technology,Programming Languages,SQL Administration
Information Technology,Programming Languages,SQL Development
Information Technology,Programming Languages,SQL Configuration
Information Technology,Programming Languages,SQL Troubleshooting
Information Technology,Programming Languages,SQL Integration
Information Technology,Programming Languages,SQL Deployment
Information Technology,Programming Languages,SQL Security Hardening
Information Technology,Programming Languages,SQL Performance Optimization
Information Technology,Programming Languages,SQL Migration
Information Technology,Programming Languages,SQL Automation
Information Technology,Programming Languages,SQL Support & Maintenance
Information Technology,Programming Languages,SQL Monitoring
Information Technology,Programming Languages,SQL Architecture Design
Information Technology,Programming Languages,SQL Upgrade & Patching
Information Technology,Programming Languages,SQL Scripting
Information Technology,Programming Languages,SQL Best Practices
Information Technology,Programming Languages,PL/SQL
Information Technology,Programming Languages,PL/SQL Administration
Information Technology,Programming Languages,PL/SQL Development
Information Technology,Programming Languages,PL/SQL Configuration
Information Technology,Programming Languages,PL/SQL Troubleshooting
Information Technology,Programming Languages,PL/SQL Integration
Information Technology,Programming Languages,PL/SQL Deployment
Information Technology,Programming Languages,PL/SQL Security Hardening
Information Technology,Programming Languages,PL/SQL Performance Optimization
Information Technology,Programming Languages,PL/SQL Migration
Information Technology,Programming Languages,PL/SQL Automation
Information Technology,Programming Languages,PL/SQL Support & Maintenance
Information Technology,Programming Languages,PL/SQL Monitoring
Information Technology,Programming Languages,PL/SQL Architecture Design
Information Technology,Programming Languages,PL/SQL Upgrade & Patching
Information Technology,Programming Languages,PL/SQL Scripting
Information Technology,Programming Languages,PL/SQL Best Practices
Information Technology,Programming Languages,T-SQL
Information Technology,Programming Languages,T-SQL Administration
Information Technology,Programming Languages,T-SQL Development
Information Technology,Programming Languages,T-SQL Configuration
Information Technology,Programming Languages,T-SQL Troubleshooting
Information Technology,Programming Languages,T-SQL Integration
Information Technology,Programming Languages,T-SQL Deployment
Information Technology,Programming Languages,T-SQL Security Hardening
Information Technology,Programming Languages,T-SQL Performance Optimization
Information Technology,Programming Languages,T-SQL Migration
Information Technology,Programming Languages,T-SQL Automation
Information Technology,Programming Languages,T-SQL Support & Maintenance
Information Technology,Programming Languages,T-SQL Monitoring
Information Technology,Programming Languages,T-SQL Architecture Design
Information Technology,Programming Languages,T-SQL Upgrade & Patching
Information Technology,Programming Languages,T-SQL Scripting
Information Technology,Programming Languages,T-SQL Best Practices
Information Technology,Programming Languages,VBA
Information Technology,Programming Languages,VBA Administration
Information Technology,Programming Languages,VBA Development
Information Technology,Programming Languages,VBA Configuration
Information Technology,Programming Languages,VBA Troubleshooting
Information Technology,Programming Languages,VBA Integration
Information Technology,Programming Languages,VBA Deployment
Information Technology,Programming Languages,VBA Security Hardening
Information Technology,Programming Languages,VBA Performance Optimization
Information Technology,Programming Languages,VBA Migration
Information Technology,Programming Languages,VBA Automation
Information Technology,Programming Languages,VBA Support & Maintenance
Information Technology,Programming Languages,VBA Monitoring
Information Technology,Programming Languages,VBA Architecture Design
Information Technology,Programming Languages,VBA Upgrade & Patching
Information Technology,Programming Languages,VBA Scripting
Information Technology,Programming Languages,VBA Best Practices
Information Technology,Programming Languages,Delphi
Information Technology,Programming Languages,Delphi Administration
Information Technology,Programming Languages,Delphi Development
Information Technology,Programming Languages,Delphi Configuration
Information Technology,Programming Languages,Delphi Troubleshooting
Information Technology,Programming Languages,Delphi Integration
Information Technology,Programming Languages,Delphi Deployment
Information Technology,Programming Languages,Delphi Security Hardening
Information Technology,Programming Languages,Delphi Performance Optimization
Information Technology,Programming Languages,Delphi Migration
Information Technology,Programming Languages,Delphi Automation
Information Technology,Programming Languages,Delphi Support & Maintenance
Information Technology,Programming Languages,Delphi Monitoring
Information Technology,Programming Languages,Delphi Architecture Design
Information Technology,Programming Languages,Delphi Upgrade & Patching
Information Technology,Programming Languages,Delphi Scripting
Information Technology,Programming Languages,Delphi Best Practices
Information Technology,Programming Languages,ABAP
Information Technology,Programming Languages,ABAP Administration
Information Technology,Programming Languages,ABAP Development
Information Technology,Programming Languages,ABAP Configuration
Information Technology,Programming Languages,ABAP Troubleshooting
Information Technology,Programming Languages,ABAP Integration
Information Technology,Programming Languages,ABAP Deployment
Information Technology,Programming Languages,ABAP Security Hardening
Information Technology,Programming Languages,ABAP Performance Optimization
Information Technology,Programming Languages,ABAP Migration
Information Technology,Programming Languages,ABAP Automation
Information Technology,Programming Languages,ABAP Support & Maintenance
Information Technology,Programming Languages,ABAP Monitoring
Information Technology,Programming Languages,ABAP Architecture Design
Information Technology,Programming Languages,ABAP Upgrade & Patching
Information Technology,Programming Languages,ABAP Scripting
Information Technology,Programming Languages,ABAP Best Practices
Information Technology,Programming Languages,Apex
Information Technology,Programming Languages,Apex Administration
Information Technology,Programming Languages,Apex Development
Information Technology,Programming Languages,Apex Configuration
Information Technology,Programming Languages,Apex Troubleshooting
Information Technology,Programming Languages,Apex Integration
Information Technology,Programming Languages,Apex Deployment
Information Technology,Programming Languages,Apex Security Hardening
Information Technology,Programming Languages,Apex Performance Optimization
Information Technology,Programming Languages,Apex Migration
Information Technology,Programming Languages,Apex Automation
Information Technology,Programming Languages,Apex Support & Maintenance
Information Technology,Programming Languages,Apex Monitoring
Information Technology,Programming Languages,Apex Architecture Design
Information Technology,Programming Languages,Apex Upgrade & Patching
Information Technology,Programming Languages,Apex Scripting
Information Technology,Programming Languages,Apex Best Practices
Information Technology,Programming Languages,GDScript
Information Technology,Programming Languages,GDScript Administration
Information Technology,Programming Languages,GDScript Development
Information Technology,Programming Languages,GDScript Configuration
Information Technology,Programming Languages,GDScript Troubleshooting
Information Technology,Programming Languages,GDScript Integration
Information Technology,Programming Languages,GDScript Deployment
Information Technology,Programming Languages,GDScript Security Hardening
Information Technology,Programming Languages,GDScript Performance Optimization
Information Technology,Programming Languages,GDScript Migration
Information Technology,Programming Languages,GDScript Automation
Information Technology,Programming Languages,GDScript Support & Maintenance
Information Technology,Programming Languages,GDScript Monitoring
Information Technology,Programming Languages,GDScript Architecture Design
Information Technology,Programming Languages,GDScript Upgrade & Patching
Information Technology,Programming Languages,GDScript Scripting
Information Technology,Programming Languages,GDScript Best Practices
Information Technology,Programming Languages,Elm
Information Technology,Programming Languages,Elm Administration
Information Technology,Programming Languages,Elm Development
Information Technology,Programming Languages,Elm Configuration
Information Technology,Programming Languages,Elm Troubleshooting
Information Technology,Programming Languages,Elm Integration
Information Technology,Programming Languages,Elm Deployment
Information Technology,Programming Languages,Elm Security Hardening
Information Technology,Programming Languages,Elm Performance Optimization
Information Technology,Programming Languages,Elm Migration
Information Technology,Programming Languages,Elm Automation
Information Technology,Programming Languages,Elm Support & Maintenance
Information Technology,Programming Languages,Elm Monitoring
Information Technology,Programming Languages,Elm Architecture Design
Information Technology,Programming Languages,Elm Upgrade & Patching
Information Technology,Programming Languages,Elm Scripting
Information Technology,Programming Languages,Elm Best Practices
Information Technology,Programming Languages,PureScript
Information Technology,Programming Languages,PureScript Administration
Information Technology,Programming Languages,PureScript Development
Information Technology,Programming Languages,PureScript Configuration
Information Technology,Programming Languages,PureScript Troubleshooting
Information Technology,Programming Languages,PureScript Integration
Information Technology,Programming Languages,PureScript Deployment
Information Technology,Programming Languages,PureScript Security Hardening
Information Technology,Programming Languages,PureScript Performance Optimization
Information Technology,Programming Languages,PureScript Migration
Information Technology,Programming Languages,PureScript Automation
Information Technology,Programming Languages,PureScript Support & Maintenance
Information Technology,Programming Languages,PureScript Monitoring
Information Technology,Programming Languages,PureScript Architecture Design
Information Technology,Programming Languages,PureScript Upgrade & Patching
Information Technology,Programming Languages,PureScript Scripting
Information Technology,Programming Languages,PureScript Best Practices
Information Technology,Programming Languages,CoffeeScript
Information Technology,Programming Languages,CoffeeScript Administration
Information Technology,Programming Languages,CoffeeScript Development
Information Technology,Programming Languages,CoffeeScript Configuration
Information Technology,Programming Languages,CoffeeScript Troubleshooting
Information Technology,Programming Languages,CoffeeScript Integration
Information Technology,Programming Languages,CoffeeScript Deployment
Information Technology,Programming Languages,CoffeeScript Security Hardening
Information Technology,Programming Languages,CoffeeScript Performance Optimization
Information Technology,Programming Languages,CoffeeScript Migration
Information Technology,Programming Languages,CoffeeScript Automation
Information Technology,Programming Languages,CoffeeScript Support & Maintenance
Information Technology,Programming Languages,CoffeeScript Monitoring
Information Technology,Programming Languages,CoffeeScript Architecture Design
Information Technology,Programming Languages,CoffeeScript Upgrade & Patching
Information Technology,Programming Languages,CoffeeScript Scripting
Information Technology,Programming Languages,CoffeeScript Best Practices
Information Technology,Programming Languages,Tcl
Information Technology,Programming Languages,Tcl Administration
Information Technology,Programming Languages,Tcl Development
Information Technology,Programming Languages,Tcl Configuration
Information Technology,Programming Languages,Tcl Troubleshooting
Information Technology,Programming Languages,Tcl Integration
Information Technology,Programming Languages,Tcl Deployment
Information Technology,Programming Languages,Tcl Security Hardening
Information Technology,Programming Languages,Tcl Performance Optimization
Information Technology,Programming Languages,Tcl Migration
Information Technology,Programming Languages,Tcl Automation
Information Technology,Programming Languages,Tcl Support & Maintenance
Information Technology,Programming Languages,Tcl Monitoring
Information Technology,Programming Languages,Tcl Architecture Design
Information Technology,Programming Languages,Tcl Upgrade & Patching
Information Technology,Programming Languages,Tcl Scripting
Information Technology,Programming Languages,Tcl Best Practices
Information Technology,Programming Languages,Smalltalk
Information Technology,Programming Languages,Smalltalk Administration
Information Technology,Programming Languages,Smalltalk Development
Information Technology,Programming Languages,Smalltalk Configuration
Information Technology,Programming Languages,Smalltalk Troubleshooting
Information Technology,Programming Languages,Smalltalk Integration
Information Technology,Programming Languages,Smalltalk Deployment
Information Technology,Programming Languages,Smalltalk Security Hardening
Information Technology,Programming Languages,Smalltalk Performance Optimization
Information Technology,Programming Languages,Smalltalk Migration
Information Technology,Programming Languages,Smalltalk Automation
Information Technology,Programming Languages,Smalltalk Support & Maintenance
Information Technology,Programming Languages,Smalltalk Monitoring
Information Technology,Programming Languages,Smalltalk Architecture Design
Information Technology,Programming Languages,Smalltalk Upgrade & Patching
Information Technology,Programming Languages,Smalltalk Scripting
Information Technology,Programming Languages,Smalltalk Best Practices
Information Technology,Programming Languages,D Language
Information Technology,Programming Languages,D Language Administration
Information Technology,Programming Languages,D Language Development
Information Technology,Programming Languages,D Language Configuration
Information Technology,Programming Languages,D Language Troubleshooting
Information Technology,Programming Languages,D Language Integration
Information Technology,Programming Languages,D Language Deployment
Information Technology,Programming Languages,D Language Security Hardening
Information Technology,Programming Languages,D Language Performance Optimization
Information Technology,Programming Languages,D Language Migration
Information Technology,Programming Languages,D Language Automation
Information Technology,Programming Languages,D Language Support & Maintenance
Information Technology,Programming Languages,D Language Monitoring
Information Technology,Programming Languages,D Language Architecture Design
Information Technology,Programming Languages,D Language Upgrade & Patching
Information Technology,Programming Languages,D Language Scripting
Information Technology,Programming Languages,D Language Best Practices
Information Technology,Programming Languages,Verilog
Information Technology,Programming Languages,Verilog Administration
Information Technology,Programming Languages,Verilog Development
Information Technology,Programming Languages,Verilog Configuration
Information Technology,Programming Languages,Verilog Troubleshooting
Information Technology,Programming Languages,Verilog Integration
Information Technology,Programming Languages,Verilog Deployment
Information Technology,Programming Languages,Verilog Security Hardening
Information Technology,Programming Languages,Verilog Performance Optimization
Information Technology,Programming Languages,Verilog Migration
Information Technology,Programming Languages,Verilog Automation
Information Technology,Programming Languages,Verilog Support & Maintenance
Information Technology,Programming Languages,Verilog Monitoring
Information Technology,Programming Languages,Verilog Architecture Design
Information Technology,Programming Languages,Verilog Upgrade & Patching
Information Technology,Programming Languages,Verilog Scripting
Information Technology,Programming Languages,Verilog Best Practices
Information Technology,Programming Languages,VHDL
Information Technology,Programming Languages,VHDL Administration
Information Technology,Programming Languages,VHDL Development
Information Technology,Programming Languages,VHDL Configuration
Information Technology,Programming Languages,VHDL Troubleshooting
Information Technology,Programming Languages,VHDL Integration
Information Technology,Programming Languages,VHDL Deployment
Information Technology,Programming Languages,VHDL Security Hardening
Information Technology,Programming Languages,VHDL Performance Optimization
Information Technology,Programming Languages,VHDL Migration
Information Technology,Programming Languages,VHDL Automation
Information Technology,Programming Languages,VHDL Support & Maintenance
Information Technology,Programming Languages,VHDL Monitoring
Information Technology,Programming Languages,VHDL Architecture Design
Information Technology,Programming Languages,VHDL Upgrade & Patching
Information Technology,Programming Languages,VHDL Scripting
Information Technology,Programming Languages,VHDL Best Practices
Information Technology,Programming Languages,SAS Language
Information Technology,Programming Languages,SAS Language Administration
Information Technology,Programming Languages,SAS Language Development
Information Technology,Programming Languages,SAS Language Configuration
Information Technology,Programming Languages,SAS Language Troubleshooting
Information Technology,Programming Languages,SAS Language Integration
Information Technology,Programming Languages,SAS Language Deployment
Information Technology,Programming Languages,SAS Language Security Hardening
Information Technology,Programming Languages,SAS Language Performance Optimization
Information Technology,Programming Languages,SAS Language Migration
Information Technology,Programming Languages,SAS Language Automation
Information Technology,Programming Languages,SAS Language Support & Maintenance
Information Technology,Programming Languages,SAS Language Monitoring
Information Technology,Programming Languages,SAS Language Architecture Design
Information Technology,Programming Languages,SAS Language Upgrade & Patching
Information Technology,Programming Languages,SAS Language Scripting
Information Technology,Programming Languages,SAS Language Best Practices
Information Technology,Programming Languages,AWK
Information Technology,Programming Languages,AWK Administration
Information Technology,Programming Languages,AWK Development
Information Technology,Programming Languages,AWK Configuration
Information Technology,Programming Languages,AWK Troubleshooting
Information Technology,Programming Languages,AWK Integration
Information Technology,Programming Languages,AWK Deployment
Information Technology,Programming Languages,AWK Security Hardening
Information Technology,Programming Languages,AWK Performance Optimization
Information Technology,Programming Languages,AWK Migration
Information Technology,Programming Languages,AWK Automation
Information Technology,Programming Languages,AWK Support & Maintenance
Information Technology,Programming Languages,AWK Monitoring
Information Technology,Programming Languages,AWK Architecture Design
Information Technology,Programming Languages,AWK Upgrade & Patching
Information Technology,Programming Languages,AWK Scripting
Information Technology,Programming Languages,AWK Best Practices
Information Technology,Frontend Frameworks & Libraries,React
Information Technology,Frontend Frameworks & Libraries,React Administration
Information Technology,Frontend Frameworks & Libraries,React Development
Information Technology,Frontend Frameworks & Libraries,React Configuration
Information Technology,Frontend Frameworks & Libraries,React Troubleshooting
Information Technology,Frontend Frameworks & Libraries,React Integration
Information Technology,Frontend Frameworks & Libraries,React Deployment
Information Technology,Frontend Frameworks & Libraries,React Security Hardening
Information Technology,Frontend Frameworks & Libraries,React Performance Optimization
Information Technology,Frontend Frameworks & Libraries,React Migration
Information Technology,Frontend Frameworks & Libraries,React Automation
Information Technology,Frontend Frameworks & Libraries,React Support & Maintenance
Information Technology,Frontend Frameworks & Libraries,React Monitoring
Information Technology,Frontend Frameworks & Libraries,React Architecture Design
Information Technology,Frontend Frameworks & Libraries,React Upgrade & Patching
Information Technology,Frontend Frameworks & Libraries,React Scripting
Information Technology,Frontend Frameworks & Libraries,React Best Practices
Information Technology,Frontend Frameworks & Libraries,Angular
Information Technology,Frontend Frameworks & Libraries,Angular Administration
Information Technology,Frontend Frameworks & Libraries,Angular Development
Information Technology,Frontend Frameworks & Libraries,Angular Configuration
Information Technology,Frontend Frameworks & Libraries,Angular Troubleshooting
Information Technology,Frontend Frameworks & Libraries,Angular Integration
Information Technology,Frontend Frameworks & Libraries,Angular Deployment
Information Technology,Frontend Frameworks & Libraries,Angular Security Hardening
Information Technology,Frontend Frameworks & Libraries,Angular Performance Optimization
Information Technology,Frontend Frameworks & Libraries,Angular Migration
Information Technology,Frontend Frameworks & Libraries,Angular Automation
Information Technology,Frontend Frameworks & Libraries,Angular Support & Maintenance
Information Technology,Frontend Frameworks & Libraries,Angular Monitoring
Information Technology,Frontend Frameworks & Libraries,Angular Architecture Design
Information Technology,Frontend Frameworks & Libraries,Angular Upgrade & Patching
Information Technology,Frontend Frameworks & Libraries,Angular Scripting
Information Technology,Frontend Frameworks & Libraries,Angular Best Practices
Information Technology,Frontend Frameworks & Libraries,Vue.js
Information Technology,Frontend Frameworks & Libraries,Vue.js Administration
Information Technology,Frontend Frameworks & Libraries,Vue.js Development
Information Technology,Frontend Frameworks & Libraries,Vue.js Configuration
Information Technology,Frontend Frameworks & Libraries,Vue.js Troubleshooting
Information Technology,Frontend Frameworks & Libraries,Vue.js Integration
Information Technology,Frontend Frameworks & Libraries,Vue.js Deployment
Information Technology,Frontend Frameworks & Libraries,Vue.js Security Hardening
Information Technology,Frontend Frameworks & Libraries,Vue.js Performance Optimization
Information Technology,Frontend Frameworks & Libraries,Vue.js Migration
Information Technology,Frontend Frameworks & Libraries,Vue.js Automation
Information Technology,Frontend Frameworks & Libraries,Vue.js Support & Maintenance
Information Technology,Frontend Frameworks & Libraries,Vue.js Monitoring
Information Technology,Frontend Frameworks & Libraries,Vue.js Architecture Design
Information Technology,Frontend Frameworks & Libraries,Vue.js Upgrade & Patching
Information Technology,Frontend Frameworks & Libraries,Vue.js Scripting
Information Technology,Frontend Frameworks & Libraries,Vue.js Best Practices
Information Technology,Frontend Frameworks & Libraries,Svelte
Information Technology,Frontend Frameworks & Libraries,Svelte Administration
Information Technology,Frontend Frameworks & Libraries,Svelte Development
Information Technology,Frontend Frameworks & Libraries,Svelte Configuration
Information Technology,Frontend Frameworks & Libraries,Svelte Troubleshooting
Information Technology,Frontend Frameworks & Libraries,Svelte Integration
Information Technology,Frontend Frameworks & Libraries,Svelte Deployment
Information Technology,Frontend Frameworks & Libraries,Svelte Security Hardening
Information Technology,Frontend Frameworks & Libraries,Svelte Performance Optimization
Information Technology,Frontend Frameworks & Libraries,Svelte Migration
Information Technology,Frontend Frameworks & Libraries,Svelte Automation
Information Technology,Frontend Frameworks & Libraries,Svelte Support & Maintenance
Information Technology,Frontend Frameworks & Libraries,Svelte Monitoring
Information Technology,Frontend Frameworks & Libraries,Svelte Architecture Design
Information Technology,Frontend Frameworks & Libraries,Svelte Upgrade & Patching
Information Technology,Frontend Frameworks & Libraries,Svelte Scripting
Information Technology,Frontend Frameworks & Libraries,Svelte Best Practices
Information Technology,Frontend Frameworks & Libraries,jQuery
Information Technology,Frontend Frameworks & Libraries,jQuery Administration
Information Technology,Frontend Frameworks & Libraries,jQuery Development
Information Technology,Frontend Frameworks & Libraries,jQuery Configuration
Information Technology,Frontend Frameworks & Libraries,jQuery Troubleshooting
Information Technology,Frontend Frameworks & Libraries,jQuery Integration
Information Technology,Frontend Frameworks & Libraries,jQuery Deployment
Information Technology,Frontend Frameworks & Libraries,jQuery Security Hardening
Information Technology,Frontend Frameworks & Libraries,jQuery Performance Optimization
Information Technology,Frontend Frameworks & Libraries,jQuery Migration
Information Technology,Frontend Frameworks & Libraries,jQuery Automation
Information Technology,Frontend Frameworks & Libraries,jQuery Support & Maintenance
Information Technology,Frontend Frameworks & Libraries,jQuery Monitoring
Information Technology,Frontend Frameworks & Libraries,jQuery Architecture Design
Information Technology,Frontend Frameworks & Libraries,jQuery Upgrade & Patching
Information Technology,Frontend Frameworks & Libraries,jQuery Scripting
Information Technology,Frontend Frameworks & Libraries,jQuery Best Practices
Information Technology,Frontend Frameworks & Libraries,Next.js
Information Technology,Frontend Frameworks & Libraries,Next.js Administration
Information Technology,Frontend Frameworks & Libraries,Next.js Development
Information Technology,Frontend Frameworks & Libraries,Next.js Configuration
Information Technology,Frontend Frameworks & Libraries,Next.js Troubleshooting
Information Technology,Frontend Frameworks & Libraries,Next.js Integration
Information Technology,Frontend Frameworks & Libraries,Next.js Deployment
Information Technology,Frontend Frameworks & Libraries,Next.js Security Hardening
Information Technology,Frontend Frameworks & Libraries,Next.js Performance Optimization
Information Technology,Frontend Frameworks & Libraries,Next.js Migration
Information Technology,Frontend Frameworks & Libraries,Next.js Automation
Information Technology,Frontend Frameworks & Libraries,Next.js Support & Maintenance
Information Technology,Frontend Frameworks & Libraries,Next.js Monitoring
Information Technology,Frontend Frameworks & Libraries,Next.js Architecture Design
Information Technology,Frontend Frameworks & Libraries,Next.js Upgrade & Patching
Information Technology,Frontend Frameworks & Libraries,Next.js Scripting
Information Technology,Frontend Frameworks & Libraries,Next.js Best Practices
Information Technology,Frontend Frameworks & Libraries,Nuxt.js
Information Technology,Frontend Frameworks & Libraries,Nuxt.js Administration
Information Technology,Frontend Frameworks & Libraries,Nuxt.js Development
Information Technology,Frontend Frameworks & Libraries,Nuxt.js Configuration
Information Technology,Frontend Frameworks & Libraries,Nuxt.js Troubleshooting
Information Technology,Frontend Frameworks & Libraries,Nuxt.js Integration
Information Technology,Frontend Frameworks & Libraries,Nuxt.js Deployment
Information Technology,Frontend Frameworks & Libraries,Nuxt.js Security Hardening
Information Technology,Frontend Frameworks & Libraries,Nuxt.js Performance Optimization
Information Technology,Frontend Frameworks & Libraries,Nuxt.js Migration
Information Technology,Frontend Frameworks & Libraries,Nuxt.js Automation
Information Technology,Frontend Frameworks & Libraries,Nuxt.js Support & Maintenance
Information Technology,Frontend Frameworks & Libraries,Nuxt.js Monitoring
Information Technology,Frontend Frameworks & Libraries,Nuxt.js Architecture Design
Information Technology,Frontend Frameworks & Libraries,Nuxt.js Upgrade & Patching
Information Technology,Frontend Frameworks & Libraries,Nuxt.js Scripting
Information Technology,Frontend Frameworks & Libraries,Nuxt.js Best Practices
Information Technology,Frontend Frameworks & Libraries,Gatsby
Information Technology,Frontend Frameworks & Libraries,Gatsby Administration
Information Technology,Frontend Frameworks & Libraries,Gatsby Development
Information Technology,Frontend Frameworks & Libraries,Gatsby Configuration
Information Technology,Frontend Frameworks & Libraries,Gatsby Troubleshooting
Information Technology,Frontend Frameworks & Libraries,Gatsby Integration
Information Technology,Frontend Frameworks & Libraries,Gatsby Deployment
Information Technology,Frontend Frameworks & Libraries,Gatsby Security Hardening
Information Technology,Frontend Frameworks & Libraries,Gatsby Performance Optimization
Information Technology,Frontend Frameworks & Libraries,Gatsby Migration
Information Technology,Frontend Frameworks & Libraries,Gatsby Automation
Information Technology,Frontend Frameworks & Libraries,Gatsby Support & Maintenance
Information Technology,Frontend Frameworks & Libraries,Gatsby Monitoring
Information Technology,Frontend Frameworks & Libraries,Gatsby Architecture Design
Information Technology,Frontend Frameworks & Libraries,Gatsby Upgrade & Patching
Information Technology,Frontend Frameworks & Libraries,Gatsby Scripting
Information Technology,Frontend Frameworks & Libraries,Gatsby Best Practices
Information Technology,Frontend Frameworks & Libraries,Ember.js
Information Technology,Frontend Frameworks & Libraries,Ember.js Administration
Information Technology,Frontend Frameworks & Libraries,Ember.js Development
Information Technology,Frontend Frameworks & Libraries,Ember.js Configuration
Information Technology,Frontend Frameworks & Libraries,Ember.js Troubleshooting
Information Technology,Frontend Frameworks & Libraries,Ember.js Integration
Information Technology,Frontend Frameworks & Libraries,Ember.js Deployment
Information Technology,Frontend Frameworks & Libraries,Ember.js Security Hardening
Information Technology,Frontend Frameworks & Libraries,Ember.js Performance Optimization
Information Technology,Frontend Frameworks & Libraries,Ember.js Migration
Information Technology,Frontend Frameworks & Libraries,Ember.js Automation
Information Technology,Frontend Frameworks & Libraries,Ember.js Support & Maintenance
Information Technology,Frontend Frameworks & Libraries,Ember.js Monitoring
Information Technology,Frontend Frameworks & Libraries,Ember.js Architecture Design
Information Technology,Frontend Frameworks & Libraries,Ember.js Upgrade & Patching
Information Technology,Frontend Frameworks & Libraries,Ember.js Scripting
Information Technology,Frontend Frameworks & Libraries,Ember.js Best Practices
Information Technology,Frontend Frameworks & Libraries,Backbone.js
Information Technology,Frontend Frameworks & Libraries,Backbone.js Administration
Information Technology,Frontend Frameworks & Libraries,Backbone.js Development
Information Technology,Frontend Frameworks & Libraries,Backbone.js Configuration
Information Technology,Frontend Frameworks & Libraries,Backbone.js Troubleshooting
Information Technology,Frontend Frameworks & Libraries,Backbone.js Integration
Information Technology,Frontend Frameworks & Libraries,Backbone.js Deployment
Information Technology,Frontend Frameworks & Libraries,Backbone.js Security Hardening
Information Technology,Frontend Frameworks & Libraries,Backbone.js Performance Optimization
Information Technology,Frontend Frameworks & Libraries,Backbone.js Migration
Information Technology,Frontend Frameworks & Libraries,Backbone.js Automation
Information Technology,Frontend Frameworks & Libraries,Backbone.js Support & Maintenance
Information Technology,Frontend Frameworks & Libraries,Backbone.js Monitoring
Information Technology,Frontend Frameworks & Libraries,Backbone.js Architecture Design
Information Technology,Frontend Frameworks & Libraries,Backbone.js Upgrade & Patching
Information Technology,Frontend Frameworks & Libraries,Backbone.js Scripting
Information Technology,Frontend Frameworks & Libraries,Backbone.js Best Practices
Information Technology,Frontend Frameworks & Libraries,Redux
Information Technology,Frontend Frameworks & Libraries,Redux Administration
Information Technology,Frontend Frameworks & Libraries,Redux Development
Information Technology,Frontend Frameworks & Libraries,Redux Configuration
Information Technology,Frontend Frameworks & Libraries,Redux Troubleshooting
Information Technology,Frontend Frameworks & Libraries,Redux Integration
Information Technology,Frontend Frameworks & Libraries,Redux Deployment
Information Technology,Frontend Frameworks & Libraries,Redux Security Hardening
Information Technology,Frontend Frameworks & Libraries,Redux Performance Optimization
Information Technology,Frontend Frameworks & Libraries,Redux Migration
Information Technology,Frontend Frameworks & Libraries,Redux Automation
Information Technology,Frontend Frameworks & Libraries,Redux Support & Maintenance
Information Technology,Frontend Frameworks & Libraries,Redux Monitoring
Information Technology,Frontend Frameworks & Libraries,Redux Architecture Design
Information Technology,Frontend Frameworks & Libraries,Redux Upgrade & Patching
Information Technology,Frontend Frameworks & Libraries,Redux Scripting
Information Technology,Frontend Frameworks & Libraries,Redux Best Practices
Information Technology,Frontend Frameworks & Libraries,MobX
Information Technology,Frontend Frameworks & Libraries,MobX Administration
Information Technology,Frontend Frameworks & Libraries,MobX Development
Information Technology,Frontend Frameworks & Libraries,MobX Configuration
Information Technology,Frontend Frameworks & Libraries,MobX Troubleshooting
Information Technology,Frontend Frameworks & Libraries,MobX Integration
Information Technology,Frontend Frameworks & Libraries,MobX Deployment
Information Technology,Frontend Frameworks & Libraries,MobX Security Hardening
Information Technology,Frontend Frameworks & Libraries,MobX Performance Optimization
Information Technology,Frontend Frameworks & Libraries,MobX Migration
Information Technology,Frontend Frameworks & Libraries,MobX Automation
Information Technology,Frontend Frameworks & Libraries,MobX Support & Maintenance
Information Technology,Frontend Frameworks & Libraries,MobX Monitoring
Information Technology,Frontend Frameworks & Libraries,MobX Architecture Design
Information Technology,Frontend Frameworks & Libraries,MobX Upgrade & Patching
Information Technology,Frontend Frameworks & Libraries,MobX Scripting
Information Technology,Frontend Frameworks & Libraries,MobX Best Practices
Information Technology,Frontend Frameworks & Libraries,Bootstrap
Information Technology,Frontend Frameworks & Libraries,Bootstrap Administration
Information Technology,Frontend Frameworks & Libraries,Bootstrap Development
Information Technology,Frontend Frameworks & Libraries,Bootstrap Configuration
Information Technology,Frontend Frameworks & Libraries,Bootstrap Troubleshooting
Information Technology,Frontend Frameworks & Libraries,Bootstrap Integration
Information Technology,Frontend Frameworks & Libraries,Bootstrap Deployment
Information Technology,Frontend Frameworks & Libraries,Bootstrap Security Hardening
Information Technology,Frontend Frameworks & Libraries,Bootstrap Performance Optimization
Information Technology,Frontend Frameworks & Libraries,Bootstrap Migration
Information Technology,Frontend Frameworks & Libraries,Bootstrap Automation
Information Technology,Frontend Frameworks & Libraries,Bootstrap Support & Maintenance
Information Technology,Frontend Frameworks & Libraries,Bootstrap Monitoring
Information Technology,Frontend Frameworks & Libraries,Bootstrap Architecture Design
Information Technology,Frontend Frameworks & Libraries,Bootstrap Upgrade & Patching
Information Technology,Frontend Frameworks & Libraries,Bootstrap Scripting
Information Technology,Frontend Frameworks & Libraries,Bootstrap Best Practices
Information Technology,Frontend Frameworks & Libraries,Tailwind CSS
Information Technology,Frontend Frameworks & Libraries,Tailwind CSS Administration
Information Technology,Frontend Frameworks & Libraries,Tailwind CSS Development
Information Technology,Frontend Frameworks & Libraries,Tailwind CSS Configuration
Information Technology,Frontend Frameworks & Libraries,Tailwind CSS Troubleshooting
Information Technology,Frontend Frameworks & Libraries,Tailwind CSS Integration
Information Technology,Frontend Frameworks & Libraries,Tailwind CSS Deployment
Information Technology,Frontend Frameworks & Libraries,Tailwind CSS Security Hardening
Information Technology,Frontend Frameworks & Libraries,Tailwind CSS Performance Optimization
Information Technology,Frontend Frameworks & Libraries,Tailwind CSS Migration
Information Technology,Frontend Frameworks & Libraries,Tailwind CSS Automation
Information Technology,Frontend Frameworks & Libraries,Tailwind CSS Support & Maintenance
Information Technology,Frontend Frameworks & Libraries,Tailwind CSS Monitoring
Information Technology,Frontend Frameworks & Libraries,Tailwind CSS Architecture Design
Information Technology,Frontend Frameworks & Libraries,Tailwind CSS Upgrade & Patching
Information Technology,Frontend Frameworks & Libraries,Tailwind CSS Scripting
Information Technology,Frontend Frameworks & Libraries,Tailwind CSS Best Practices
Information Technology,Frontend Frameworks & Libraries,Material UI
Information Technology,Frontend Frameworks & Libraries,Material UI Administration
Information Technology,Frontend Frameworks & Libraries,Material UI Development
Information Technology,Frontend Frameworks & Libraries,Material UI Configuration
Information Technology,Frontend Frameworks & Libraries,Material UI Troubleshooting
Information Technology,Frontend Frameworks & Libraries,Material UI Integration
Information Technology,Frontend Frameworks & Libraries,Material UI Deployment
Information Technology,Frontend Frameworks & Libraries,Material UI Security Hardening
Information Technology,Frontend Frameworks & Libraries,Material UI Performance Optimization
Information Technology,Frontend Frameworks & Libraries,Material UI Migration
Information Technology,Frontend Frameworks & Libraries,Material UI Automation
Information Technology,Frontend Frameworks & Libraries,Material UI Support & Maintenance
Information Technology,Frontend Frameworks & Libraries,Material UI Monitoring
Information Technology,Frontend Frameworks & Libraries,Material UI Architecture Design
Information Technology,Frontend Frameworks & Libraries,Material UI Upgrade & Patching
Information Technology,Frontend Frameworks & Libraries,Material UI Scripting
Information Technology,Frontend Frameworks & Libraries,Material UI Best Practices
Information Technology,Frontend Frameworks & Libraries,Sass
Information Technology,Frontend Frameworks & Libraries,Sass Administration
Information Technology,Frontend Frameworks & Libraries,Sass Development
Information Technology,Frontend Frameworks & Libraries,Sass Configuration
Information Technology,Frontend Frameworks & Libraries,Sass Troubleshooting
Information Technology,Frontend Frameworks & Libraries,Sass Integration
Information Technology,Frontend Frameworks & Libraries,Sass Deployment
Information Technology,Frontend Frameworks & Libraries,Sass Security Hardening
Information Technology,Frontend Frameworks & Libraries,Sass Performance Optimization
Information Technology,Frontend Frameworks & Libraries,Sass Migration
Information Technology,Frontend Frameworks & Libraries,Sass Automation
Information Technology,Frontend Frameworks & Libraries,Sass Support & Maintenance
Information Technology,Frontend Frameworks & Libraries,Sass Monitoring
Information Technology,Frontend Frameworks & Libraries,Sass Architecture Design
Information Technology,Frontend Frameworks & Libraries,Sass Upgrade & Patching
Information Technology,Frontend Frameworks & Libraries,Sass Scripting
Information Technology,Frontend Frameworks & Libraries,Sass Best Practices
Information Technology,Frontend Frameworks & Libraries,LESS
Information Technology,Frontend Frameworks & Libraries,LESS Administration
Information Technology,Frontend Frameworks & Libraries,LESS Development
Information Technology,Frontend Frameworks & Libraries,LESS Configuration
Information Technology,Frontend Frameworks & Libraries,LESS Troubleshooting
Information Technology,Frontend Frameworks & Libraries,LESS Integration
Information Technology,Frontend Frameworks & Libraries,LESS Deployment
Information Technology,Frontend Frameworks & Libraries,LESS Security Hardening
Information Technology,Frontend Frameworks & Libraries,LESS Performance Optimization
Information Technology,Frontend Frameworks & Libraries,LESS Migration
Information Technology,Frontend Frameworks & Libraries,LESS Automation
Information Technology,Frontend Frameworks & Libraries,LESS Support & Maintenance
Information Technology,Frontend Frameworks & Libraries,LESS Monitoring
Information Technology,Frontend Frameworks & Libraries,LESS Architecture Design
Information Technology,Frontend Frameworks & Libraries,LESS Upgrade & Patching
Information Technology,Frontend Frameworks & Libraries,LESS Scripting
Information Technology,Frontend Frameworks & Libraries,LESS Best Practices
Information Technology,Frontend Frameworks & Libraries,Webpack
Information Technology,Frontend Frameworks & Libraries,Webpack Administration
Information Technology,Frontend Frameworks & Libraries,Webpack Development
Information Technology,Frontend Frameworks & Libraries,Webpack Configuration
Information Technology,Frontend Frameworks & Libraries,Webpack Troubleshooting
Information Technology,Frontend Frameworks & Libraries,Webpack Integration
Information Technology,Frontend Frameworks & Libraries,Webpack Deployment
Information Technology,Frontend Frameworks & Libraries,Webpack Security Hardening
Information Technology,Frontend Frameworks & Libraries,Webpack Performance Optimization
Information Technology,Frontend Frameworks & Libraries,Webpack Migration
Information Technology,Frontend Frameworks & Libraries,Webpack Automation
Information Technology,Frontend Frameworks & Libraries,Webpack Support & Maintenance
Information Technology,Frontend Frameworks & Libraries,Webpack Monitoring
Information Technology,Frontend Frameworks & Libraries,Webpack Architecture Design
Information Technology,Frontend Frameworks & Libraries,Webpack Upgrade & Patching
Information Technology,Frontend Frameworks & Libraries,Webpack Scripting
Information Technology,Frontend Frameworks & Libraries,Webpack Best Practices
Information Technology,Frontend Frameworks & Libraries,Vite
Information Technology,Frontend Frameworks & Libraries,Vite Administration
Information Technology,Frontend Frameworks & Libraries,Vite Development
Information Technology,Frontend Frameworks & Libraries,Vite Configuration
Information Technology,Frontend Frameworks & Libraries,Vite Troubleshooting
Information Technology,Frontend Frameworks & Libraries,Vite Integration
Information Technology,Frontend Frameworks & Libraries,Vite Deployment
Information Technology,Frontend Frameworks & Libraries,Vite Security Hardening
Information Technology,Frontend Frameworks & Libraries,Vite Performance Optimization
Information Technology,Frontend Frameworks & Libraries,Vite Migration
Information Technology,Frontend Frameworks & Libraries,Vite Automation
Information Technology,Frontend Frameworks & Libraries,Vite Support & Maintenance
Information Technology,Frontend Frameworks & Libraries,Vite Monitoring
Information Technology,Frontend Frameworks & Libraries,Vite Architecture Design
Information Technology,Frontend Frameworks & Libraries,Vite Upgrade & Patching
Information Technology,Frontend Frameworks & Libraries,Vite Scripting
Information Technology,Frontend Frameworks & Libraries,Vite Best Practices
Information Technology,Frontend Frameworks & Libraries,Babel
Information Technology,Frontend Frameworks & Libraries,Babel Administration
Information Technology,Frontend Frameworks & Libraries,Babel Development
Information Technology,Frontend Frameworks & Libraries,Babel Configuration
Information Technology,Frontend Frameworks & Libraries,Babel Troubleshooting
Information Technology,Frontend Frameworks & Libraries,Babel Integration
Information Technology,Frontend Frameworks & Libraries,Babel Deployment
Information Technology,Frontend Frameworks & Libraries,Babel Security Hardening
Information Technology,Frontend Frameworks & Libraries,Babel Performance Optimization
Information Technology,Frontend Frameworks & Libraries,Babel Migration
Information Technology,Frontend Frameworks & Libraries,Babel Automation
Information Technology,Frontend Frameworks & Libraries,Babel Support & Maintenance
Information Technology,Frontend Frameworks & Libraries,Babel Monitoring
Information Technology,Frontend Frameworks & Libraries,Babel Architecture Design
Information Technology,Frontend Frameworks & Libraries,Babel Upgrade & Patching
Information Technology,Frontend Frameworks & Libraries,Babel Scripting
Information Technology,Frontend Frameworks & Libraries,Babel Best Practices
Information Technology,Frontend Frameworks & Libraries,Three.js
Information Technology,Frontend Frameworks & Libraries,Three.js Administration
Information Technology,Frontend Frameworks & Libraries,Three.js Development
Information Technology,Frontend Frameworks & Libraries,Three.js Configuration
Information Technology,Frontend Frameworks & Libraries,Three.js Troubleshooting
Information Technology,Frontend Frameworks & Libraries,Three.js Integration
Information Technology,Frontend Frameworks & Libraries,Three.js Deployment
Information Technology,Frontend Frameworks & Libraries,Three.js Security Hardening
Information Technology,Frontend Frameworks & Libraries,Three.js Performance Optimization
Information Technology,Frontend Frameworks & Libraries,Three.js Migration
Information Technology,Frontend Frameworks & Libraries,Three.js Automation
Information Technology,Frontend Frameworks & Libraries,Three.js Support & Maintenance
Information Technology,Frontend Frameworks & Libraries,Three.js Monitoring
Information Technology,Frontend Frameworks & Libraries,Three.js Architecture Design
Information Technology,Frontend Frameworks & Libraries,Three.js Upgrade & Patching
Information Technology,Frontend Frameworks & Libraries,Three.js Scripting
Information Technology,Frontend Frameworks & Libraries,Three.js Best Practices
Information Technology,Frontend Frameworks & Libraries,D3.js
Information Technology,Frontend Frameworks & Libraries,D3.js Administration
Information Technology,Frontend Frameworks & Libraries,D3.js Development
Information Technology,Frontend Frameworks & Libraries,D3.js Configuration
Information Technology,Frontend Frameworks & Libraries,D3.js Troubleshooting
Information Technology,Frontend Frameworks & Libraries,D3.js Integration
Information Technology,Frontend Frameworks & Libraries,D3.js Deployment
Information Technology,Frontend Frameworks & Libraries,D3.js Security Hardening
Information Technology,Frontend Frameworks & Libraries,D3.js Performance Optimization
Information Technology,Frontend Frameworks & Libraries,D3.js Migration
Information Technology,Frontend Frameworks & Libraries,D3.js Automation
Information Technology,Frontend Frameworks & Libraries,D3.js Support & Maintenance
Information Technology,Frontend Frameworks & Libraries,D3.js Monitoring
Information Technology,Frontend Frameworks & Libraries,D3.js Architecture Design
Information Technology,Frontend Frameworks & Libraries,D3.js Upgrade & Patching
Information Technology,Frontend Frameworks & Libraries,D3.js Scripting
Information Technology,Frontend Frameworks & Libraries,D3.js Best Practices
Information Technology,Frontend Frameworks & Libraries,Chart.js
Information Technology,Frontend Frameworks & Libraries,Chart.js Administration
Information Technology,Frontend Frameworks & Libraries,Chart.js Development
Information Technology,Frontend Frameworks & Libraries,Chart.js Configuration
Information Technology,Frontend Frameworks & Libraries,Chart.js Troubleshooting
Information Technology,Frontend Frameworks & Libraries,Chart.js Integration
Information Technology,Frontend Frameworks & Libraries,Chart.js Deployment
Information Technology,Frontend Frameworks & Libraries,Chart.js Security Hardening
Information Technology,Frontend Frameworks & Libraries,Chart.js Performance Optimization
Information Technology,Frontend Frameworks & Libraries,Chart.js Migration
Information Technology,Frontend Frameworks & Libraries,Chart.js Automation
Information Technology,Frontend Frameworks & Libraries,Chart.js Support & Maintenance
Information Technology,Frontend Frameworks & Libraries,Chart.js Monitoring
Information Technology,Frontend Frameworks & Libraries,Chart.js Architecture Design
Information Technology,Frontend Frameworks & Libraries,Chart.js Upgrade & Patching
Information Technology,Frontend Frameworks & Libraries,Chart.js Scripting
Information Technology,Frontend Frameworks & Libraries,Chart.js Best Practices
Information Technology,Frontend Frameworks & Libraries,Alpine.js
Information Technology,Frontend Frameworks & Libraries,Alpine.js Administration
Information Technology,Frontend Frameworks & Libraries,Alpine.js Development
Information Technology,Frontend Frameworks & Libraries,Alpine.js Configuration
Information Technology,Frontend Frameworks & Libraries,Alpine.js Troubleshooting
Information Technology,Frontend Frameworks & Libraries,Alpine.js Integration
Information Technology,Frontend Frameworks & Libraries,Alpine.js Deployment
Information Technology,Frontend Frameworks & Libraries,Alpine.js Security Hardening
Information Technology,Frontend Frameworks & Libraries,Alpine.js Performance Optimization
Information Technology,Frontend Frameworks & Libraries,Alpine.js Migration
Information Technology,Frontend Frameworks & Libraries,Alpine.js Automation
Information Technology,Frontend Frameworks & Libraries,Alpine.js Support & Maintenance
Information Technology,Frontend Frameworks & Libraries,Alpine.js Monitoring
Information Technology,Frontend Frameworks & Libraries,Alpine.js Architecture Design
Information Technology,Frontend Frameworks & Libraries,Alpine.js Upgrade & Patching
Information Technology,Frontend Frameworks & Libraries,Alpine.js Scripting
Information Technology,Frontend Frameworks & Libraries,Alpine.js Best Practices
Information Technology,Frontend Frameworks & Libraries,Lit
Information Technology,Frontend Frameworks & Libraries,Lit Administration
Information Technology,Frontend Frameworks & Libraries,Lit Development
Information Technology,Frontend Frameworks & Libraries,Lit Configuration
Information Technology,Frontend Frameworks & Libraries,Lit Troubleshooting
Information Technology,Frontend Frameworks & Libraries,Lit Integration
Information Technology,Frontend Frameworks & Libraries,Lit Deployment
Information Technology,Frontend Frameworks & Libraries,Lit Security Hardening
Information Technology,Frontend Frameworks & Libraries,Lit Performance Optimization
Information Technology,Frontend Frameworks & Libraries,Lit Migration
Information Technology,Frontend Frameworks & Libraries,Lit Automation
Information Technology,Frontend Frameworks & Libraries,Lit Support & Maintenance
Information Technology,Frontend Frameworks & Libraries,Lit Monitoring
Information Technology,Frontend Frameworks & Libraries,Lit Architecture Design
Information Technology,Frontend Frameworks & Libraries,Lit Upgrade & Patching
Information Technology,Frontend Frameworks & Libraries,Lit Scripting
Information Technology,Frontend Frameworks & Libraries,Lit Best Practices
Information Technology,Frontend Frameworks & Libraries,Solid.js
Information Technology,Frontend Frameworks & Libraries,Solid.js Administration
Information Technology,Frontend Frameworks & Libraries,Solid.js Development
Information Technology,Frontend Frameworks & Libraries,Solid.js Configuration
Information Technology,Frontend Frameworks & Libraries,Solid.js Troubleshooting
Information Technology,Frontend Frameworks & Libraries,Solid.js Integration
Information Technology,Frontend Frameworks & Libraries,Solid.js Deployment
Information Technology,Frontend Frameworks & Libraries,Solid.js Security Hardening
Information Technology,Frontend Frameworks & Libraries,Solid.js Performance Optimization
Information Technology,Frontend Frameworks & Libraries,Solid.js Migration
Information Technology,Frontend Frameworks & Libraries,Solid.js Automation
Information Technology,Frontend Frameworks & Libraries,Solid.js Support & Maintenance
Information Technology,Frontend Frameworks & Libraries,Solid.js Monitoring
Information Technology,Frontend Frameworks & Libraries,Solid.js Architecture Design
Information Technology,Frontend Frameworks & Libraries,Solid.js Upgrade & Patching
Information Technology,Frontend Frameworks & Libraries,Solid.js Scripting
Information Technology,Frontend Frameworks & Libraries,Solid.js Best Practices
Information Technology,Frontend Frameworks & Libraries,Preact
Information Technology,Frontend Frameworks & Libraries,Preact Administration
Information Technology,Frontend Frameworks & Libraries,Preact Development
Information Technology,Frontend Frameworks & Libraries,Preact Configuration
Information Technology,Frontend Frameworks & Libraries,Preact Troubleshooting
Information Technology,Frontend Frameworks & Libraries,Preact Integration
Information Technology,Frontend Frameworks & Libraries,Preact Deployment
Information Technology,Frontend Frameworks & Libraries,Preact Security Hardening
Information Technology,Frontend Frameworks & Libraries,Preact Performance Optimization
Information Technology,Frontend Frameworks & Libraries,Preact Migration
Information Technology,Frontend Frameworks & Libraries,Preact Automation
Information Technology,Frontend Frameworks & Libraries,Preact Support & Maintenance
Information Technology,Frontend Frameworks & Libraries,Preact Monitoring
Information Technology,Frontend Frameworks & Libraries,Preact Architecture Design
Information Technology,Frontend Frameworks & Libraries,Preact Upgrade & Patching
Information Technology,Frontend Frameworks & Libraries,Preact Scripting
Information Technology,Frontend Frameworks & Libraries,Preact Best Practices
Information Technology,Frontend Frameworks & Libraries,jQuery UI
Information Technology,Frontend Frameworks & Libraries,jQuery UI Administration
Information Technology,Frontend Frameworks & Libraries,jQuery UI Development
Information Technology,Frontend Frameworks & Libraries,jQuery UI Configuration
Information Technology,Frontend Frameworks & Libraries,jQuery UI Troubleshooting
Information Technology,Frontend Frameworks & Libraries,jQuery UI Integration
Information Technology,Frontend Frameworks & Libraries,jQuery UI Deployment
Information Technology,Frontend Frameworks & Libraries,jQuery UI Security Hardening
Information Technology,Frontend Frameworks & Libraries,jQuery UI Performance Optimization
Information Technology,Frontend Frameworks & Libraries,jQuery UI Migration
Information Technology,Frontend Frameworks & Libraries,jQuery UI Automation
Information Technology,Frontend Frameworks & Libraries,jQuery UI Support & Maintenance
Information Technology,Frontend Frameworks & Libraries,jQuery UI Monitoring
Information Technology,Frontend Frameworks & Libraries,jQuery UI Architecture Design
Information Technology,Frontend Frameworks & Libraries,jQuery UI Upgrade & Patching
Information Technology,Frontend Frameworks & Libraries,jQuery UI Scripting
Information Technology,Frontend Frameworks & Libraries,jQuery UI Best Practices
Information Technology,Frontend Frameworks & Libraries,Foundation CSS
Information Technology,Frontend Frameworks & Libraries,Foundation CSS Administration
Information Technology,Frontend Frameworks & Libraries,Foundation CSS Development
Information Technology,Frontend Frameworks & Libraries,Foundation CSS Configuration
Information Technology,Frontend Frameworks & Libraries,Foundation CSS Troubleshooting
Information Technology,Frontend Frameworks & Libraries,Foundation CSS Integration
Information Technology,Frontend Frameworks & Libraries,Foundation CSS Deployment
Information Technology,Frontend Frameworks & Libraries,Foundation CSS Security Hardening
Information Technology,Frontend Frameworks & Libraries,Foundation CSS Performance Optimization
Information Technology,Frontend Frameworks & Libraries,Foundation CSS Migration
Information Technology,Frontend Frameworks & Libraries,Foundation CSS Automation
Information Technology,Frontend Frameworks & Libraries,Foundation CSS Support & Maintenance
Information Technology,Frontend Frameworks & Libraries,Foundation CSS Monitoring
Information Technology,Frontend Frameworks & Libraries,Foundation CSS Architecture Design
Information Technology,Frontend Frameworks & Libraries,Foundation CSS Upgrade & Patching
Information Technology,Frontend Frameworks & Libraries,Foundation CSS Scripting
Information Technology,Frontend Frameworks & Libraries,Foundation CSS Best Practices
Information Technology,Frontend Frameworks & Libraries,Bulma
Information Technology,Frontend Frameworks & Libraries,Bulma Administration
Information Technology,Frontend Frameworks & Libraries,Bulma Development
Information Technology,Frontend Frameworks & Libraries,Bulma Configuration
Information Technology,Frontend Frameworks & Libraries,Bulma Troubleshooting
Information Technology,Frontend Frameworks & Libraries,Bulma Integration
Information Technology,Frontend Frameworks & Libraries,Bulma Deployment
Information Technology,Frontend Frameworks & Libraries,Bulma Security Hardening
Information Technology,Frontend Frameworks & Libraries,Bulma Performance Optimization
Information Technology,Frontend Frameworks & Libraries,Bulma Migration
Information Technology,Frontend Frameworks & Libraries,Bulma Automation
Information Technology,Frontend Frameworks & Libraries,Bulma Support & Maintenance
Information Technology,Frontend Frameworks & Libraries,Bulma Monitoring
Information Technology,Frontend Frameworks & Libraries,Bulma Architecture Design
Information Technology,Frontend Frameworks & Libraries,Bulma Upgrade & Patching
Information Technology,Frontend Frameworks & Libraries,Bulma Scripting
Information Technology,Frontend Frameworks & Libraries,Bulma Best Practices
Information Technology,Frontend Frameworks & Libraries,Semantic UI
Information Technology,Frontend Frameworks & Libraries,Semantic UI Administration
Information Technology,Frontend Frameworks & Libraries,Semantic UI Development
Information Technology,Frontend Frameworks & Libraries,Semantic UI Configuration
Information Technology,Frontend Frameworks & Libraries,Semantic UI Troubleshooting
Information Technology,Frontend Frameworks & Libraries,Semantic UI Integration
Information Technology,Frontend Frameworks & Libraries,Semantic UI Deployment
Information Technology,Frontend Frameworks & Libraries,Semantic UI Security Hardening
Information Technology,Frontend Frameworks & Libraries,Semantic UI Performance Optimization
Information Technology,Frontend Frameworks & Libraries,Semantic UI Migration
Information Technology,Frontend Frameworks & Libraries,Semantic UI Automation
Information Technology,Frontend Frameworks & Libraries,Semantic UI Support & Maintenance
Information Technology,Frontend Frameworks & Libraries,Semantic UI Monitoring
Information Technology,Frontend Frameworks & Libraries,Semantic UI Architecture Design
Information Technology,Frontend Frameworks & Libraries,Semantic UI Upgrade & Patching
Information Technology,Frontend Frameworks & Libraries,Semantic UI Scripting
Information Technology,Frontend Frameworks & Libraries,Semantic UI Best Practices
Information Technology,Frontend Frameworks & Libraries,Polymer
Information Technology,Frontend Frameworks & Libraries,Polymer Administration
Information Technology,Frontend Frameworks & Libraries,Polymer Development
Information Technology,Frontend Frameworks & Libraries,Polymer Configuration
Information Technology,Frontend Frameworks & Libraries,Polymer Troubleshooting
Information Technology,Frontend Frameworks & Libraries,Polymer Integration
Information Technology,Frontend Frameworks & Libraries,Polymer Deployment
Information Technology,Frontend Frameworks & Libraries,Polymer Security Hardening
Information Technology,Frontend Frameworks & Libraries,Polymer Performance Optimization
Information Technology,Frontend Frameworks & Libraries,Polymer Migration
Information Technology,Frontend Frameworks & Libraries,Polymer Automation
Information Technology,Frontend Frameworks & Libraries,Polymer Support & Maintenance
Information Technology,Frontend Frameworks & Libraries,Polymer Monitoring
Information Technology,Frontend Frameworks & Libraries,Polymer Architecture Design
Information Technology,Frontend Frameworks & Libraries,Polymer Upgrade & Patching
Information Technology,Frontend Frameworks & Libraries,Polymer Scripting
Information Technology,Frontend Frameworks & Libraries,Polymer Best Practices
Information Technology,Frontend Frameworks & Libraries,Stimulus.js
Information Technology,Frontend Frameworks & Libraries,Stimulus.js Administration
Information Technology,Frontend Frameworks & Libraries,Stimulus.js Development
Information Technology,Frontend Frameworks & Libraries,Stimulus.js Configuration
Information Technology,Frontend Frameworks & Libraries,Stimulus.js Troubleshooting
Information Technology,Frontend Frameworks & Libraries,Stimulus.js Integration
Information Technology,Frontend Frameworks & Libraries,Stimulus.js Deployment
Information Technology,Frontend Frameworks & Libraries,Stimulus.js Security Hardening
Information Technology,Frontend Frameworks & Libraries,Stimulus.js Performance Optimization
Information Technology,Frontend Frameworks & Libraries,Stimulus.js Migration
Information Technology,Frontend Frameworks & Libraries,Stimulus.js Automation
Information Technology,Frontend Frameworks & Libraries,Stimulus.js Support & Maintenance
Information Technology,Frontend Frameworks & Libraries,Stimulus.js Monitoring
Information Technology,Frontend Frameworks & Libraries,Stimulus.js Architecture Design
Information Technology,Frontend Frameworks & Libraries,Stimulus.js Upgrade & Patching
Information Technology,Frontend Frameworks & Libraries,Stimulus.js Scripting
Information Technology,Frontend Frameworks & Libraries,Stimulus.js Best Practices
Information Technology,Frontend Frameworks & Libraries,Remix
Information Technology,Frontend Frameworks & Libraries,Remix Administration
Information Technology,Frontend Frameworks & Libraries,Remix Development
Information Technology,Frontend Frameworks & Libraries,Remix Configuration
Information Technology,Frontend Frameworks & Libraries,Remix Troubleshooting
Information Technology,Frontend Frameworks & Libraries,Remix Integration
Information Technology,Frontend Frameworks & Libraries,Remix Deployment
Information Technology,Frontend Frameworks & Libraries,Remix Security Hardening
Information Technology,Frontend Frameworks & Libraries,Remix Performance Optimization
Information Technology,Frontend Frameworks & Libraries,Remix Migration
Information Technology,Frontend Frameworks & Libraries,Remix Automation
Information Technology,Frontend Frameworks & Libraries,Remix Support & Maintenance
Information Technology,Frontend Frameworks & Libraries,Remix Monitoring
Information Technology,Frontend Frameworks & Libraries,Remix Architecture Design
Information Technology,Frontend Frameworks & Libraries,Remix Upgrade & Patching
Information Technology,Frontend Frameworks & Libraries,Remix Scripting
Information Technology,Frontend Frameworks & Libraries,Remix Best Practices
Information Technology,Frontend Frameworks & Libraries,Astro
Information Technology,Frontend Frameworks & Libraries,Astro Administration
Information Technology,Frontend Frameworks & Libraries,Astro Development
Information Technology,Frontend Frameworks & Libraries,Astro Configuration
Information Technology,Frontend Frameworks & Libraries,Astro Troubleshooting
Information Technology,Frontend Frameworks & Libraries,Astro Integration
Information Technology,Frontend Frameworks & Libraries,Astro Deployment
Information Technology,Frontend Frameworks & Libraries,Astro Security Hardening
Information Technology,Frontend Frameworks & Libraries,Astro Performance Optimization
Information Technology,Frontend Frameworks & Libraries,Astro Migration
Information Technology,Frontend Frameworks & Libraries,Astro Automation
Information Technology,Frontend Frameworks & Libraries,Astro Support & Maintenance
Information Technology,Frontend Frameworks & Libraries,Astro Monitoring
Information Technology,Frontend Frameworks & Libraries,Astro Architecture Design
Information Technology,Frontend Frameworks & Libraries,Astro Upgrade & Patching
Information Technology,Frontend Frameworks & Libraries,Astro Scripting
Information Technology,Frontend Frameworks & Libraries,Astro Best Practices
Information Technology,Frontend Frameworks & Libraries,Qwik
Information Technology,Frontend Frameworks & Libraries,Qwik Administration
Information Technology,Frontend Frameworks & Libraries,Qwik Development
Information Technology,Frontend Frameworks & Libraries,Qwik Configuration
Information Technology,Frontend Frameworks & Libraries,Qwik Troubleshooting
Information Technology,Frontend Frameworks & Libraries,Qwik Integration
Information Technology,Frontend Frameworks & Libraries,Qwik Deployment
Information Technology,Frontend Frameworks & Libraries,Qwik Security Hardening
Information Technology,Frontend Frameworks & Libraries,Qwik Performance Optimization
Information Technology,Frontend Frameworks & Libraries,Qwik Migration
Information Technology,Frontend Frameworks & Libraries,Qwik Automation
Information Technology,Frontend Frameworks & Libraries,Qwik Support & Maintenance
Information Technology,Frontend Frameworks & Libraries,Qwik Monitoring
Information Technology,Frontend Frameworks & Libraries,Qwik Architecture Design
Information Technology,Frontend Frameworks & Libraries,Qwik Upgrade & Patching
Information Technology,Frontend Frameworks & Libraries,Qwik Scripting
Information Technology,Frontend Frameworks & Libraries,Qwik Best Practices
Information Technology,Frontend Frameworks & Libraries,HTMX
Information Technology,Frontend Frameworks & Libraries,HTMX Administration
Information Technology,Frontend Frameworks & Libraries,HTMX Development
Information Technology,Frontend Frameworks & Libraries,HTMX Configuration
Information Technology,Frontend Frameworks & Libraries,HTMX Troubleshooting
Information Technology,Frontend Frameworks & Libraries,HTMX Integration
Information Technology,Frontend Frameworks & Libraries,HTMX Deployment
Information Technology,Frontend Frameworks & Libraries,HTMX Security Hardening
Information Technology,Frontend Frameworks & Libraries,HTMX Performance Optimization
Information Technology,Frontend Frameworks & Libraries,HTMX Migration
Information Technology,Frontend Frameworks & Libraries,HTMX Automation
Information Technology,Frontend Frameworks & Libraries,HTMX Support & Maintenance
Information Technology,Frontend Frameworks & Libraries,HTMX Monitoring
Information Technology,Frontend Frameworks & Libraries,HTMX Architecture Design
Information Technology,Frontend Frameworks & Libraries,HTMX Upgrade & Patching
Information Technology,Frontend Frameworks & Libraries,HTMX Scripting
Information Technology,Frontend Frameworks & Libraries,HTMX Best Practices
Information Technology,Frontend Frameworks & Libraries,Web Components
Information Technology,Frontend Frameworks & Libraries,Web Components Administration
Information Technology,Frontend Frameworks & Libraries,Web Components Development
Information Technology,Frontend Frameworks & Libraries,Web Components Configuration
Information Technology,Frontend Frameworks & Libraries,Web Components Troubleshooting
Information Technology,Frontend Frameworks & Libraries,Web Components Integration
Information Technology,Frontend Frameworks & Libraries,Web Components Deployment
Information Technology,Frontend Frameworks & Libraries,Web Components Security Hardening
Information Technology,Frontend Frameworks & Libraries,Web Components Performance Optimization
Information Technology,Frontend Frameworks & Libraries,Web Components Migration
Information Technology,Frontend Frameworks & Libraries,Web Components Automation
Information Technology,Frontend Frameworks & Libraries,Web Components Support & Maintenance
Information Technology,Frontend Frameworks & Libraries,Web Components Monitoring
Information Technology,Frontend Frameworks & Libraries,Web Components Architecture Design
Information Technology,Frontend Frameworks & Libraries,Web Components Upgrade & Patching
Information Technology,Frontend Frameworks & Libraries,Web Components Scripting
Information Technology,Frontend Frameworks & Libraries,Web Components Best Practices
Information Technology,Frontend Frameworks & Libraries,Storybook
Information Technology,Frontend Frameworks & Libraries,Storybook Administration
Information Technology,Frontend Frameworks & Libraries,Storybook Development
Information Technology,Frontend Frameworks & Libraries,Storybook Configuration
Information Technology,Frontend Frameworks & Libraries,Storybook Troubleshooting
Information Technology,Frontend Frameworks & Libraries,Storybook Integration
Information Technology,Frontend Frameworks & Libraries,Storybook Deployment
Information Technology,Frontend Frameworks & Libraries,Storybook Security Hardening
Information Technology,Frontend Frameworks & Libraries,Storybook Performance Optimization
Information Technology,Frontend Frameworks & Libraries,Storybook Migration
Information Technology,Frontend Frameworks & Libraries,Storybook Automation
Information Technology,Frontend Frameworks & Libraries,Storybook Support & Maintenance
Information Technology,Frontend Frameworks & Libraries,Storybook Monitoring
Information Technology,Frontend Frameworks & Libraries,Storybook Architecture Design
Information Technology,Frontend Frameworks & Libraries,Storybook Upgrade & Patching
Information Technology,Frontend Frameworks & Libraries,Storybook Scripting
Information Technology,Frontend Frameworks & Libraries,Storybook Best Practices
Information Technology,Frontend Frameworks & Libraries,ESLint
Information Technology,Frontend Frameworks & Libraries,ESLint Administration
Information Technology,Frontend Frameworks & Libraries,ESLint Development
Information Technology,Frontend Frameworks & Libraries,ESLint Configuration
Information Technology,Frontend Frameworks & Libraries,ESLint Troubleshooting
Information Technology,Frontend Frameworks & Libraries,ESLint Integration
Information Technology,Frontend Frameworks & Libraries,ESLint Deployment
Information Technology,Frontend Frameworks & Libraries,ESLint Security Hardening
Information Technology,Frontend Frameworks & Libraries,ESLint Performance Optimization
Information Technology,Frontend Frameworks & Libraries,ESLint Migration
Information Technology,Frontend Frameworks & Libraries,ESLint Automation
Information Technology,Frontend Frameworks & Libraries,ESLint Support & Maintenance
Information Technology,Frontend Frameworks & Libraries,ESLint Monitoring
Information Technology,Frontend Frameworks & Libraries,ESLint Architecture Design
Information Technology,Frontend Frameworks & Libraries,ESLint Upgrade & Patching
Information Technology,Frontend Frameworks & Libraries,ESLint Scripting
Information Technology,Frontend Frameworks & Libraries,ESLint Best Practices
Information Technology,Frontend Frameworks & Libraries,Prettier
Information Technology,Frontend Frameworks & Libraries,Prettier Administration
Information Technology,Frontend Frameworks & Libraries,Prettier Development
Information Technology,Frontend Frameworks & Libraries,Prettier Configuration
Information Technology,Frontend Frameworks & Libraries,Prettier Troubleshooting
Information Technology,Frontend Frameworks & Libraries,Prettier Integration
Information Technology,Frontend Frameworks & Libraries,Prettier Deployment
Information Technology,Frontend Frameworks & Libraries,Prettier Security Hardening
Information Technology,Frontend Frameworks & Libraries,Prettier Performance Optimization
Information Technology,Frontend Frameworks & Libraries,Prettier Migration
Information Technology,Frontend Frameworks & Libraries,Prettier Automation
Information Technology,Frontend Frameworks & Libraries,Prettier Support & Maintenance
Information Technology,Frontend Frameworks & Libraries,Prettier Monitoring
Information Technology,Frontend Frameworks & Libraries,Prettier Architecture Design
Information Technology,Frontend Frameworks & Libraries,Prettier Upgrade & Patching
Information Technology,Frontend Frameworks & Libraries,Prettier Scripting
Information Technology,Frontend Frameworks & Libraries,Prettier Best Practices
Information Technology,Frontend Frameworks & Libraries,Zustand
Information Technology,Frontend Frameworks & Libraries,Zustand Administration
Information Technology,Frontend Frameworks & Libraries,Zustand Development
Information Technology,Frontend Frameworks & Libraries,Zustand Configuration
Information Technology,Frontend Frameworks & Libraries,Zustand Troubleshooting
Information Technology,Frontend Frameworks & Libraries,Zustand Integration
Information Technology,Frontend Frameworks & Libraries,Zustand Deployment
Information Technology,Frontend Frameworks & Libraries,Zustand Security Hardening
Information Technology,Frontend Frameworks & Libraries,Zustand Performance Optimization
Information Technology,Frontend Frameworks & Libraries,Zustand Migration
Information Technology,Frontend Frameworks & Libraries,Zustand Automation
Information Technology,Frontend Frameworks & Libraries,Zustand Support & Maintenance
Information Technology,Frontend Frameworks & Libraries,Zustand Monitoring
Information Technology,Frontend Frameworks & Libraries,Zustand Architecture Design
Information Technology,Frontend Frameworks & Libraries,Zustand Upgrade & Patching
Information Technology,Frontend Frameworks & Libraries,Zustand Scripting
Information Technology,Frontend Frameworks & Libraries,Zustand Best Practices
Information Technology,Frontend Frameworks & Libraries,Recoil
Information Technology,Frontend Frameworks & Libraries,Recoil Administration
Information Technology,Frontend Frameworks & Libraries,Recoil Development
Information Technology,Frontend Frameworks & Libraries,Recoil Configuration
Information Technology,Frontend Frameworks & Libraries,Recoil Troubleshooting
Information Technology,Frontend Frameworks & Libraries,Recoil Integration
Information Technology,Frontend Frameworks & Libraries,Recoil Deployment
Information Technology,Frontend Frameworks & Libraries,Recoil Security Hardening
Information Technology,Frontend Frameworks & Libraries,Recoil Performance Optimization
Information Technology,Frontend Frameworks & Libraries,Recoil Migration
Information Technology,Frontend Frameworks & Libraries,Recoil Automation
Information Technology,Frontend Frameworks & Libraries,Recoil Support & Maintenance
Information Technology,Frontend Frameworks & Libraries,Recoil Monitoring
Information Technology,Frontend Frameworks & Libraries,Recoil Architecture Design
Information Technology,Frontend Frameworks & Libraries,Recoil Upgrade & Patching
Information Technology,Frontend Frameworks & Libraries,Recoil Scripting
Information Technology,Frontend Frameworks & Libraries,Recoil Best Practices
Information Technology,Frontend Frameworks & Libraries,Styled Components
Information Technology,Frontend Frameworks & Libraries,Styled Components Administration
Information Technology,Frontend Frameworks & Libraries,Styled Components Development
Information Technology,Frontend Frameworks & Libraries,Styled Components Configuration
Information Technology,Frontend Frameworks & Libraries,Styled Components Troubleshooting
Information Technology,Frontend Frameworks & Libraries,Styled Components Integration
Information Technology,Frontend Frameworks & Libraries,Styled Components Deployment
Information Technology,Frontend Frameworks & Libraries,Styled Components Security Hardening
Information Technology,Frontend Frameworks & Libraries,Styled Components Performance Optimization
Information Technology,Frontend Frameworks & Libraries,Styled Components Migration
Information Technology,Frontend Frameworks & Libraries,Styled Components Automation
Information Technology,Frontend Frameworks & Libraries,Styled Components Support & Maintenance
Information Technology,Frontend Frameworks & Libraries,Styled Components Monitoring
Information Technology,Frontend Frameworks & Libraries,Styled Components Architecture Design
Information Technology,Frontend Frameworks & Libraries,Styled Components Upgrade & Patching
Information Technology,Frontend Frameworks & Libraries,Styled Components Scripting
Information Technology,Frontend Frameworks & Libraries,Styled Components Best Practices
Information Technology,Frontend Frameworks & Libraries,Framer Motion
Information Technology,Frontend Frameworks & Libraries,Framer Motion Administration
Information Technology,Frontend Frameworks & Libraries,Framer Motion Development
Information Technology,Frontend Frameworks & Libraries,Framer Motion Configuration
Information Technology,Frontend Frameworks & Libraries,Framer Motion Troubleshooting
Information Technology,Frontend Frameworks & Libraries,Framer Motion Integration
Information Technology,Frontend Frameworks & Libraries,Framer Motion Deployment
Information Technology,Frontend Frameworks & Libraries,Framer Motion Security Hardening
Information Technology,Frontend Frameworks & Libraries,Framer Motion Performance Optimization
Information Technology,Frontend Frameworks & Libraries,Framer Motion Migration
Information Technology,Frontend Frameworks & Libraries,Framer Motion Automation
Information Technology,Frontend Frameworks & Libraries,Framer Motion Support & Maintenance
Information Technology,Frontend Frameworks & Libraries,Framer Motion Monitoring
Information Technology,Frontend Frameworks & Libraries,Framer Motion Architecture Design
Information Technology,Frontend Frameworks & Libraries,Framer Motion Upgrade & Patching
Information Technology,Frontend Frameworks & Libraries,Framer Motion Scripting
Information Technology,Frontend Frameworks & Libraries,Framer Motion Best Practices
Information Technology,Frontend Frameworks & Libraries,GSAP
Information Technology,Frontend Frameworks & Libraries,GSAP Administration
Information Technology,Frontend Frameworks & Libraries,GSAP Development
Information Technology,Frontend Frameworks & Libraries,GSAP Configuration
Information Technology,Frontend Frameworks & Libraries,GSAP Troubleshooting
Information Technology,Frontend Frameworks & Libraries,GSAP Integration
Information Technology,Frontend Frameworks & Libraries,GSAP Deployment
Information Technology,Frontend Frameworks & Libraries,GSAP Security Hardening
Information Technology,Frontend Frameworks & Libraries,GSAP Performance Optimization
Information Technology,Frontend Frameworks & Libraries,GSAP Migration
Information Technology,Frontend Frameworks & Libraries,GSAP Automation
Information Technology,Frontend Frameworks & Libraries,GSAP Support & Maintenance
Information Technology,Frontend Frameworks & Libraries,GSAP Monitoring
Information Technology,Frontend Frameworks & Libraries,GSAP Architecture Design
Information Technology,Frontend Frameworks & Libraries,GSAP Upgrade & Patching
Information Technology,Frontend Frameworks & Libraries,GSAP Scripting
Information Technology,Frontend Frameworks & Libraries,GSAP Best Practices
Information Technology,Frontend Frameworks & Libraries,Turbo
Information Technology,Frontend Frameworks & Libraries,Turbo Administration
Information Technology,Frontend Frameworks & Libraries,Turbo Development
Information Technology,Frontend Frameworks & Libraries,Turbo Configuration
Information Technology,Frontend Frameworks & Libraries,Turbo Troubleshooting
Information Technology,Frontend Frameworks & Libraries,Turbo Integration
Information Technology,Frontend Frameworks & Libraries,Turbo Deployment
Information Technology,Frontend Frameworks & Libraries,Turbo Security Hardening
Information Technology,Frontend Frameworks & Libraries,Turbo Performance Optimization
Information Technology,Frontend Frameworks & Libraries,Turbo Migration
Information Technology,Frontend Frameworks & Libraries,Turbo Automation
Information Technology,Frontend Frameworks & Libraries,Turbo Support & Maintenance
Information Technology,Frontend Frameworks & Libraries,Turbo Monitoring
Information Technology,Frontend Frameworks & Libraries,Turbo Architecture Design
Information Technology,Frontend Frameworks & Libraries,Turbo Upgrade & Patching
Information Technology,Frontend Frameworks & Libraries,Turbo Scripting
Information Technology,Frontend Frameworks & Libraries,Turbo Best Practices
Information Technology,Frontend Frameworks & Libraries,Hotwire
Information Technology,Frontend Frameworks & Libraries,Hotwire Administration
Information Technology,Frontend Frameworks & Libraries,Hotwire Development
Information Technology,Frontend Frameworks & Libraries,Hotwire Configuration
Information Technology,Frontend Frameworks & Libraries,Hotwire Troubleshooting
Information Technology,Frontend Frameworks & Libraries,Hotwire Integration
Information Technology,Frontend Frameworks & Libraries,Hotwire Deployment
Information Technology,Frontend Frameworks & Libraries,Hotwire Security Hardening
Information Technology,Frontend Frameworks & Libraries,Hotwire Performance Optimization
Information Technology,Frontend Frameworks & Libraries,Hotwire Migration
Information Technology,Frontend Frameworks & Libraries,Hotwire Automation
Information Technology,Frontend Frameworks & Libraries,Hotwire Support & Maintenance
Information Technology,Frontend Frameworks & Libraries,Hotwire Monitoring
Information Technology,Frontend Frameworks & Libraries,Hotwire Architecture Design
Information Technology,Frontend Frameworks & Libraries,Hotwire Upgrade & Patching
Information Technology,Frontend Frameworks & Libraries,Hotwire Scripting
Information Technology,Frontend Frameworks & Libraries,Hotwire Best Practices
Information Technology,Frontend Frameworks & Libraries,Rollup
Information Technology,Frontend Frameworks & Libraries,Rollup Administration
Information Technology,Frontend Frameworks & Libraries,Rollup Development
Information Technology,Frontend Frameworks & Libraries,Rollup Configuration
Information Technology,Frontend Frameworks & Libraries,Rollup Troubleshooting
Information Technology,Frontend Frameworks & Libraries,Rollup Integration
Information Technology,Frontend Frameworks & Libraries,Rollup Deployment
Information Technology,Frontend Frameworks & Libraries,Rollup Security Hardening
Information Technology,Frontend Frameworks & Libraries,Rollup Performance Optimization
Information Technology,Frontend Frameworks & Libraries,Rollup Migration
Information Technology,Frontend Frameworks & Libraries,Rollup Automation
Information Technology,Frontend Frameworks & Libraries,Rollup Support & Maintenance
Information Technology,Frontend Frameworks & Libraries,Rollup Monitoring
Information Technology,Frontend Frameworks & Libraries,Rollup Architecture Design
Information Technology,Frontend Frameworks & Libraries,Rollup Upgrade & Patching
Information Technology,Frontend Frameworks & Libraries,Rollup Scripting
Information Technology,Frontend Frameworks & Libraries,Rollup Best Practices
Information Technology,Frontend Frameworks & Libraries,Parcel Bundler
Information Technology,Frontend Frameworks & Libraries,Parcel Bundler Administration
Information Technology,Frontend Frameworks & Libraries,Parcel Bundler Development
Information Technology,Frontend Frameworks & Libraries,Parcel Bundler Configuration
Information Technology,Frontend Frameworks & Libraries,Parcel Bundler Troubleshooting
Information Technology,Frontend Frameworks & Libraries,Parcel Bundler Integration
Information Technology,Frontend Frameworks & Libraries,Parcel Bundler Deployment
Information Technology,Frontend Frameworks & Libraries,Parcel Bundler Security Hardening
Information Technology,Frontend Frameworks & Libraries,Parcel Bundler Performance Optimization
Information Technology,Frontend Frameworks & Libraries,Parcel Bundler Migration
Information Technology,Frontend Frameworks & Libraries,Parcel Bundler Automation
Information Technology,Frontend Frameworks & Libraries,Parcel Bundler Support & Maintenance
Information Technology,Frontend Frameworks & Libraries,Parcel Bundler Monitoring
Information Technology,Frontend Frameworks & Libraries,Parcel Bundler Architecture Design
Information Technology,Frontend Frameworks & Libraries,Parcel Bundler Upgrade & Patching
Information Technology,Frontend Frameworks & Libraries,Parcel Bundler Scripting
Information Technology,Frontend Frameworks & Libraries,Parcel Bundler Best Practices
Information Technology,Backend Frameworks,Node.js
Information Technology,Backend Frameworks,Node.js Administration
Information Technology,Backend Frameworks,Node.js Development
Information Technology,Backend Frameworks,Node.js Configuration
Information Technology,Backend Frameworks,Node.js Troubleshooting
Information Technology,Backend Frameworks,Node.js Integration
Information Technology,Backend Frameworks,Node.js Deployment
Information Technology,Backend Frameworks,Node.js Security Hardening
Information Technology,Backend Frameworks,Node.js Performance Optimization
Information Technology,Backend Frameworks,Node.js Migration
Information Technology,Backend Frameworks,Node.js Automation
Information Technology,Backend Frameworks,Node.js Support & Maintenance
Information Technology,Backend Frameworks,Node.js Monitoring
Information Technology,Backend Frameworks,Node.js Architecture Design
Information Technology,Backend Frameworks,Node.js Upgrade & Patching
Information Technology,Backend Frameworks,Node.js Scripting
Information Technology,Backend Frameworks,Node.js Best Practices
Information Technology,Backend Frameworks,Express.js
Information Technology,Backend Frameworks,Express.js Administration
Information Technology,Backend Frameworks,Express.js Development
Information Technology,Backend Frameworks,Express.js Configuration
Information Technology,Backend Frameworks,Express.js Troubleshooting
Information Technology,Backend Frameworks,Express.js Integration
Information Technology,Backend Frameworks,Express.js Deployment
Information Technology,Backend Frameworks,Express.js Security Hardening
Information Technology,Backend Frameworks,Express.js Performance Optimization
Information Technology,Backend Frameworks,Express.js Migration
Information Technology,Backend Frameworks,Express.js Automation
Information Technology,Backend Frameworks,Express.js Support & Maintenance
Information Technology,Backend Frameworks,Express.js Monitoring
Information Technology,Backend Frameworks,Express.js Architecture Design
Information Technology,Backend Frameworks,Express.js Upgrade & Patching
Information Technology,Backend Frameworks,Express.js Scripting
Information Technology,Backend Frameworks,Express.js Best Practices
Information Technology,Backend Frameworks,Django
Information Technology,Backend Frameworks,Django Administration
Information Technology,Backend Frameworks,Django Development
Information Technology,Backend Frameworks,Django Configuration
Information Technology,Backend Frameworks,Django Troubleshooting
Information Technology,Backend Frameworks,Django Integration
Information Technology,Backend Frameworks,Django Deployment
Information Technology,Backend Frameworks,Django Security Hardening
Information Technology,Backend Frameworks,Django Performance Optimization
Information Technology,Backend Frameworks,Django Migration
Information Technology,Backend Frameworks,Django Automation
Information Technology,Backend Frameworks,Django Support & Maintenance
Information Technology,Backend Frameworks,Django Monitoring
Information Technology,Backend Frameworks,Django Architecture Design
Information Technology,Backend Frameworks,Django Upgrade & Patching
Information Technology,Backend Frameworks,Django Scripting
Information Technology,Backend Frameworks,Django Best Practices
Information Technology,Backend Frameworks,Flask
Information Technology,Backend Frameworks,Flask Administration
Information Technology,Backend Frameworks,Flask Development
Information Technology,Backend Frameworks,Flask Configuration
Information Technology,Backend Frameworks,Flask Troubleshooting
Information Technology,Backend Frameworks,Flask Integration
Information Technology,Backend Frameworks,Flask Deployment
Information Technology,Backend Frameworks,Flask Security Hardening
Information Technology,Backend Frameworks,Flask Performance Optimization
Information Technology,Backend Frameworks,Flask Migration
Information Technology,Backend Frameworks,Flask Automation
Information Technology,Backend Frameworks,Flask Support & Maintenance
Information Technology,Backend Frameworks,Flask Monitoring
Information Technology,Backend Frameworks,Flask Architecture Design
Information Technology,Backend Frameworks,Flask Upgrade & Patching
Information Technology,Backend Frameworks,Flask Scripting
Information Technology,Backend Frameworks,Flask Best Practices
Information Technology,Backend Frameworks,FastAPI
Information Technology,Backend Frameworks,FastAPI Administration
Information Technology,Backend Frameworks,FastAPI Development
Information Technology,Backend Frameworks,FastAPI Configuration
Information Technology,Backend Frameworks,FastAPI Troubleshooting
Information Technology,Backend Frameworks,FastAPI Integration
Information Technology,Backend Frameworks,FastAPI Deployment
Information Technology,Backend Frameworks,FastAPI Security Hardening
Information Technology,Backend Frameworks,FastAPI Performance Optimization
Information Technology,Backend Frameworks,FastAPI Migration
Information Technology,Backend Frameworks,FastAPI Automation
Information Technology,Backend Frameworks,FastAPI Support & Maintenance
Information Technology,Backend Frameworks,FastAPI Monitoring
Information Technology,Backend Frameworks,FastAPI Architecture Design
Information Technology,Backend Frameworks,FastAPI Upgrade & Patching
Information Technology,Backend Frameworks,FastAPI Scripting
Information Technology,Backend Frameworks,FastAPI Best Practices
Information Technology,Backend Frameworks,Spring Boot
Information Technology,Backend Frameworks,Spring Boot Administration
Information Technology,Backend Frameworks,Spring Boot Development
Information Technology,Backend Frameworks,Spring Boot Configuration
Information Technology,Backend Frameworks,Spring Boot Troubleshooting
Information Technology,Backend Frameworks,Spring Boot Integration
Information Technology,Backend Frameworks,Spring Boot Deployment
Information Technology,Backend Frameworks,Spring Boot Security Hardening
Information Technology,Backend Frameworks,Spring Boot Performance Optimization
Information Technology,Backend Frameworks,Spring Boot Migration
Information Technology,Backend Frameworks,Spring Boot Automation
Information Technology,Backend Frameworks,Spring Boot Support & Maintenance
Information Technology,Backend Frameworks,Spring Boot Monitoring
Information Technology,Backend Frameworks,Spring Boot Architecture Design
Information Technology,Backend Frameworks,Spring Boot Upgrade & Patching
Information Technology,Backend Frameworks,Spring Boot Scripting
Information Technology,Backend Frameworks,Spring Boot Best Practices
Information Technology,Backend Frameworks,Spring Framework
Information Technology,Backend Frameworks,Spring Framework Administration
Information Technology,Backend Frameworks,Spring Framework Development
Information Technology,Backend Frameworks,Spring Framework Configuration
Information Technology,Backend Frameworks,Spring Framework Troubleshooting
Information Technology,Backend Frameworks,Spring Framework Integration
Information Technology,Backend Frameworks,Spring Framework Deployment
Information Technology,Backend Frameworks,Spring Framework Security Hardening
Information Technology,Backend Frameworks,Spring Framework Performance Optimization
Information Technology,Backend Frameworks,Spring Framework Migration
Information Technology,Backend Frameworks,Spring Framework Automation
Information Technology,Backend Frameworks,Spring Framework Support & Maintenance
Information Technology,Backend Frameworks,Spring Framework Monitoring
Information Technology,Backend Frameworks,Spring Framework Architecture Design
Information Technology,Backend Frameworks,Spring Framework Upgrade & Patching
Information Technology,Backend Frameworks,Spring Framework Scripting
Information Technology,Backend Frameworks,Spring Framework Best Practices
Information Technology,Backend Frameworks,ASP.NET
Information Technology,Backend Frameworks,ASP.NET Administration
Information Technology,Backend Frameworks,ASP.NET Development
Information Technology,Backend Frameworks,ASP.NET Configuration
Information Technology,Backend Frameworks,ASP.NET Troubleshooting
Information Technology,Backend Frameworks,ASP.NET Integration
Information Technology,Backend Frameworks,ASP.NET Deployment
Information Technology,Backend Frameworks,ASP.NET Security Hardening
Information Technology,Backend Frameworks,ASP.NET Performance Optimization
Information Technology,Backend Frameworks,ASP.NET Migration
Information Technology,Backend Frameworks,ASP.NET Automation
Information Technology,Backend Frameworks,ASP.NET Support & Maintenance
Information Technology,Backend Frameworks,ASP.NET Monitoring
Information Technology,Backend Frameworks,ASP.NET Architecture Design
Information Technology,Backend Frameworks,ASP.NET Upgrade & Patching
Information Technology,Backend Frameworks,ASP.NET Scripting
Information Technology,Backend Frameworks,ASP.NET Best Practices
Information Technology,Backend Frameworks,ASP.NET Core
Information Technology,Backend Frameworks,ASP.NET Core Administration
Information Technology,Backend Frameworks,ASP.NET Core Development
Information Technology,Backend Frameworks,ASP.NET Core Configuration
Information Technology,Backend Frameworks,ASP.NET Core Troubleshooting
Information Technology,Backend Frameworks,ASP.NET Core Integration
Information Technology,Backend Frameworks,ASP.NET Core Deployment
Information Technology,Backend Frameworks,ASP.NET Core Security Hardening
Information Technology,Backend Frameworks,ASP.NET Core Performance Optimization
Information Technology,Backend Frameworks,ASP.NET Core Migration
Information Technology,Backend Frameworks,ASP.NET Core Automation
Information Technology,Backend Frameworks,ASP.NET Core Support & Maintenance
Information Technology,Backend Frameworks,ASP.NET Core Monitoring
Information Technology,Backend Frameworks,ASP.NET Core Architecture Design
Information Technology,Backend Frameworks,ASP.NET Core Upgrade & Patching
Information Technology,Backend Frameworks,ASP.NET Core Scripting
Information Technology,Backend Frameworks,ASP.NET Core Best Practices
Information Technology,Backend Frameworks,Ruby on Rails
Information Technology,Backend Frameworks,Ruby on Rails Administration
Information Technology,Backend Frameworks,Ruby on Rails Development
Information Technology,Backend Frameworks,Ruby on Rails Configuration
Information Technology,Backend Frameworks,Ruby on Rails Troubleshooting
Information Technology,Backend Frameworks,Ruby on Rails Integration
Information Technology,Backend Frameworks,Ruby on Rails Deployment
Information Technology,Backend Frameworks,Ruby on Rails Security Hardening
Information Technology,Backend Frameworks,Ruby on Rails Performance Optimization
Information Technology,Backend Frameworks,Ruby on Rails Migration
Information Technology,Backend Frameworks,Ruby on Rails Automation
Information Technology,Backend Frameworks,Ruby on Rails Support & Maintenance
Information Technology,Backend Frameworks,Ruby on Rails Monitoring
Information Technology,Backend Frameworks,Ruby on Rails Architecture Design
Information Technology,Backend Frameworks,Ruby on Rails Upgrade & Patching
Information Technology,Backend Frameworks,Ruby on Rails Scripting
Information Technology,Backend Frameworks,Ruby on Rails Best Practices
Information Technology,Backend Frameworks,Laravel
Information Technology,Backend Frameworks,Laravel Administration
Information Technology,Backend Frameworks,Laravel Development
Information Technology,Backend Frameworks,Laravel Configuration
Information Technology,Backend Frameworks,Laravel Troubleshooting
Information Technology,Backend Frameworks,Laravel Integration
Information Technology,Backend Frameworks,Laravel Deployment
Information Technology,Backend Frameworks,Laravel Security Hardening
Information Technology,Backend Frameworks,Laravel Performance Optimization
Information Technology,Backend Frameworks,Laravel Migration
Information Technology,Backend Frameworks,Laravel Automation
Information Technology,Backend Frameworks,Laravel Support & Maintenance
Information Technology,Backend Frameworks,Laravel Monitoring
Information Technology,Backend Frameworks,Laravel Architecture Design
Information Technology,Backend Frameworks,Laravel Upgrade & Patching
Information Technology,Backend Frameworks,Laravel Scripting
Information Technology,Backend Frameworks,Laravel Best Practices
Information Technology,Backend Frameworks,Symfony
Information Technology,Backend Frameworks,Symfony Administration
Information Technology,Backend Frameworks,Symfony Development
Information Technology,Backend Frameworks,Symfony Configuration
Information Technology,Backend Frameworks,Symfony Troubleshooting
Information Technology,Backend Frameworks,Symfony Integration
Information Technology,Backend Frameworks,Symfony Deployment
Information Technology,Backend Frameworks,Symfony Security Hardening
Information Technology,Backend Frameworks,Symfony Performance Optimization
Information Technology,Backend Frameworks,Symfony Migration
Information Technology,Backend Frameworks,Symfony Automation
Information Technology,Backend Frameworks,Symfony Support & Maintenance
Information Technology,Backend Frameworks,Symfony Monitoring
Information Technology,Backend Frameworks,Symfony Architecture Design
Information Technology,Backend Frameworks,Symfony Upgrade & Patching
Information Technology,Backend Frameworks,Symfony Scripting
Information Technology,Backend Frameworks,Symfony Best Practices
Information Technology,Backend Frameworks,CodeIgniter
Information Technology,Backend Frameworks,CodeIgniter Administration
Information Technology,Backend Frameworks,CodeIgniter Development
Information Technology,Backend Frameworks,CodeIgniter Configuration
Information Technology,Backend Frameworks,CodeIgniter Troubleshooting
Information Technology,Backend Frameworks,CodeIgniter Integration
Information Technology,Backend Frameworks,CodeIgniter Deployment
Information Technology,Backend Frameworks,CodeIgniter Security Hardening
Information Technology,Backend Frameworks,CodeIgniter Performance Optimization
Information Technology,Backend Frameworks,CodeIgniter Migration
Information Technology,Backend Frameworks,CodeIgniter Automation
Information Technology,Backend Frameworks,CodeIgniter Support & Maintenance
Information Technology,Backend Frameworks,CodeIgniter Monitoring
Information Technology,Backend Frameworks,CodeIgniter Architecture Design
Information Technology,Backend Frameworks,CodeIgniter Upgrade & Patching
Information Technology,Backend Frameworks,CodeIgniter Scripting
Information Technology,Backend Frameworks,CodeIgniter Best Practices
Information Technology,Backend Frameworks,NestJS
Information Technology,Backend Frameworks,NestJS Administration
Information Technology,Backend Frameworks,NestJS Development
Information Technology,Backend Frameworks,NestJS Configuration
Information Technology,Backend Frameworks,NestJS Troubleshooting
Information Technology,Backend Frameworks,NestJS Integration
Information Technology,Backend Frameworks,NestJS Deployment
Information Technology,Backend Frameworks,NestJS Security Hardening
Information Technology,Backend Frameworks,NestJS Performance Optimization
Information Technology,Backend Frameworks,NestJS Migration
Information Technology,Backend Frameworks,NestJS Automation
Information Technology,Backend Frameworks,NestJS Support & Maintenance
Information Technology,Backend Frameworks,NestJS Monitoring
Information Technology,Backend Frameworks,NestJS Architecture Design
Information Technology,Backend Frameworks,NestJS Upgrade & Patching
Information Technology,Backend Frameworks,NestJS Scripting
Information Technology,Backend Frameworks,NestJS Best Practices
Information Technology,Backend Frameworks,Koa.js
Information Technology,Backend Frameworks,Koa.js Administration
Information Technology,Backend Frameworks,Koa.js Development
Information Technology,Backend Frameworks,Koa.js Configuration
Information Technology,Backend Frameworks,Koa.js Troubleshooting
Information Technology,Backend Frameworks,Koa.js Integration
Information Technology,Backend Frameworks,Koa.js Deployment
Information Technology,Backend Frameworks,Koa.js Security Hardening
Information Technology,Backend Frameworks,Koa.js Performance Optimization
Information Technology,Backend Frameworks,Koa.js Migration
Information Technology,Backend Frameworks,Koa.js Automation
Information Technology,Backend Frameworks,Koa.js Support & Maintenance
Information Technology,Backend Frameworks,Koa.js Monitoring
Information Technology,Backend Frameworks,Koa.js Architecture Design
Information Technology,Backend Frameworks,Koa.js Upgrade & Patching
Information Technology,Backend Frameworks,Koa.js Scripting
Information Technology,Backend Frameworks,Koa.js Best Practices
Information Technology,Backend Frameworks,Hapi.js
Information Technology,Backend Frameworks,Hapi.js Administration
Information Technology,Backend Frameworks,Hapi.js Development
Information Technology,Backend Frameworks,Hapi.js Configuration
Information Technology,Backend Frameworks,Hapi.js Troubleshooting
Information Technology,Backend Frameworks,Hapi.js Integration
Information Technology,Backend Frameworks,Hapi.js Deployment
Information Technology,Backend Frameworks,Hapi.js Security Hardening
Information Technology,Backend Frameworks,Hapi.js Performance Optimization
Information Technology,Backend Frameworks,Hapi.js Migration
Information Technology,Backend Frameworks,Hapi.js Automation
Information Technology,Backend Frameworks,Hapi.js Support & Maintenance
Information Technology,Backend Frameworks,Hapi.js Monitoring
Information Technology,Backend Frameworks,Hapi.js Architecture Design
Information Technology,Backend Frameworks,Hapi.js Upgrade & Patching
Information Technology,Backend Frameworks,Hapi.js Scripting
Information Technology,Backend Frameworks,Hapi.js Best Practices
Information Technology,Backend Frameworks,Gin
Information Technology,Backend Frameworks,Gin Administration
Information Technology,Backend Frameworks,Gin Development
Information Technology,Backend Frameworks,Gin Configuration
Information Technology,Backend Frameworks,Gin Troubleshooting
Information Technology,Backend Frameworks,Gin Integration
Information Technology,Backend Frameworks,Gin Deployment
Information Technology,Backend Frameworks,Gin Security Hardening
Information Technology,Backend Frameworks,Gin Performance Optimization
Information Technology,Backend Frameworks,Gin Migration
Information Technology,Backend Frameworks,Gin Automation
Information Technology,Backend Frameworks,Gin Support & Maintenance
Information Technology,Backend Frameworks,Gin Monitoring
Information Technology,Backend Frameworks,Gin Architecture Design
Information Technology,Backend Frameworks,Gin Upgrade & Patching
Information Technology,Backend Frameworks,Gin Scripting
Information Technology,Backend Frameworks,Gin Best Practices
Information Technology,Backend Frameworks,Echo Framework
Information Technology,Backend Frameworks,Echo Framework Administration
Information Technology,Backend Frameworks,Echo Framework Development
Information Technology,Backend Frameworks,Echo Framework Configuration
Information Technology,Backend Frameworks,Echo Framework Troubleshooting
Information Technology,Backend Frameworks,Echo Framework Integration
Information Technology,Backend Frameworks,Echo Framework Deployment
Information Technology,Backend Frameworks,Echo Framework Security Hardening
Information Technology,Backend Frameworks,Echo Framework Performance Optimization
Information Technology,Backend Frameworks,Echo Framework Migration
Information Technology,Backend Frameworks,Echo Framework Automation
Information Technology,Backend Frameworks,Echo Framework Support & Maintenance
Information Technology,Backend Frameworks,Echo Framework Monitoring
Information Technology,Backend Frameworks,Echo Framework Architecture Design
Information Technology,Backend Frameworks,Echo Framework Upgrade & Patching
Information Technology,Backend Frameworks,Echo Framework Scripting
Information Technology,Backend Frameworks,Echo Framework Best Practices
Information Technology,Backend Frameworks,Fiber
Information Technology,Backend Frameworks,Fiber Administration
Information Technology,Backend Frameworks,Fiber Development
Information Technology,Backend Frameworks,Fiber Configuration
Information Technology,Backend Frameworks,Fiber Troubleshooting
Information Technology,Backend Frameworks,Fiber Integration
Information Technology,Backend Frameworks,Fiber Deployment
Information Technology,Backend Frameworks,Fiber Security Hardening
Information Technology,Backend Frameworks,Fiber Performance Optimization
Information Technology,Backend Frameworks,Fiber Migration
Information Technology,Backend Frameworks,Fiber Automation
Information Technology,Backend Frameworks,Fiber Support & Maintenance
Information Technology,Backend Frameworks,Fiber Monitoring
Information Technology,Backend Frameworks,Fiber Architecture Design
Information Technology,Backend Frameworks,Fiber Upgrade & Patching
Information Technology,Backend Frameworks,Fiber Scripting
Information Technology,Backend Frameworks,Fiber Best Practices
Information Technology,Backend Frameworks,Actix
Information Technology,Backend Frameworks,Actix Administration
Information Technology,Backend Frameworks,Actix Development
Information Technology,Backend Frameworks,Actix Configuration
Information Technology,Backend Frameworks,Actix Troubleshooting
Information Technology,Backend Frameworks,Actix Integration
Information Technology,Backend Frameworks,Actix Deployment
Information Technology,Backend Frameworks,Actix Security Hardening
Information Technology,Backend Frameworks,Actix Performance Optimization
Information Technology,Backend Frameworks,Actix Migration
Information Technology,Backend Frameworks,Actix Automation
Information Technology,Backend Frameworks,Actix Support & Maintenance
Information Technology,Backend Frameworks,Actix Monitoring
Information Technology,Backend Frameworks,Actix Architecture Design
Information Technology,Backend Frameworks,Actix Upgrade & Patching
Information Technology,Backend Frameworks,Actix Scripting
Information Technology,Backend Frameworks,Actix Best Practices
Information Technology,Backend Frameworks,Rocket Framework
Information Technology,Backend Frameworks,Rocket Framework Administration
Information Technology,Backend Frameworks,Rocket Framework Development
Information Technology,Backend Frameworks,Rocket Framework Configuration
Information Technology,Backend Frameworks,Rocket Framework Troubleshooting
Information Technology,Backend Frameworks,Rocket Framework Integration
Information Technology,Backend Frameworks,Rocket Framework Deployment
Information Technology,Backend Frameworks,Rocket Framework Security Hardening
Information Technology,Backend Frameworks,Rocket Framework Performance Optimization
Information Technology,Backend Frameworks,Rocket Framework Migration
Information Technology,Backend Frameworks,Rocket Framework Automation
Information Technology,Backend Frameworks,Rocket Framework Support & Maintenance
Information Technology,Backend Frameworks,Rocket Framework Monitoring
Information Technology,Backend Frameworks,Rocket Framework Architecture Design
Information Technology,Backend Frameworks,Rocket Framework Upgrade & Patching
Information Technology,Backend Frameworks,Rocket Framework Scripting
Information Technology,Backend Frameworks,Rocket Framework Best Practices
Information Technology,Backend Frameworks,Phoenix Framework
Information Technology,Backend Frameworks,Phoenix Framework Administration
Information Technology,Backend Frameworks,Phoenix Framework Development
Information Technology,Backend Frameworks,Phoenix Framework Configuration
Information Technology,Backend Frameworks,Phoenix Framework Troubleshooting
Information Technology,Backend Frameworks,Phoenix Framework Integration
Information Technology,Backend Frameworks,Phoenix Framework Deployment
Information Technology,Backend Frameworks,Phoenix Framework Security Hardening
Information Technology,Backend Frameworks,Phoenix Framework Performance Optimization
Information Technology,Backend Frameworks,Phoenix Framework Migration
Information Technology,Backend Frameworks,Phoenix Framework Automation
Information Technology,Backend Frameworks,Phoenix Framework Support & Maintenance
Information Technology,Backend Frameworks,Phoenix Framework Monitoring
Information Technology,Backend Frameworks,Phoenix Framework Architecture Design
Information Technology,Backend Frameworks,Phoenix Framework Upgrade & Patching
Information Technology,Backend Frameworks,Phoenix Framework Scripting
Information Technology,Backend Frameworks,Phoenix Framework Best Practices
Information Technology,Backend Frameworks,Play Framework
Information Technology,Backend Frameworks,Play Framework Administration
Information Technology,Backend Frameworks,Play Framework Development
Information Technology,Backend Frameworks,Play Framework Configuration
Information Technology,Backend Frameworks,Play Framework Troubleshooting
Information Technology,Backend Frameworks,Play Framework Integration
Information Technology,Backend Frameworks,Play Framework Deployment
Information Technology,Backend Frameworks,Play Framework Security Hardening
Information Technology,Backend Frameworks,Play Framework Performance Optimization
Information Technology,Backend Frameworks,Play Framework Migration
Information Technology,Backend Frameworks,Play Framework Automation
Information Technology,Backend Frameworks,Play Framework Support & Maintenance
Information Technology,Backend Frameworks,Play Framework Monitoring
Information Technology,Backend Frameworks,Play Framework Architecture Design
Information Technology,Backend Frameworks,Play Framework Upgrade & Patching
Information Technology,Backend Frameworks,Play Framework Scripting
Information Technology,Backend Frameworks,Play Framework Best Practices
Information Technology,Backend Frameworks,Micronaut
Information Technology,Backend Frameworks,Micronaut Administration
Information Technology,Backend Frameworks,Micronaut Development
Information Technology,Backend Frameworks,Micronaut Configuration
Information Technology,Backend Frameworks,Micronaut Troubleshooting
Information Technology,Backend Frameworks,Micronaut Integration
Information Technology,Backend Frameworks,Micronaut Deployment
Information Technology,Backend Frameworks,Micronaut Security Hardening
Information Technology,Backend Frameworks,Micronaut Performance Optimization
Information Technology,Backend Frameworks,Micronaut Migration
Information Technology,Backend Frameworks,Micronaut Automation
Information Technology,Backend Frameworks,Micronaut Support & Maintenance
Information Technology,Backend Frameworks,Micronaut Monitoring
Information Technology,Backend Frameworks,Micronaut Architecture Design
Information Technology,Backend Frameworks,Micronaut Upgrade & Patching
Information Technology,Backend Frameworks,Micronaut Scripting
Information Technology,Backend Frameworks,Micronaut Best Practices
Information Technology,Backend Frameworks,Quarkus
Information Technology,Backend Frameworks,Quarkus Administration
Information Technology,Backend Frameworks,Quarkus Development
Information Technology,Backend Frameworks,Quarkus Configuration
Information Technology,Backend Frameworks,Quarkus Troubleshooting
Information Technology,Backend Frameworks,Quarkus Integration
Information Technology,Backend Frameworks,Quarkus Deployment
Information Technology,Backend Frameworks,Quarkus Security Hardening
Information Technology,Backend Frameworks,Quarkus Performance Optimization
Information Technology,Backend Frameworks,Quarkus Migration
Information Technology,Backend Frameworks,Quarkus Automation
Information Technology,Backend Frameworks,Quarkus Support & Maintenance
Information Technology,Backend Frameworks,Quarkus Monitoring
Information Technology,Backend Frameworks,Quarkus Architecture Design
Information Technology,Backend Frameworks,Quarkus Upgrade & Patching
Information Technology,Backend Frameworks,Quarkus Scripting
Information Technology,Backend Frameworks,Quarkus Best Practices
Information Technology,Backend Frameworks,Vert.x
Information Technology,Backend Frameworks,Vert.x Administration
Information Technology,Backend Frameworks,Vert.x Development
Information Technology,Backend Frameworks,Vert.x Configuration
Information Technology,Backend Frameworks,Vert.x Troubleshooting
Information Technology,Backend Frameworks,Vert.x Integration
Information Technology,Backend Frameworks,Vert.x Deployment
Information Technology,Backend Frameworks,Vert.x Security Hardening
Information Technology,Backend Frameworks,Vert.x Performance Optimization
Information Technology,Backend Frameworks,Vert.x Migration
Information Technology,Backend Frameworks,Vert.x Automation
Information Technology,Backend Frameworks,Vert.x Support & Maintenance
Information Technology,Backend Frameworks,Vert.x Monitoring
Information Technology,Backend Frameworks,Vert.x Architecture Design
Information Technology,Backend Frameworks,Vert.x Upgrade & Patching
Information Technology,Backend Frameworks,Vert.x Scripting
Information Technology,Backend Frameworks,Vert.x Best Practices
Information Technology,Backend Frameworks,Struts
Information Technology,Backend Frameworks,Struts Administration
Information Technology,Backend Frameworks,Struts Development
Information Technology,Backend Frameworks,Struts Configuration
Information Technology,Backend Frameworks,Struts Troubleshooting
Information Technology,Backend Frameworks,Struts Integration
Information Technology,Backend Frameworks,Struts Deployment
Information Technology,Backend Frameworks,Struts Security Hardening
Information Technology,Backend Frameworks,Struts Performance Optimization
Information Technology,Backend Frameworks,Struts Migration
Information Technology,Backend Frameworks,Struts Automation
Information Technology,Backend Frameworks,Struts Support & Maintenance
Information Technology,Backend Frameworks,Struts Monitoring
Information Technology,Backend Frameworks,Struts Architecture Design
Information Technology,Backend Frameworks,Struts Upgrade & Patching
Information Technology,Backend Frameworks,Struts Scripting
Information Technology,Backend Frameworks,Struts Best Practices
Information Technology,Backend Frameworks,Hibernate
Information Technology,Backend Frameworks,Hibernate Administration
Information Technology,Backend Frameworks,Hibernate Development
Information Technology,Backend Frameworks,Hibernate Configuration
Information Technology,Backend Frameworks,Hibernate Troubleshooting
Information Technology,Backend Frameworks,Hibernate Integration
Information Technology,Backend Frameworks,Hibernate Deployment
Information Technology,Backend Frameworks,Hibernate Security Hardening
Information Technology,Backend Frameworks,Hibernate Performance Optimization
Information Technology,Backend Frameworks,Hibernate Migration
Information Technology,Backend Frameworks,Hibernate Automation
Information Technology,Backend Frameworks,Hibernate Support & Maintenance
Information Technology,Backend Frameworks,Hibernate Monitoring
Information Technology,Backend Frameworks,Hibernate Architecture Design
Information Technology,Backend Frameworks,Hibernate Upgrade & Patching
Information Technology,Backend Frameworks,Hibernate Scripting
Information Technology,Backend Frameworks,Hibernate Best Practices
Information Technology,Backend Frameworks,MyBatis
Information Technology,Backend Frameworks,MyBatis Administration
Information Technology,Backend Frameworks,MyBatis Development
Information Technology,Backend Frameworks,MyBatis Configuration
Information Technology,Backend Frameworks,MyBatis Troubleshooting
Information Technology,Backend Frameworks,MyBatis Integration
Information Technology,Backend Frameworks,MyBatis Deployment
Information Technology,Backend Frameworks,MyBatis Security Hardening
Information Technology,Backend Frameworks,MyBatis Performance Optimization
Information Technology,Backend Frameworks,MyBatis Migration
Information Technology,Backend Frameworks,MyBatis Automation
Information Technology,Backend Frameworks,MyBatis Support & Maintenance
Information Technology,Backend Frameworks,MyBatis Monitoring
Information Technology,Backend Frameworks,MyBatis Architecture Design
Information Technology,Backend Frameworks,MyBatis Upgrade & Patching
Information Technology,Backend Frameworks,MyBatis Scripting
Information Technology,Backend Frameworks,MyBatis Best Practices
Information Technology,Backend Frameworks,Sinatra
Information Technology,Backend Frameworks,Sinatra Administration
Information Technology,Backend Frameworks,Sinatra Development
Information Technology,Backend Frameworks,Sinatra Configuration
Information Technology,Backend Frameworks,Sinatra Troubleshooting
Information Technology,Backend Frameworks,Sinatra Integration
Information Technology,Backend Frameworks,Sinatra Deployment
Information Technology,Backend Frameworks,Sinatra Security Hardening
Information Technology,Backend Frameworks,Sinatra Performance Optimization
Information Technology,Backend Frameworks,Sinatra Migration
Information Technology,Backend Frameworks,Sinatra Automation
Information Technology,Backend Frameworks,Sinatra Support & Maintenance
Information Technology,Backend Frameworks,Sinatra Monitoring
Information Technology,Backend Frameworks,Sinatra Architecture Design
Information Technology,Backend Frameworks,Sinatra Upgrade & Patching
Information Technology,Backend Frameworks,Sinatra Scripting
Information Technology,Backend Frameworks,Sinatra Best Practices
Information Technology,Backend Frameworks,CakePHP
Information Technology,Backend Frameworks,CakePHP Administration
Information Technology,Backend Frameworks,CakePHP Development
Information Technology,Backend Frameworks,CakePHP Configuration
Information Technology,Backend Frameworks,CakePHP Troubleshooting
Information Technology,Backend Frameworks,CakePHP Integration
Information Technology,Backend Frameworks,CakePHP Deployment
Information Technology,Backend Frameworks,CakePHP Security Hardening
Information Technology,Backend Frameworks,CakePHP Performance Optimization
Information Technology,Backend Frameworks,CakePHP Migration
Information Technology,Backend Frameworks,CakePHP Automation
Information Technology,Backend Frameworks,CakePHP Support & Maintenance
Information Technology,Backend Frameworks,CakePHP Monitoring
Information Technology,Backend Frameworks,CakePHP Architecture Design
Information Technology,Backend Frameworks,CakePHP Upgrade & Patching
Information Technology,Backend Frameworks,CakePHP Scripting
Information Technology,Backend Frameworks,CakePHP Best Practices
Information Technology,Backend Frameworks,Yii Framework
Information Technology,Backend Frameworks,Yii Framework Administration
Information Technology,Backend Frameworks,Yii Framework Development
Information Technology,Backend Frameworks,Yii Framework Configuration
Information Technology,Backend Frameworks,Yii Framework Troubleshooting
Information Technology,Backend Frameworks,Yii Framework Integration
Information Technology,Backend Frameworks,Yii Framework Deployment
Information Technology,Backend Frameworks,Yii Framework Security Hardening
Information Technology,Backend Frameworks,Yii Framework Performance Optimization
Information Technology,Backend Frameworks,Yii Framework Migration
Information Technology,Backend Frameworks,Yii Framework Automation
Information Technology,Backend Frameworks,Yii Framework Support & Maintenance
Information Technology,Backend Frameworks,Yii Framework Monitoring
Information Technology,Backend Frameworks,Yii Framework Architecture Design
Information Technology,Backend Frameworks,Yii Framework Upgrade & Patching
Information Technology,Backend Frameworks,Yii Framework Scripting
Information Technology,Backend Frameworks,Yii Framework Best Practices
Information Technology,Backend Frameworks,Zend Framework
Information Technology,Backend Frameworks,Zend Framework Administration
Information Technology,Backend Frameworks,Zend Framework Development
Information Technology,Backend Frameworks,Zend Framework Configuration
Information Technology,Backend Frameworks,Zend Framework Troubleshooting
Information Technology,Backend Frameworks,Zend Framework Integration
Information Technology,Backend Frameworks,Zend Framework Deployment
Information Technology,Backend Frameworks,Zend Framework Security Hardening
Information Technology,Backend Frameworks,Zend Framework Performance Optimization
Information Technology,Backend Frameworks,Zend Framework Migration
Information Technology,Backend Frameworks,Zend Framework Automation
Information Technology,Backend Frameworks,Zend Framework Support & Maintenance
Information Technology,Backend Frameworks,Zend Framework Monitoring
Information Technology,Backend Frameworks,Zend Framework Architecture Design
Information Technology,Backend Frameworks,Zend Framework Upgrade & Patching
Information Technology,Backend Frameworks,Zend Framework Scripting
Information Technology,Backend Frameworks,Zend Framework Best Practices
Information Technology,Backend Frameworks,Slim Framework
Information Technology,Backend Frameworks,Slim Framework Administration
Information Technology,Backend Frameworks,Slim Framework Development
Information Technology,Backend Frameworks,Slim Framework Configuration
Information Technology,Backend Frameworks,Slim Framework Troubleshooting
Information Technology,Backend Frameworks,Slim Framework Integration
Information Technology,Backend Frameworks,Slim Framework Deployment
Information Technology,Backend Frameworks,Slim Framework Security Hardening
Information Technology,Backend Frameworks,Slim Framework Performance Optimization
Information Technology,Backend Frameworks,Slim Framework Migration
Information Technology,Backend Frameworks,Slim Framework Automation
Information Technology,Backend Frameworks,Slim Framework Support & Maintenance
Information Technology,Backend Frameworks,Slim Framework Monitoring
Information Technology,Backend Frameworks,Slim Framework Architecture Design
Information Technology,Backend Frameworks,Slim Framework Upgrade & Patching
Information Technology,Backend Frameworks,Slim Framework Scripting
Information Technology,Backend Frameworks,Slim Framework Best Practices
Information Technology,Backend Frameworks,Tornado
Information Technology,Backend Frameworks,Tornado Administration
Information Technology,Backend Frameworks,Tornado Development
Information Technology,Backend Frameworks,Tornado Configuration
Information Technology,Backend Frameworks,Tornado Troubleshooting
Information Technology,Backend Frameworks,Tornado Integration
Information Technology,Backend Frameworks,Tornado Deployment
Information Technology,Backend Frameworks,Tornado Security Hardening
Information Technology,Backend Frameworks,Tornado Performance Optimization
Information Technology,Backend Frameworks,Tornado Migration
Information Technology,Backend Frameworks,Tornado Automation
Information Technology,Backend Frameworks,Tornado Support & Maintenance
Information Technology,Backend Frameworks,Tornado Monitoring
Information Technology,Backend Frameworks,Tornado Architecture Design
Information Technology,Backend Frameworks,Tornado Upgrade & Patching
Information Technology,Backend Frameworks,Tornado Scripting
Information Technology,Backend Frameworks,Tornado Best Practices
Information Technology,Backend Frameworks,Bottle
Information Technology,Backend Frameworks,Bottle Administration
Information Technology,Backend Frameworks,Bottle Development
Information Technology,Backend Frameworks,Bottle Configuration
Information Technology,Backend Frameworks,Bottle Troubleshooting
Information Technology,Backend Frameworks,Bottle Integration
Information Technology,Backend Frameworks,Bottle Deployment
Information Technology,Backend Frameworks,Bottle Security Hardening
Information Technology,Backend Frameworks,Bottle Performance Optimization
Information Technology,Backend Frameworks,Bottle Migration
Information Technology,Backend Frameworks,Bottle Automation
Information Technology,Backend Frameworks,Bottle Support & Maintenance
Information Technology,Backend Frameworks,Bottle Monitoring
Information Technology,Backend Frameworks,Bottle Architecture Design
Information Technology,Backend Frameworks,Bottle Upgrade & Patching
Information Technology,Backend Frameworks,Bottle Scripting
Information Technology,Backend Frameworks,Bottle Best Practices
Information Technology,Backend Frameworks,Pyramid Framework
Information Technology,Backend Frameworks,Pyramid Framework Administration
Information Technology,Backend Frameworks,Pyramid Framework Development
Information Technology,Backend Frameworks,Pyramid Framework Configuration
Information Technology,Backend Frameworks,Pyramid Framework Troubleshooting
Information Technology,Backend Frameworks,Pyramid Framework Integration
Information Technology,Backend Frameworks,Pyramid Framework Deployment
Information Technology,Backend Frameworks,Pyramid Framework Security Hardening
Information Technology,Backend Frameworks,Pyramid Framework Performance Optimization
Information Technology,Backend Frameworks,Pyramid Framework Migration
Information Technology,Backend Frameworks,Pyramid Framework Automation
Information Technology,Backend Frameworks,Pyramid Framework Support & Maintenance
Information Technology,Backend Frameworks,Pyramid Framework Monitoring
Information Technology,Backend Frameworks,Pyramid Framework Architecture Design
Information Technology,Backend Frameworks,Pyramid Framework Upgrade & Patching
Information Technology,Backend Frameworks,Pyramid Framework Scripting
Information Technology,Backend Frameworks,Pyramid Framework Best Practices
Information Technology,Backend Frameworks,web2py
Information Technology,Backend Frameworks,web2py Administration
Information Technology,Backend Frameworks,web2py Development
Information Technology,Backend Frameworks,web2py Configuration
Information Technology,Backend Frameworks,web2py Troubleshooting
Information Technology,Backend Frameworks,web2py Integration
Information Technology,Backend Frameworks,web2py Deployment
Information Technology,Backend Frameworks,web2py Security Hardening
Information Technology,Backend Frameworks,web2py Performance Optimization
Information Technology,Backend Frameworks,web2py Migration
Information Technology,Backend Frameworks,web2py Automation
Information Technology,Backend Frameworks,web2py Support & Maintenance
Information Technology,Backend Frameworks,web2py Monitoring
Information Technology,Backend Frameworks,web2py Architecture Design
Information Technology,Backend Frameworks,web2py Upgrade & Patching
Information Technology,Backend Frameworks,web2py Scripting
Information Technology,Backend Frameworks,web2py Best Practices
Information Technology,Backend Frameworks,Meteor.js
Information Technology,Backend Frameworks,Meteor.js Administration
Information Technology,Backend Frameworks,Meteor.js Development
Information Technology,Backend Frameworks,Meteor.js Configuration
Information Technology,Backend Frameworks,Meteor.js Troubleshooting
Information Technology,Backend Frameworks,Meteor.js Integration
Information Technology,Backend Frameworks,Meteor.js Deployment
Information Technology,Backend Frameworks,Meteor.js Security Hardening
Information Technology,Backend Frameworks,Meteor.js Performance Optimization
Information Technology,Backend Frameworks,Meteor.js Migration
Information Technology,Backend Frameworks,Meteor.js Automation
Information Technology,Backend Frameworks,Meteor.js Support & Maintenance
Information Technology,Backend Frameworks,Meteor.js Monitoring
Information Technology,Backend Frameworks,Meteor.js Architecture Design
Information Technology,Backend Frameworks,Meteor.js Upgrade & Patching
Information Technology,Backend Frameworks,Meteor.js Scripting
Information Technology,Backend Frameworks,Meteor.js Best Practices
Information Technology,Backend Frameworks,Sails.js
Information Technology,Backend Frameworks,Sails.js Administration
Information Technology,Backend Frameworks,Sails.js Development
Information Technology,Backend Frameworks,Sails.js Configuration
Information Technology,Backend Frameworks,Sails.js Troubleshooting
Information Technology,Backend Frameworks,Sails.js Integration
Information Technology,Backend Frameworks,Sails.js Deployment
Information Technology,Backend Frameworks,Sails.js Security Hardening
Information Technology,Backend Frameworks,Sails.js Performance Optimization
Information Technology,Backend Frameworks,Sails.js Migration
Information Technology,Backend Frameworks,Sails.js Automation
Information Technology,Backend Frameworks,Sails.js Support & Maintenance
Information Technology,Backend Frameworks,Sails.js Monitoring
Information Technology,Backend Frameworks,Sails.js Architecture Design
Information Technology,Backend Frameworks,Sails.js Upgrade & Patching
Information Technology,Backend Frameworks,Sails.js Scripting
Information Technology,Backend Frameworks,Sails.js Best Practices
Information Technology,Backend Frameworks,LoopBack
Information Technology,Backend Frameworks,LoopBack Administration
Information Technology,Backend Frameworks,LoopBack Development
Information Technology,Backend Frameworks,LoopBack Configuration
Information Technology,Backend Frameworks,LoopBack Troubleshooting
Information Technology,Backend Frameworks,LoopBack Integration
Information Technology,Backend Frameworks,LoopBack Deployment
Information Technology,Backend Frameworks,LoopBack Security Hardening
Information Technology,Backend Frameworks,LoopBack Performance Optimization
Information Technology,Backend Frameworks,LoopBack Migration
Information Technology,Backend Frameworks,LoopBack Automation
Information Technology,Backend Frameworks,LoopBack Support & Maintenance
Information Technology,Backend Frameworks,LoopBack Monitoring
Information Technology,Backend Frameworks,LoopBack Architecture Design
Information Technology,Backend Frameworks,LoopBack Upgrade & Patching
Information Technology,Backend Frameworks,LoopBack Scripting
Information Technology,Backend Frameworks,LoopBack Best Practices
Information Technology,Backend Frameworks,AdonisJS
Information Technology,Backend Frameworks,AdonisJS Administration
Information Technology,Backend Frameworks,AdonisJS Development
Information Technology,Backend Frameworks,AdonisJS Configuration
Information Technology,Backend Frameworks,AdonisJS Troubleshooting
Information Technology,Backend Frameworks,AdonisJS Integration
Information Technology,Backend Frameworks,AdonisJS Deployment
Information Technology,Backend Frameworks,AdonisJS Security Hardening
Information Technology,Backend Frameworks,AdonisJS Performance Optimization
Information Technology,Backend Frameworks,AdonisJS Migration
Information Technology,Backend Frameworks,AdonisJS Automation
Information Technology,Backend Frameworks,AdonisJS Support & Maintenance
Information Technology,Backend Frameworks,AdonisJS Monitoring
Information Technology,Backend Frameworks,AdonisJS Architecture Design
Information Technology,Backend Frameworks,AdonisJS Upgrade & Patching
Information Technology,Backend Frameworks,AdonisJS Scripting
Information Technology,Backend Frameworks,AdonisJS Best Practices
Information Technology,Backend Frameworks,Blitz.js
Information Technology,Backend Frameworks,Blitz.js Administration
Information Technology,Backend Frameworks,Blitz.js Development
Information Technology,Backend Frameworks,Blitz.js Configuration
Information Technology,Backend Frameworks,Blitz.js Troubleshooting
Information Technology,Backend Frameworks,Blitz.js Integration
Information Technology,Backend Frameworks,Blitz.js Deployment
Information Technology,Backend Frameworks,Blitz.js Security Hardening
Information Technology,Backend Frameworks,Blitz.js Performance Optimization
Information Technology,Backend Frameworks,Blitz.js Migration
Information Technology,Backend Frameworks,Blitz.js Automation
Information Technology,Backend Frameworks,Blitz.js Support & Maintenance
Information Technology,Backend Frameworks,Blitz.js Monitoring
Information Technology,Backend Frameworks,Blitz.js Architecture Design
Information Technology,Backend Frameworks,Blitz.js Upgrade & Patching
Information Technology,Backend Frameworks,Blitz.js Scripting
Information Technology,Backend Frameworks,Blitz.js Best Practices
Information Technology,Backend Frameworks,RedwoodJS
Information Technology,Backend Frameworks,RedwoodJS Administration
Information Technology,Backend Frameworks,RedwoodJS Development
Information Technology,Backend Frameworks,RedwoodJS Configuration
Information Technology,Backend Frameworks,RedwoodJS Troubleshooting
Information Technology,Backend Frameworks,RedwoodJS Integration
Information Technology,Backend Frameworks,RedwoodJS Deployment
Information Technology,Backend Frameworks,RedwoodJS Security Hardening
Information Technology,Backend Frameworks,RedwoodJS Performance Optimization
Information Technology,Backend Frameworks,RedwoodJS Migration
Information Technology,Backend Frameworks,RedwoodJS Automation
Information Technology,Backend Frameworks,RedwoodJS Support & Maintenance
Information Technology,Backend Frameworks,RedwoodJS Monitoring
Information Technology,Backend Frameworks,RedwoodJS Architecture Design
Information Technology,Backend Frameworks,RedwoodJS Upgrade & Patching
Information Technology,Backend Frameworks,RedwoodJS Scripting
Information Technology,Backend Frameworks,RedwoodJS Best Practices
Information Technology,Backend Frameworks,Gorilla Mux
Information Technology,Backend Frameworks,Gorilla Mux Administration
Information Technology,Backend Frameworks,Gorilla Mux Development
Information Technology,Backend Frameworks,Gorilla Mux Configuration
Information Technology,Backend Frameworks,Gorilla Mux Troubleshooting
Information Technology,Backend Frameworks,Gorilla Mux Integration
Information Technology,Backend Frameworks,Gorilla Mux Deployment
Information Technology,Backend Frameworks,Gorilla Mux Security Hardening
Information Technology,Backend Frameworks,Gorilla Mux Performance Optimization
Information Technology,Backend Frameworks,Gorilla Mux Migration
Information Technology,Backend Frameworks,Gorilla Mux Automation
Information Technology,Backend Frameworks,Gorilla Mux Support & Maintenance
Information Technology,Backend Frameworks,Gorilla Mux Monitoring
Information Technology,Backend Frameworks,Gorilla Mux Architecture Design
Information Technology,Backend Frameworks,Gorilla Mux Upgrade & Patching
Information Technology,Backend Frameworks,Gorilla Mux Scripting
Information Technology,Backend Frameworks,Gorilla Mux Best Practices
Information Technology,Backend Frameworks,Chi Router
Information Technology,Backend Frameworks,Chi Router Administration
Information Technology,Backend Frameworks,Chi Router Development
Information Technology,Backend Frameworks,Chi Router Configuration
Information Technology,Backend Frameworks,Chi Router Troubleshooting
Information Technology,Backend Frameworks,Chi Router Integration
Information Technology,Backend Frameworks,Chi Router Deployment
Information Technology,Backend Frameworks,Chi Router Security Hardening
Information Technology,Backend Frameworks,Chi Router Performance Optimization
Information Technology,Backend Frameworks,Chi Router Migration
Information Technology,Backend Frameworks,Chi Router Automation
Information Technology,Backend Frameworks,Chi Router Support & Maintenance
Information Technology,Backend Frameworks,Chi Router Monitoring
Information Technology,Backend Frameworks,Chi Router Architecture Design
Information Technology,Backend Frameworks,Chi Router Upgrade & Patching
Information Technology,Backend Frameworks,Chi Router Scripting
Information Technology,Backend Frameworks,Chi Router Best Practices
Information Technology,Backend Frameworks,Falcon Framework
Information Technology,Backend Frameworks,Falcon Framework Administration
Information Technology,Backend Frameworks,Falcon Framework Development
Information Technology,Backend Frameworks,Falcon Framework Configuration
Information Technology,Backend Frameworks,Falcon Framework Troubleshooting
Information Technology,Backend Frameworks,Falcon Framework Integration
Information Technology,Backend Frameworks,Falcon Framework Deployment
Information Technology,Backend Frameworks,Falcon Framework Security Hardening
Information Technology,Backend Frameworks,Falcon Framework Performance Optimization
Information Technology,Backend Frameworks,Falcon Framework Migration
Information Technology,Backend Frameworks,Falcon Framework Automation
Information Technology,Backend Frameworks,Falcon Framework Support & Maintenance
Information Technology,Backend Frameworks,Falcon Framework Monitoring
Information Technology,Backend Frameworks,Falcon Framework Architecture Design
Information Technology,Backend Frameworks,Falcon Framework Upgrade & Patching
Information Technology,Backend Frameworks,Falcon Framework Scripting
Information Technology,Backend Frameworks,Falcon Framework Best Practices
Information Technology,Backend Frameworks,Sanic
Information Technology,Backend Frameworks,Sanic Administration
Information Technology,Backend Frameworks,Sanic Development
Information Technology,Backend Frameworks,Sanic Configuration
Information Technology,Backend Frameworks,Sanic Troubleshooting
Information Technology,Backend Frameworks,Sanic Integration
Information Technology,Backend Frameworks,Sanic Deployment
Information Technology,Backend Frameworks,Sanic Security Hardening
Information Technology,Backend Frameworks,Sanic Performance Optimization
Information Technology,Backend Frameworks,Sanic Migration
Information Technology,Backend Frameworks,Sanic Automation
Information Technology,Backend Frameworks,Sanic Support & Maintenance
Information Technology,Backend Frameworks,Sanic Monitoring
Information Technology,Backend Frameworks,Sanic Architecture Design
Information Technology,Backend Frameworks,Sanic Upgrade & Patching
Information Technology,Backend Frameworks,Sanic Scripting
Information Technology,Backend Frameworks,Sanic Best Practices
Information Technology,Backend Frameworks,Starlette
Information Technology,Backend Frameworks,Starlette Administration
Information Technology,Backend Frameworks,Starlette Development
Information Technology,Backend Frameworks,Starlette Configuration
Information Technology,Backend Frameworks,Starlette Troubleshooting
Information Technology,Backend Frameworks,Starlette Integration
Information Technology,Backend Frameworks,Starlette Deployment
Information Technology,Backend Frameworks,Starlette Security Hardening
Information Technology,Backend Frameworks,Starlette Performance Optimization
Information Technology,Backend Frameworks,Starlette Migration
Information Technology,Backend Frameworks,Starlette Automation
Information Technology,Backend Frameworks,Starlette Support & Maintenance
Information Technology,Backend Frameworks,Starlette Monitoring
Information Technology,Backend Frameworks,Starlette Architecture Design
Information Technology,Backend Frameworks,Starlette Upgrade & Patching
Information Technology,Backend Frameworks,Starlette Scripting
Information Technology,Backend Frameworks,Starlette Best Practices
Information Technology,Databases,MySQL
Information Technology,Databases,MySQL Administration
Information Technology,Databases,MySQL Development
Information Technology,Databases,MySQL Configuration
Information Technology,Databases,MySQL Troubleshooting
Information Technology,Databases,MySQL Integration
Information Technology,Databases,MySQL Deployment
Information Technology,Databases,MySQL Security Hardening
Information Technology,Databases,MySQL Performance Optimization
Information Technology,Databases,MySQL Migration
Information Technology,Databases,MySQL Automation
Information Technology,Databases,MySQL Support & Maintenance
Information Technology,Databases,MySQL Monitoring
Information Technology,Databases,MySQL Architecture Design
Information Technology,Databases,MySQL Upgrade & Patching
Information Technology,Databases,MySQL Scripting
Information Technology,Databases,MySQL Best Practices
Information Technology,Databases,PostgreSQL
Information Technology,Databases,PostgreSQL Administration
Information Technology,Databases,PostgreSQL Development
Information Technology,Databases,PostgreSQL Configuration
Information Technology,Databases,PostgreSQL Troubleshooting
Information Technology,Databases,PostgreSQL Integration
Information Technology,Databases,PostgreSQL Deployment
Information Technology,Databases,PostgreSQL Security Hardening
Information Technology,Databases,PostgreSQL Performance Optimization
Information Technology,Databases,PostgreSQL Migration
Information Technology,Databases,PostgreSQL Automation
Information Technology,Databases,PostgreSQL Support & Maintenance
Information Technology,Databases,PostgreSQL Monitoring
Information Technology,Databases,PostgreSQL Architecture Design
Information Technology,Databases,PostgreSQL Upgrade & Patching
Information Technology,Databases,PostgreSQL Scripting
Information Technology,Databases,PostgreSQL Best Practices
Information Technology,Databases,MongoDB
Information Technology,Databases,MongoDB Administration
Information Technology,Databases,MongoDB Development
Information Technology,Databases,MongoDB Configuration
Information Technology,Databases,MongoDB Troubleshooting
Information Technology,Databases,MongoDB Integration
Information Technology,Databases,MongoDB Deployment
Information Technology,Databases,MongoDB Security Hardening
Information Technology,Databases,MongoDB Performance Optimization
Information Technology,Databases,MongoDB Migration
Information Technology,Databases,MongoDB Automation
Information Technology,Databases,MongoDB Support & Maintenance
Information Technology,Databases,MongoDB Monitoring
Information Technology,Databases,MongoDB Architecture Design
Information Technology,Databases,MongoDB Upgrade & Patching
Information Technology,Databases,MongoDB Scripting
Information Technology,Databases,MongoDB Best Practices
Information Technology,Databases,Oracle Database
Information Technology,Databases,Oracle Database Administration
Information Technology,Databases,Oracle Database Development
Information Technology,Databases,Oracle Database Configuration
Information Technology,Databases,Oracle Database Troubleshooting
Information Technology,Databases,Oracle Database Integration
Information Technology,Databases,Oracle Database Deployment
Information Technology,Databases,Oracle Database Security Hardening
Information Technology,Databases,Oracle Database Performance Optimization
Information Technology,Databases,Oracle Database Migration
Information Technology,Databases,Oracle Database Automation
Information Technology,Databases,Oracle Database Support & Maintenance
Information Technology,Databases,Oracle Database Monitoring
Information Technology,Databases,Oracle Database Architecture Design
Information Technology,Databases,Oracle Database Upgrade & Patching
Information Technology,Databases,Oracle Database Scripting
Information Technology,Databases,Oracle Database Best Practices
Information Technology,Databases,Microsoft SQL Server
Information Technology,Databases,Microsoft SQL Server Administration
Information Technology,Databases,Microsoft SQL Server Development
Information Technology,Databases,Microsoft SQL Server Configuration
Information Technology,Databases,Microsoft SQL Server Troubleshooting
Information Technology,Databases,Microsoft SQL Server Integration
Information Technology,Databases,Microsoft SQL Server Deployment
Information Technology,Databases,Microsoft SQL Server Security Hardening
Information Technology,Databases,Microsoft SQL Server Performance Optimization
Information Technology,Databases,Microsoft SQL Server Migration
Information Technology,Databases,Microsoft SQL Server Automation
Information Technology,Databases,Microsoft SQL Server Support & Maintenance
Information Technology,Databases,Microsoft SQL Server Monitoring
Information Technology,Databases,Microsoft SQL Server Architecture Design
Information Technology,Databases,Microsoft SQL Server Upgrade & Patching
Information Technology,Databases,Microsoft SQL Server Scripting
Information Technology,Databases,Microsoft SQL Server Best Practices
Information Technology,Databases,SQLite
Information Technology,Databases,SQLite Administration
Information Technology,Databases,SQLite Development
Information Technology,Databases,SQLite Configuration
Information Technology,Databases,SQLite Troubleshooting
Information Technology,Databases,SQLite Integration
Information Technology,Databases,SQLite Deployment
Information Technology,Databases,SQLite Security Hardening
Information Technology,Databases,SQLite Performance Optimization
Information Technology,Databases,SQLite Migration
Information Technology,Databases,SQLite Automation
Information Technology,Databases,SQLite Support & Maintenance
Information Technology,Databases,SQLite Monitoring
Information Technology,Databases,SQLite Architecture Design
Information Technology,Databases,SQLite Upgrade & Patching
Information Technology,Databases,SQLite Scripting
Information Technology,Databases,SQLite Best Practices
Information Technology,Databases,MariaDB
Information Technology,Databases,MariaDB Administration
Information Technology,Databases,MariaDB Development
Information Technology,Databases,MariaDB Configuration
Information Technology,Databases,MariaDB Troubleshooting
Information Technology,Databases,MariaDB Integration
Information Technology,Databases,MariaDB Deployment
Information Technology,Databases,MariaDB Security Hardening
Information Technology,Databases,MariaDB Performance Optimization
Information Technology,Databases,MariaDB Migration
Information Technology,Databases,MariaDB Automation
Information Technology,Databases,MariaDB Support & Maintenance
Information Technology,Databases,MariaDB Monitoring
Information Technology,Databases,MariaDB Architecture Design
Information Technology,Databases,MariaDB Upgrade & Patching
Information Technology,Databases,MariaDB Scripting
Information Technology,Databases,MariaDB Best Practices
Information Technology,Databases,Redis
Information Technology,Databases,Redis Administration
Information Technology,Databases,Redis Development
Information Technology,Databases,Redis Configuration
Information Technology,Databases,Redis Troubleshooting
Information Technology,Databases,Redis Integration
Information Technology,Databases,Redis Deployment
Information Technology,Databases,Redis Security Hardening
Information Technology,Databases,Redis Performance Optimization
Information Technology,Databases,Redis Migration
Information Technology,Databases,Redis Automation
Information Technology,Databases,Redis Support & Maintenance
Information Technology,Databases,Redis Monitoring
Information Technology,Databases,Redis Architecture Design
Information Technology,Databases,Redis Upgrade & Patching
Information Technology,Databases,Redis Scripting
Information Technology,Databases,Redis Best Practices
Information Technology,Databases,Cassandra
Information Technology,Databases,Cassandra Administration
Information Technology,Databases,Cassandra Development
Information Technology,Databases,Cassandra Configuration
Information Technology,Databases,Cassandra Troubleshooting
Information Technology,Databases,Cassandra Integration
Information Technology,Databases,Cassandra Deployment
Information Technology,Databases,Cassandra Security Hardening
Information Technology,Databases,Cassandra Performance Optimization
Information Technology,Databases,Cassandra Migration
Information Technology,Databases,Cassandra Automation
Information Technology,Databases,Cassandra Support & Maintenance
Information Technology,Databases,Cassandra Monitoring
Information Technology,Databases,Cassandra Architecture Design
Information Technology,Databases,Cassandra Upgrade & Patching
Information Technology,Databases,Cassandra Scripting
Information Technology,Databases,Cassandra Best Practices
Information Technology,Databases,Couchbase
Information Technology,Databases,Couchbase Administration
Information Technology,Databases,Couchbase Development
Information Technology,Databases,Couchbase Configuration
Information Technology,Databases,Couchbase Troubleshooting
Information Technology,Databases,Couchbase Integration
Information Technology,Databases,Couchbase Deployment
Information Technology,Databases,Couchbase Security Hardening
Information Technology,Databases,Couchbase Performance Optimization
Information Technology,Databases,Couchbase Migration
Information Technology,Databases,Couchbase Automation
Information Technology,Databases,Couchbase Support & Maintenance
Information Technology,Databases,Couchbase Monitoring
Information Technology,Databases,Couchbase Architecture Design
Information Technology,Databases,Couchbase Upgrade & Patching
Information Technology,Databases,Couchbase Scripting
Information Technology,Databases,Couchbase Best Practices
Information Technology,Databases,CouchDB
Information Technology,Databases,CouchDB Administration
Information Technology,Databases,CouchDB Development
Information Technology,Databases,CouchDB Configuration
Information Technology,Databases,CouchDB Troubleshooting
Information Technology,Databases,CouchDB Integration
Information Technology,Databases,CouchDB Deployment
Information Technology,Databases,CouchDB Security Hardening
Information Technology,Databases,CouchDB Performance Optimization
Information Technology,Databases,CouchDB Migration
Information Technology,Databases,CouchDB Automation
Information Technology,Databases,CouchDB Support & Maintenance
Information Technology,Databases,CouchDB Monitoring
Information Technology,Databases,CouchDB Architecture Design
Information Technology,Databases,CouchDB Upgrade & Patching
Information Technology,Databases,CouchDB Scripting
Information Technology,Databases,CouchDB Best Practices
Information Technology,Databases,Neo4j
Information Technology,Databases,Neo4j Administration
Information Technology,Databases,Neo4j Development
Information Technology,Databases,Neo4j Configuration
Information Technology,Databases,Neo4j Troubleshooting
Information Technology,Databases,Neo4j Integration
Information Technology,Databases,Neo4j Deployment
Information Technology,Databases,Neo4j Security Hardening
Information Technology,Databases,Neo4j Performance Optimization
Information Technology,Databases,Neo4j Migration
Information Technology,Databases,Neo4j Automation
Information Technology,Databases,Neo4j Support & Maintenance
Information Technology,Databases,Neo4j Monitoring
Information Technology,Databases,Neo4j Architecture Design
Information Technology,Databases,Neo4j Upgrade & Patching
Information Technology,Databases,Neo4j Scripting
Information Technology,Databases,Neo4j Best Practices
Information Technology,Databases,DynamoDB
Information Technology,Databases,DynamoDB Administration
Information Technology,Databases,DynamoDB Development
Information Technology,Databases,DynamoDB Configuration
Information Technology,Databases,DynamoDB Troubleshooting
Information Technology,Databases,DynamoDB Integration
Information Technology,Databases,DynamoDB Deployment
Information Technology,Databases,DynamoDB Security Hardening
Information Technology,Databases,DynamoDB Performance Optimization
Information Technology,Databases,DynamoDB Migration
Information Technology,Databases,DynamoDB Automation
Information Technology,Databases,DynamoDB Support & Maintenance
Information Technology,Databases,DynamoDB Monitoring
Information Technology,Databases,DynamoDB Architecture Design
Information Technology,Databases,DynamoDB Upgrade & Patching
Information Technology,Databases,DynamoDB Scripting
Information Technology,Databases,DynamoDB Best Practices
Information Technology,Databases,Firebase Realtime Database
Information Technology,Databases,Firebase Realtime Database Administration
Information Technology,Databases,Firebase Realtime Database Development
Information Technology,Databases,Firebase Realtime Database Configuration
Information Technology,Databases,Firebase Realtime Database Troubleshooting
Information Technology,Databases,Firebase Realtime Database Integration
Information Technology,Databases,Firebase Realtime Database Deployment
Information Technology,Databases,Firebase Realtime Database Security Hardening
Information Technology,Databases,Firebase Realtime Database Performance Optimization
Information Technology,Databases,Firebase Realtime Database Migration
Information Technology,Databases,Firebase Realtime Database Automation
Information Technology,Databases,Firebase Realtime Database Support & Maintenance
Information Technology,Databases,Firebase Realtime Database Monitoring
Information Technology,Databases,Firebase Realtime Database Architecture Design
Information Technology,Databases,Firebase Realtime Database Upgrade & Patching
Information Technology,Databases,Firebase Realtime Database Scripting
Information Technology,Databases,Firebase Realtime Database Best Practices
Information Technology,Databases,Firestore
Information Technology,Databases,Firestore Administration
Information Technology,Databases,Firestore Development
Information Technology,Databases,Firestore Configuration
Information Technology,Databases,Firestore Troubleshooting
Information Technology,Databases,Firestore Integration
Information Technology,Databases,Firestore Deployment
Information Technology,Databases,Firestore Security Hardening
Information Technology,Databases,Firestore Performance Optimization
Information Technology,Databases,Firestore Migration
Information Technology,Databases,Firestore Automation
Information Technology,Databases,Firestore Support & Maintenance
Information Technology,Databases,Firestore Monitoring
Information Technology,Databases,Firestore Architecture Design
Information Technology,Databases,Firestore Upgrade & Patching
Information Technology,Databases,Firestore Scripting
Information Technology,Databases,Firestore Best Practices
Information Technology,Databases,Elasticsearch
Information Technology,Databases,Elasticsearch Administration
Information Technology,Databases,Elasticsearch Development
Information Technology,Databases,Elasticsearch Configuration
Information Technology,Databases,Elasticsearch Troubleshooting
Information Technology,Databases,Elasticsearch Integration
Information Technology,Databases,Elasticsearch Deployment
Information Technology,Databases,Elasticsearch Security Hardening
Information Technology,Databases,Elasticsearch Performance Optimization
Information Technology,Databases,Elasticsearch Migration
Information Technology,Databases,Elasticsearch Automation
Information Technology,Databases,Elasticsearch Support & Maintenance
Information Technology,Databases,Elasticsearch Monitoring
Information Technology,Databases,Elasticsearch Architecture Design
Information Technology,Databases,Elasticsearch Upgrade & Patching
Information Technology,Databases,Elasticsearch Scripting
Information Technology,Databases,Elasticsearch Best Practices
Information Technology,Databases,InfluxDB
Information Technology,Databases,InfluxDB Administration
Information Technology,Databases,InfluxDB Development
Information Technology,Databases,InfluxDB Configuration
Information Technology,Databases,InfluxDB Troubleshooting
Information Technology,Databases,InfluxDB Integration
Information Technology,Databases,InfluxDB Deployment
Information Technology,Databases,InfluxDB Security Hardening
Information Technology,Databases,InfluxDB Performance Optimization
Information Technology,Databases,InfluxDB Migration
Information Technology,Databases,InfluxDB Automation
Information Technology,Databases,InfluxDB Support & Maintenance
Information Technology,Databases,InfluxDB Monitoring
Information Technology,Databases,InfluxDB Architecture Design
Information Technology,Databases,InfluxDB Upgrade & Patching
Information Technology,Databases,InfluxDB Scripting
Information Technology,Databases,InfluxDB Best Practices
Information Technology,Databases,TimescaleDB
Information Technology,Databases,TimescaleDB Administration
Information Technology,Databases,TimescaleDB Development
Information Technology,Databases,TimescaleDB Configuration
Information Technology,Databases,TimescaleDB Troubleshooting
Information Technology,Databases,TimescaleDB Integration
Information Technology,Databases,TimescaleDB Deployment
Information Technology,Databases,TimescaleDB Security Hardening
Information Technology,Databases,TimescaleDB Performance Optimization
Information Technology,Databases,TimescaleDB Migration
Information Technology,Databases,TimescaleDB Automation
Information Technology,Databases,TimescaleDB Support & Maintenance
Information Technology,Databases,TimescaleDB Monitoring
Information Technology,Databases,TimescaleDB Architecture Design
Information Technology,Databases,TimescaleDB Upgrade & Patching
Information Technology,Databases,TimescaleDB Scripting
Information Technology,Databases,TimescaleDB Best Practices
Information Technology,Databases,CockroachDB
Information Technology,Databases,CockroachDB Administration
Information Technology,Databases,CockroachDB Development
Information Technology,Databases,CockroachDB Configuration
Information Technology,Databases,CockroachDB Troubleshooting
Information Technology,Databases,CockroachDB Integration
Information Technology,Databases,CockroachDB Deployment
Information Technology,Databases,CockroachDB Security Hardening
Information Technology,Databases,CockroachDB Performance Optimization
Information Technology,Databases,CockroachDB Migration
Information Technology,Databases,CockroachDB Automation
Information Technology,Databases,CockroachDB Support & Maintenance
Information Technology,Databases,CockroachDB Monitoring
Information Technology,Databases,CockroachDB Architecture Design
Information Technology,Databases,CockroachDB Upgrade & Patching
Information Technology,Databases,CockroachDB Scripting
Information Technology,Databases,CockroachDB Best Practices
Information Technology,Databases,Amazon Aurora
Information Technology,Databases,Amazon Aurora Administration
Information Technology,Databases,Amazon Aurora Development
Information Technology,Databases,Amazon Aurora Configuration
Information Technology,Databases,Amazon Aurora Troubleshooting
Information Technology,Databases,Amazon Aurora Integration
Information Technology,Databases,Amazon Aurora Deployment
Information Technology,Databases,Amazon Aurora Security Hardening
Information Technology,Databases,Amazon Aurora Performance Optimization
Information Technology,Databases,Amazon Aurora Migration
Information Technology,Databases,Amazon Aurora Automation
Information Technology,Databases,Amazon Aurora Support & Maintenance
Information Technology,Databases,Amazon Aurora Monitoring
Information Technology,Databases,Amazon Aurora Architecture Design
Information Technology,Databases,Amazon Aurora Upgrade & Patching
Information Technology,Databases,Amazon Aurora Scripting
Information Technology,Databases,Amazon Aurora Best Practices
Information Technology,Databases,Snowflake
Information Technology,Databases,Snowflake Administration
Information Technology,Databases,Snowflake Development
Information Technology,Databases,Snowflake Configuration
Information Technology,Databases,Snowflake Troubleshooting
Information Technology,Databases,Snowflake Integration
Information Technology,Databases,Snowflake Deployment
Information Technology,Databases,Snowflake Security Hardening
Information Technology,Databases,Snowflake Performance Optimization
Information Technology,Databases,Snowflake Migration
Information Technology,Databases,Snowflake Automation
Information Technology,Databases,Snowflake Support & Maintenance
Information Technology,Databases,Snowflake Monitoring
Information Technology,Databases,Snowflake Architecture Design
Information Technology,Databases,Snowflake Upgrade & Patching
Information Technology,Databases,Snowflake Scripting
Information Technology,Databases,Snowflake Best Practices
Information Technology,Databases,Amazon Redshift
Information Technology,Databases,Amazon Redshift Administration
Information Technology,Databases,Amazon Redshift Development
Information Technology,Databases,Amazon Redshift Configuration
Information Technology,Databases,Amazon Redshift Troubleshooting
Information Technology,Databases,Amazon Redshift Integration
Information Technology,Databases,Amazon Redshift Deployment
Information Technology,Databases,Amazon Redshift Security Hardening
Information Technology,Databases,Amazon Redshift Performance Optimization
Information Technology,Databases,Amazon Redshift Migration
Information Technology,Databases,Amazon Redshift Automation
Information Technology,Databases,Amazon Redshift Support & Maintenance
Information Technology,Databases,Amazon Redshift Monitoring
Information Technology,Databases,Amazon Redshift Architecture Design
Information Technology,Databases,Amazon Redshift Upgrade & Patching
Information Technology,Databases,Amazon Redshift Scripting
Information Technology,Databases,Amazon Redshift Best Practices
Information Technology,Databases,Google BigQuery
Information Technology,Databases,Google BigQuery Administration
Information Technology,Databases,Google BigQuery Development
Information Technology,Databases,Google BigQuery Configuration
Information Technology,Databases,Google BigQuery Troubleshooting
Information Technology,Databases,Google BigQuery Integration
Information Technology,Databases,Google BigQuery Deployment
Information Technology,Databases,Google BigQuery Security Hardening
Information Technology,Databases,Google BigQuery Performance Optimization
Information Technology,Databases,Google BigQuery Migration
Information Technology,Databases,Google BigQuery Automation
Information Technology,Databases,Google BigQuery Support & Maintenance
Information Technology,Databases,Google BigQuery Monitoring
Information Technology,Databases,Google BigQuery Architecture Design
Information Technology,Databases,Google BigQuery Upgrade & Patching
Information Technology,Databases,Google BigQuery Scripting
Information Technology,Databases,Google BigQuery Best Practices
Information Technology,Databases,Teradata
Information Technology,Databases,Teradata Administration
Information Technology,Databases,Teradata Development
Information Technology,Databases,Teradata Configuration
Information Technology,Databases,Teradata Troubleshooting
Information Technology,Databases,Teradata Integration
Information Technology,Databases,Teradata Deployment
Information Technology,Databases,Teradata Security Hardening
Information Technology,Databases,Teradata Performance Optimization
Information Technology,Databases,Teradata Migration
Information Technology,Databases,Teradata Automation
Information Technology,Databases,Teradata Support & Maintenance
Information Technology,Databases,Teradata Monitoring
Information Technology,Databases,Teradata Architecture Design
Information Technology,Databases,Teradata Upgrade & Patching
Information Technology,Databases,Teradata Scripting
Information Technology,Databases,Teradata Best Practices
Information Technology,Databases,IBM Db2
Information Technology,Databases,IBM Db2 Administration
Information Technology,Databases,IBM Db2 Development
Information Technology,Databases,IBM Db2 Configuration
Information Technology,Databases,IBM Db2 Troubleshooting
Information Technology,Databases,IBM Db2 Integration
Information Technology,Databases,IBM Db2 Deployment
Information Technology,Databases,IBM Db2 Security Hardening
Information Technology,Databases,IBM Db2 Performance Optimization
Information Technology,Databases,IBM Db2 Migration
Information Technology,Databases,IBM Db2 Automation
Information Technology,Databases,IBM Db2 Support & Maintenance
Information Technology,Databases,IBM Db2 Monitoring
Information Technology,Databases,IBM Db2 Architecture Design
Information Technology,Databases,IBM Db2 Upgrade & Patching
Information Technology,Databases,IBM Db2 Scripting
Information Technology,Databases,IBM Db2 Best Practices
Information Technology,Databases,SAP HANA
Information Technology,Databases,SAP HANA Administration
Information Technology,Databases,SAP HANA Development
Information Technology,Databases,SAP HANA Configuration
Information Technology,Databases,SAP HANA Troubleshooting
Information Technology,Databases,SAP HANA Integration
Information Technology,Databases,SAP HANA Deployment
Information Technology,Databases,SAP HANA Security Hardening
Information Technology,Databases,SAP HANA Performance Optimization
Information Technology,Databases,SAP HANA Migration
Information Technology,Databases,SAP HANA Automation
Information Technology,Databases,SAP HANA Support & Maintenance
Information Technology,Databases,SAP HANA Monitoring
Information Technology,Databases,SAP HANA Architecture Design
Information Technology,Databases,SAP HANA Upgrade & Patching
Information Technology,Databases,SAP HANA Scripting
Information Technology,Databases,SAP HANA Best Practices
Information Technology,Databases,HBase
Information Technology,Databases,HBase Administration
Information Technology,Databases,HBase Development
Information Technology,Databases,HBase Configuration
Information Technology,Databases,HBase Troubleshooting
Information Technology,Databases,HBase Integration
Information Technology,Databases,HBase Deployment
Information Technology,Databases,HBase Security Hardening
Information Technology,Databases,HBase Performance Optimization
Information Technology,Databases,HBase Migration
Information Technology,Databases,HBase Automation
Information Technology,Databases,HBase Support & Maintenance
Information Technology,Databases,HBase Monitoring
Information Technology,Databases,HBase Architecture Design
Information Technology,Databases,HBase Upgrade & Patching
Information Technology,Databases,HBase Scripting
Information Technology,Databases,HBase Best Practices
Information Technology,Databases,ClickHouse
Information Technology,Databases,ClickHouse Administration
Information Technology,Databases,ClickHouse Development
Information Technology,Databases,ClickHouse Configuration
Information Technology,Databases,ClickHouse Troubleshooting
Information Technology,Databases,ClickHouse Integration
Information Technology,Databases,ClickHouse Deployment
Information Technology,Databases,ClickHouse Security Hardening
Information Technology,Databases,ClickHouse Performance Optimization
Information Technology,Databases,ClickHouse Migration
Information Technology,Databases,ClickHouse Automation
Information Technology,Databases,ClickHouse Support & Maintenance
Information Technology,Databases,ClickHouse Monitoring
Information Technology,Databases,ClickHouse Architecture Design
Information Technology,Databases,ClickHouse Upgrade & Patching
Information Technology,Databases,ClickHouse Scripting
Information Technology,Databases,ClickHouse Best Practices
Information Technology,Databases,Memcached
Information Technology,Databases,Memcached Administration
Information Technology,Databases,Memcached Development
Information Technology,Databases,Memcached Configuration
Information Technology,Databases,Memcached Troubleshooting
Information Technology,Databases,Memcached Integration
Information Technology,Databases,Memcached Deployment
Information Technology,Databases,Memcached Security Hardening
Information Technology,Databases,Memcached Performance Optimization
Information Technology,Databases,Memcached Migration
Information Technology,Databases,Memcached Automation
Information Technology,Databases,Memcached Support & Maintenance
Information Technology,Databases,Memcached Monitoring
Information Technology,Databases,Memcached Architecture Design
Information Technology,Databases,Memcached Upgrade & Patching
Information Technology,Databases,Memcached Scripting
Information Technology,Databases,Memcached Best Practices
Information Technology,Databases,RocksDB
Information Technology,Databases,RocksDB Administration
Information Technology,Databases,RocksDB Development
Information Technology,Databases,RocksDB Configuration
Information Technology,Databases,RocksDB Troubleshooting
Information Technology,Databases,RocksDB Integration
Information Technology,Databases,RocksDB Deployment
Information Technology,Databases,RocksDB Security Hardening
Information Technology,Databases,RocksDB Performance Optimization
Information Technology,Databases,RocksDB Migration
Information Technology,Databases,RocksDB Automation
Information Technology,Databases,RocksDB Support & Maintenance
Information Technology,Databases,RocksDB Monitoring
Information Technology,Databases,RocksDB Architecture Design
Information Technology,Databases,RocksDB Upgrade & Patching
Information Technology,Databases,RocksDB Scripting
Information Technology,Databases,RocksDB Best Practices
Information Technology,Databases,Etcd
Information Technology,Databases,Etcd Administration
Information Technology,Databases,Etcd Development
Information Technology,Databases,Etcd Configuration
Information Technology,Databases,Etcd Troubleshooting
Information Technology,Databases,Etcd Integration
Information Technology,Databases,Etcd Deployment
Information Technology,Databases,Etcd Security Hardening
Information Technology,Databases,Etcd Performance Optimization
Information Technology,Databases,Etcd Migration
Information Technology,Databases,Etcd Automation
Information Technology,Databases,Etcd Support & Maintenance
Information Technology,Databases,Etcd Monitoring
Information Technology,Databases,Etcd Architecture Design
Information Technology,Databases,Etcd Upgrade & Patching
Information Technology,Databases,Etcd Scripting
Information Technology,Databases,Etcd Best Practices
Information Technology,Databases,ArangoDB
Information Technology,Databases,ArangoDB Administration
Information Technology,Databases,ArangoDB Development
Information Technology,Databases,ArangoDB Configuration
Information Technology,Databases,ArangoDB Troubleshooting
Information Technology,Databases,ArangoDB Integration
Information Technology,Databases,ArangoDB Deployment
Information Technology,Databases,ArangoDB Security Hardening
Information Technology,Databases,ArangoDB Performance Optimization
Information Technology,Databases,ArangoDB Migration
Information Technology,Databases,ArangoDB Automation
Information Technology,Databases,ArangoDB Support & Maintenance
Information Technology,Databases,ArangoDB Monitoring
Information Technology,Databases,ArangoDB Architecture Design
Information Technology,Databases,ArangoDB Upgrade & Patching
Information Technology,Databases,ArangoDB Scripting
Information Technology,Databases,ArangoDB Best Practices
Information Technology,Databases,RethinkDB
Information Technology,Databases,RethinkDB Administration
Information Technology,Databases,RethinkDB Development
Information Technology,Databases,RethinkDB Configuration
Information Technology,Databases,RethinkDB Troubleshooting
Information Technology,Databases,RethinkDB Integration
Information Technology,Databases,RethinkDB Deployment
Information Technology,Databases,RethinkDB Security Hardening
Information Technology,Databases,RethinkDB Performance Optimization
Information Technology,Databases,RethinkDB Migration
Information Technology,Databases,RethinkDB Automation
Information Technology,Databases,RethinkDB Support & Maintenance
Information Technology,Databases,RethinkDB Monitoring
Information Technology,Databases,RethinkDB Architecture Design
Information Technology,Databases,RethinkDB Upgrade & Patching
Information Technology,Databases,RethinkDB Scripting
Information Technology,Databases,RethinkDB Best Practices
Information Technology,Databases,OrientDB
Information Technology,Databases,OrientDB Administration
Information Technology,Databases,OrientDB Development
Information Technology,Databases,OrientDB Configuration
Information Technology,Databases,OrientDB Troubleshooting
Information Technology,Databases,OrientDB Integration
Information Technology,Databases,OrientDB Deployment
Information Technology,Databases,OrientDB Security Hardening
Information Technology,Databases,OrientDB Performance Optimization
Information Technology,Databases,OrientDB Migration
Information Technology,Databases,OrientDB Automation
Information Technology,Databases,OrientDB Support & Maintenance
Information Technology,Databases,OrientDB Monitoring
Information Technology,Databases,OrientDB Architecture Design
Information Technology,Databases,OrientDB Upgrade & Patching
Information Technology,Databases,OrientDB Scripting
Information Technology,Databases,OrientDB Best Practices
Information Technology,Databases,Amazon DocumentDB
Information Technology,Databases,Amazon DocumentDB Administration
Information Technology,Databases,Amazon DocumentDB Development
Information Technology,Databases,Amazon DocumentDB Configuration
Information Technology,Databases,Amazon DocumentDB Troubleshooting
Information Technology,Databases,Amazon DocumentDB Integration
Information Technology,Databases,Amazon DocumentDB Deployment
Information Technology,Databases,Amazon DocumentDB Security Hardening
Information Technology,Databases,Amazon DocumentDB Performance Optimization
Information Technology,Databases,Amazon DocumentDB Migration
Information Technology,Databases,Amazon DocumentDB Automation
Information Technology,Databases,Amazon DocumentDB Support & Maintenance
Information Technology,Databases,Amazon DocumentDB Monitoring
Information Technology,Databases,Amazon DocumentDB Architecture Design
Information Technology,Databases,Amazon DocumentDB Upgrade & Patching
Information Technology,Databases,Amazon DocumentDB Scripting
Information Technology,Databases,Amazon DocumentDB Best Practices
Information Technology,Databases,Supabase
Information Technology,Databases,Supabase Administration
Information Technology,Databases,Supabase Development
Information Technology,Databases,Supabase Configuration
Information Technology,Databases,Supabase Troubleshooting
Information Technology,Databases,Supabase Integration
Information Technology,Databases,Supabase Deployment
Information Technology,Databases,Supabase Security Hardening
Information Technology,Databases,Supabase Performance Optimization
Information Technology,Databases,Supabase Migration
Information Technology,Databases,Supabase Automation
Information Technology,Databases,Supabase Support & Maintenance
Information Technology,Databases,Supabase Monitoring
Information Technology,Databases,Supabase Architecture Design
Information Technology,Databases,Supabase Upgrade & Patching
Information Technology,Databases,Supabase Scripting
Information Technology,Databases,Supabase Best Practices
Information Technology,Databases,PlanetScale
Information Technology,Databases,PlanetScale Administration
Information Technology,Databases,PlanetScale Development
Information Technology,Databases,PlanetScale Configuration
Information Technology,Databases,PlanetScale Troubleshooting
Information Technology,Databases,PlanetScale Integration
Information Technology,Databases,PlanetScale Deployment
Information Technology,Databases,PlanetScale Security Hardening
Information Technology,Databases,PlanetScale Performance Optimization
Information Technology,Databases,PlanetScale Migration
Information Technology,Databases,PlanetScale Automation
Information Technology,Databases,PlanetScale Support & Maintenance
Information Technology,Databases,PlanetScale Monitoring
Information Technology,Databases,PlanetScale Architecture Design
Information Technology,Databases,PlanetScale Upgrade & Patching
Information Technology,Databases,PlanetScale Scripting
Information Technology,Databases,PlanetScale Best Practices
Information Technology,Databases,FaunaDB
Information Technology,Databases,FaunaDB Administration
Information Technology,Databases,FaunaDB Development
Information Technology,Databases,FaunaDB Configuration
Information Technology,Databases,FaunaDB Troubleshooting
Information Technology,Databases,FaunaDB Integration
Information Technology,Databases,FaunaDB Deployment
Information Technology,Databases,FaunaDB Security Hardening
Information Technology,Databases,FaunaDB Performance Optimization
Information Technology,Databases,FaunaDB Migration
Information Technology,Databases,FaunaDB Automation
Information Technology,Databases,FaunaDB Support & Maintenance
Information Technology,Databases,FaunaDB Monitoring
Information Technology,Databases,FaunaDB Architecture Design
Information Technology,Databases,FaunaDB Upgrade & Patching
Information Technology,Databases,FaunaDB Scripting
Information Technology,Databases,FaunaDB Best Practices
Information Technology,Databases,Vertica
Information Technology,Databases,Vertica Administration
Information Technology,Databases,Vertica Development
Information Technology,Databases,Vertica Configuration
Information Technology,Databases,Vertica Troubleshooting
Information Technology,Databases,Vertica Integration
Information Technology,Databases,Vertica Deployment
Information Technology,Databases,Vertica Security Hardening
Information Technology,Databases,Vertica Performance Optimization
Information Technology,Databases,Vertica Migration
Information Technology,Databases,Vertica Automation
Information Technology,Databases,Vertica Support & Maintenance
Information Technology,Databases,Vertica Monitoring
Information Technology,Databases,Vertica Architecture Design
Information Technology,Databases,Vertica Upgrade & Patching
Information Technology,Databases,Vertica Scripting
Information Technology,Databases,Vertica Best Practices
Information Technology,Databases,Greenplum
Information Technology,Databases,Greenplum Administration
Information Technology,Databases,Greenplum Development
Information Technology,Databases,Greenplum Configuration
Information Technology,Databases,Greenplum Troubleshooting
Information Technology,Databases,Greenplum Integration
Information Technology,Databases,Greenplum Deployment
Information Technology,Databases,Greenplum Security Hardening
Information Technology,Databases,Greenplum Performance Optimization
Information Technology,Databases,Greenplum Migration
Information Technology,Databases,Greenplum Automation
Information Technology,Databases,Greenplum Support & Maintenance
Information Technology,Databases,Greenplum Monitoring
Information Technology,Databases,Greenplum Architecture Design
Information Technology,Databases,Greenplum Upgrade & Patching
Information Technology,Databases,Greenplum Scripting
Information Technology,Databases,Greenplum Best Practices
Information Technology,Databases,Sybase
Information Technology,Databases,Sybase Administration
Information Technology,Databases,Sybase Development
Information Technology,Databases,Sybase Configuration
Information Technology,Databases,Sybase Troubleshooting
Information Technology,Databases,Sybase Integration
Information Technology,Databases,Sybase Deployment
Information Technology,Databases,Sybase Security Hardening
Information Technology,Databases,Sybase Performance Optimization
Information Technology,Databases,Sybase Migration
Information Technology,Databases,Sybase Automation
Information Technology,Databases,Sybase Support & Maintenance
Information Technology,Databases,Sybase Monitoring
Information Technology,Databases,Sybase Architecture Design
Information Technology,Databases,Sybase Upgrade & Patching
Information Technology,Databases,Sybase Scripting
Information Technology,Databases,Sybase Best Practices
Information Technology,Databases,Informix
Information Technology,Databases,Informix Administration
Information Technology,Databases,Informix Development
Information Technology,Databases,Informix Configuration
Information Technology,Databases,Informix Troubleshooting
Information Technology,Databases,Informix Integration
Information Technology,Databases,Informix Deployment
Information Technology,Databases,Informix Security Hardening
Information Technology,Databases,Informix Performance Optimization
Information Technology,Databases,Informix Migration
Information Technology,Databases,Informix Automation
Information Technology,Databases,Informix Support & Maintenance
Information Technology,Databases,Informix Monitoring
Information Technology,Databases,Informix Architecture Design
Information Technology,Databases,Informix Upgrade & Patching
Information Technology,Databases,Informix Scripting
Information Technology,Databases,Informix Best Practices
Information Technology,Databases,Apache Derby
Information Technology,Databases,Apache Derby Administration
Information Technology,Databases,Apache Derby Development
Information Technology,Databases,Apache Derby Configuration
Information Technology,Databases,Apache Derby Troubleshooting
Information Technology,Databases,Apache Derby Integration
Information Technology,Databases,Apache Derby Deployment
Information Technology,Databases,Apache Derby Security Hardening
Information Technology,Databases,Apache Derby Performance Optimization
Information Technology,Databases,Apache Derby Migration
Information Technology,Databases,Apache Derby Automation
Information Technology,Databases,Apache Derby Support & Maintenance
Information Technology,Databases,Apache Derby Monitoring
Information Technology,Databases,Apache Derby Architecture Design
Information Technology,Databases,Apache Derby Upgrade & Patching
Information Technology,Databases,Apache Derby Scripting
Information Technology,Databases,Apache Derby Best Practices
Information Technology,Databases,Apache Ignite
Information Technology,Databases,Apache Ignite Administration
Information Technology,Databases,Apache Ignite Development
Information Technology,Databases,Apache Ignite Configuration
Information Technology,Databases,Apache Ignite Troubleshooting
Information Technology,Databases,Apache Ignite Integration
Information Technology,Databases,Apache Ignite Deployment
Information Technology,Databases,Apache Ignite Security Hardening
Information Technology,Databases,Apache Ignite Performance Optimization
Information Technology,Databases,Apache Ignite Migration
Information Technology,Databases,Apache Ignite Automation
Information Technology,Databases,Apache Ignite Support & Maintenance
Information Technology,Databases,Apache Ignite Monitoring
Information Technology,Databases,Apache Ignite Architecture Design
Information Technology,Databases,Apache Ignite Upgrade & Patching
Information Technology,Databases,Apache Ignite Scripting
Information Technology,Databases,Apache Ignite Best Practices
Information Technology,Databases,Realm Database
Information Technology,Databases,Realm Database Administration
Information Technology,Databases,Realm Database Development
Information Technology,Databases,Realm Database Configuration
Information Technology,Databases,Realm Database Troubleshooting
Information Technology,Databases,Realm Database Integration
Information Technology,Databases,Realm Database Deployment
Information Technology,Databases,Realm Database Security Hardening
Information Technology,Databases,Realm Database Performance Optimization
Information Technology,Databases,Realm Database Migration
Information Technology,Databases,Realm Database Automation
Information Technology,Databases,Realm Database Support & Maintenance
Information Technology,Databases,Realm Database Monitoring
Information Technology,Databases,Realm Database Architecture Design
Information Technology,Databases,Realm Database Upgrade & Patching
Information Technology,Databases,Realm Database Scripting
Information Technology,Databases,Realm Database Best Practices
Information Technology,Databases,LevelDB
Information Technology,Databases,LevelDB Administration
Information Technology,Databases,LevelDB Development
Information Technology,Databases,LevelDB Configuration
Information Technology,Databases,LevelDB Troubleshooting
Information Technology,Databases,LevelDB Integration
Information Technology,Databases,LevelDB Deployment
Information Technology,Databases,LevelDB Security Hardening
Information Technology,Databases,LevelDB Performance Optimization
Information Technology,Databases,LevelDB Migration
Information Technology,Databases,LevelDB Automation
Information Technology,Databases,LevelDB Support & Maintenance
Information Technology,Databases,LevelDB Monitoring
Information Technology,Databases,LevelDB Architecture Design
Information Technology,Databases,LevelDB Upgrade & Patching
Information Technology,Databases,LevelDB Scripting
Information Technology,Databases,LevelDB Best Practices
Information Technology,Databases,Percona Server
Information Technology,Databases,Percona Server Administration
Information Technology,Databases,Percona Server Development
Information Technology,Databases,Percona Server Configuration
Information Technology,Databases,Percona Server Troubleshooting
Information Technology,Databases,Percona Server Integration
Information Technology,Databases,Percona Server Deployment
Information Technology,Databases,Percona Server Security Hardening
Information Technology,Databases,Percona Server Performance Optimization
Information Technology,Databases,Percona Server Migration
Information Technology,Databases,Percona Server Automation
Information Technology,Databases,Percona Server Support & Maintenance
Information Technology,Databases,Percona Server Monitoring
Information Technology,Databases,Percona Server Architecture Design
Information Technology,Databases,Percona Server Upgrade & Patching
Information Technology,Databases,Percona Server Scripting
Information Technology,Databases,Percona Server Best Practices
Information Technology,Databases,TiDB
Information Technology,Databases,TiDB Administration
Information Technology,Databases,TiDB Development
Information Technology,Databases,TiDB Configuration
Information Technology,Databases,TiDB Troubleshooting
Information Technology,Databases,TiDB Integration
Information Technology,Databases,TiDB Deployment
Information Technology,Databases,TiDB Security Hardening
Information Technology,Databases,TiDB Performance Optimization
Information Technology,Databases,TiDB Migration
Information Technology,Databases,TiDB Automation
Information Technology,Databases,TiDB Support & Maintenance
Information Technology,Databases,TiDB Monitoring
Information Technology,Databases,TiDB Architecture Design
Information Technology,Databases,TiDB Upgrade & Patching
Information Technology,Databases,TiDB Scripting
Information Technology,Databases,TiDB Best Practices
Information Technology,Databases,YugabyteDB
Information Technology,Databases,YugabyteDB Administration
Information Technology,Databases,YugabyteDB Development
Information Technology,Databases,YugabyteDB Configuration
Information Technology,Databases,YugabyteDB Troubleshooting
Information Technology,Databases,YugabyteDB Integration
Information Technology,Databases,YugabyteDB Deployment
Information Technology,Databases,YugabyteDB Security Hardening
Information Technology,Databases,YugabyteDB Performance Optimization
Information Technology,Databases,YugabyteDB Migration
Information Technology,Databases,YugabyteDB Automation
Information Technology,Databases,YugabyteDB Support & Maintenance
Information Technology,Databases,YugabyteDB Monitoring
Information Technology,Databases,YugabyteDB Architecture Design
Information Technology,Databases,YugabyteDB Upgrade & Patching
Information Technology,Databases,YugabyteDB Scripting
Information Technology,Databases,YugabyteDB Best Practices
Information Technology,Cloud Platforms & Services,AWS EC2
Information Technology,Cloud Platforms & Services,AWS EC2 Administration
Information Technology,Cloud Platforms & Services,AWS EC2 Development
Information Technology,Cloud Platforms & Services,AWS EC2 Configuration
Information Technology,Cloud Platforms & Services,AWS EC2 Troubleshooting
Information Technology,Cloud Platforms & Services,AWS EC2 Integration
Information Technology,Cloud Platforms & Services,AWS EC2 Deployment
Information Technology,Cloud Platforms & Services,AWS EC2 Security Hardening
Information Technology,Cloud Platforms & Services,AWS EC2 Performance Optimization
Information Technology,Cloud Platforms & Services,AWS EC2 Migration
Information Technology,Cloud Platforms & Services,AWS EC2 Automation
Information Technology,Cloud Platforms & Services,AWS EC2 Support & Maintenance
Information Technology,Cloud Platforms & Services,AWS EC2 Monitoring
Information Technology,Cloud Platforms & Services,AWS EC2 Architecture Design
Information Technology,Cloud Platforms & Services,AWS EC2 Upgrade & Patching
Information Technology,Cloud Platforms & Services,AWS EC2 Scripting
Information Technology,Cloud Platforms & Services,AWS EC2 Best Practices
Information Technology,Cloud Platforms & Services,AWS S3
Information Technology,Cloud Platforms & Services,AWS S3 Administration
Information Technology,Cloud Platforms & Services,AWS S3 Development
Information Technology,Cloud Platforms & Services,AWS S3 Configuration
Information Technology,Cloud Platforms & Services,AWS S3 Troubleshooting
Information Technology,Cloud Platforms & Services,AWS S3 Integration
Information Technology,Cloud Platforms & Services,AWS S3 Deployment
Information Technology,Cloud Platforms & Services,AWS S3 Security Hardening
Information Technology,Cloud Platforms & Services,AWS S3 Performance Optimization
Information Technology,Cloud Platforms & Services,AWS S3 Migration
Information Technology,Cloud Platforms & Services,AWS S3 Automation
Information Technology,Cloud Platforms & Services,AWS S3 Support & Maintenance
Information Technology,Cloud Platforms & Services,AWS S3 Monitoring
Information Technology,Cloud Platforms & Services,AWS S3 Architecture Design
Information Technology,Cloud Platforms & Services,AWS S3 Upgrade & Patching
Information Technology,Cloud Platforms & Services,AWS S3 Scripting
Information Technology,Cloud Platforms & Services,AWS S3 Best Practices
Information Technology,Cloud Platforms & Services,AWS Lambda
Information Technology,Cloud Platforms & Services,AWS Lambda Administration
Information Technology,Cloud Platforms & Services,AWS Lambda Development
Information Technology,Cloud Platforms & Services,AWS Lambda Configuration
Information Technology,Cloud Platforms & Services,AWS Lambda Troubleshooting
Information Technology,Cloud Platforms & Services,AWS Lambda Integration
Information Technology,Cloud Platforms & Services,AWS Lambda Deployment
Information Technology,Cloud Platforms & Services,AWS Lambda Security Hardening
Information Technology,Cloud Platforms & Services,AWS Lambda Performance Optimization
Information Technology,Cloud Platforms & Services,AWS Lambda Migration
Information Technology,Cloud Platforms & Services,AWS Lambda Automation
Information Technology,Cloud Platforms & Services,AWS Lambda Support & Maintenance
Information Technology,Cloud Platforms & Services,AWS Lambda Monitoring
Information Technology,Cloud Platforms & Services,AWS Lambda Architecture Design
Information Technology,Cloud Platforms & Services,AWS Lambda Upgrade & Patching
Information Technology,Cloud Platforms & Services,AWS Lambda Scripting
Information Technology,Cloud Platforms & Services,AWS Lambda Best Practices
Information Technology,Cloud Platforms & Services,AWS RDS
Information Technology,Cloud Platforms & Services,AWS RDS Administration
Information Technology,Cloud Platforms & Services,AWS RDS Development
Information Technology,Cloud Platforms & Services,AWS RDS Configuration
Information Technology,Cloud Platforms & Services,AWS RDS Troubleshooting
Information Technology,Cloud Platforms & Services,AWS RDS Integration
Information Technology,Cloud Platforms & Services,AWS RDS Deployment
Information Technology,Cloud Platforms & Services,AWS RDS Security Hardening
Information Technology,Cloud Platforms & Services,AWS RDS Performance Optimization
Information Technology,Cloud Platforms & Services,AWS RDS Migration
Information Technology,Cloud Platforms & Services,AWS RDS Automation
Information Technology,Cloud Platforms & Services,AWS RDS Support & Maintenance
Information Technology,Cloud Platforms & Services,AWS RDS Monitoring
Information Technology,Cloud Platforms & Services,AWS RDS Architecture Design
Information Technology,Cloud Platforms & Services,AWS RDS Upgrade & Patching
Information Technology,Cloud Platforms & Services,AWS RDS Scripting
Information Technology,Cloud Platforms & Services,AWS RDS Best Practices
Information Technology,Cloud Platforms & Services,AWS IAM
Information Technology,Cloud Platforms & Services,AWS IAM Administration
Information Technology,Cloud Platforms & Services,AWS IAM Development
Information Technology,Cloud Platforms & Services,AWS IAM Configuration
Information Technology,Cloud Platforms & Services,AWS IAM Troubleshooting
Information Technology,Cloud Platforms & Services,AWS IAM Integration
Information Technology,Cloud Platforms & Services,AWS IAM Deployment
Information Technology,Cloud Platforms & Services,AWS IAM Security Hardening
Information Technology,Cloud Platforms & Services,AWS IAM Performance Optimization
Information Technology,Cloud Platforms & Services,AWS IAM Migration
Information Technology,Cloud Platforms & Services,AWS IAM Automation
Information Technology,Cloud Platforms & Services,AWS IAM Support & Maintenance
Information Technology,Cloud Platforms & Services,AWS IAM Monitoring
Information Technology,Cloud Platforms & Services,AWS IAM Architecture Design
Information Technology,Cloud Platforms & Services,AWS IAM Upgrade & Patching
Information Technology,Cloud Platforms & Services,AWS IAM Scripting
Information Technology,Cloud Platforms & Services,AWS IAM Best Practices
Information Technology,Cloud Platforms & Services,AWS VPC
Information Technology,Cloud Platforms & Services,AWS VPC Administration
Information Technology,Cloud Platforms & Services,AWS VPC Development
Information Technology,Cloud Platforms & Services,AWS VPC Configuration
Information Technology,Cloud Platforms & Services,AWS VPC Troubleshooting
Information Technology,Cloud Platforms & Services,AWS VPC Integration
Information Technology,Cloud Platforms & Services,AWS VPC Deployment
Information Technology,Cloud Platforms & Services,AWS VPC Security Hardening
Information Technology,Cloud Platforms & Services,AWS VPC Performance Optimization
Information Technology,Cloud Platforms & Services,AWS VPC Migration
Information Technology,Cloud Platforms & Services,AWS VPC Automation
Information Technology,Cloud Platforms & Services,AWS VPC Support & Maintenance
Information Technology,Cloud Platforms & Services,AWS VPC Monitoring
Information Technology,Cloud Platforms & Services,AWS VPC Architecture Design
Information Technology,Cloud Platforms & Services,AWS VPC Upgrade & Patching
Information Technology,Cloud Platforms & Services,AWS VPC Scripting
Information Technology,Cloud Platforms & Services,AWS VPC Best Practices
Information Technology,Cloud Platforms & Services,AWS CloudFormation
Information Technology,Cloud Platforms & Services,AWS CloudFormation Administration
Information Technology,Cloud Platforms & Services,AWS CloudFormation Development
Information Technology,Cloud Platforms & Services,AWS CloudFormation Configuration
Information Technology,Cloud Platforms & Services,AWS CloudFormation Troubleshooting
Information Technology,Cloud Platforms & Services,AWS CloudFormation Integration
Information Technology,Cloud Platforms & Services,AWS CloudFormation Deployment
Information Technology,Cloud Platforms & Services,AWS CloudFormation Security Hardening
Information Technology,Cloud Platforms & Services,AWS CloudFormation Performance Optimization
Information Technology,Cloud Platforms & Services,AWS CloudFormation Migration
Information Technology,Cloud Platforms & Services,AWS CloudFormation Automation
Information Technology,Cloud Platforms & Services,AWS CloudFormation Support & Maintenance
Information Technology,Cloud Platforms & Services,AWS CloudFormation Monitoring
Information Technology,Cloud Platforms & Services,AWS CloudFormation Architecture Design
Information Technology,Cloud Platforms & Services,AWS CloudFormation Upgrade & Patching
Information Technology,Cloud Platforms & Services,AWS CloudFormation Scripting
Information Technology,Cloud Platforms & Services,AWS CloudFormation Best Practices
Information Technology,Cloud Platforms & Services,AWS CloudFront
Information Technology,Cloud Platforms & Services,AWS CloudFront Administration
Information Technology,Cloud Platforms & Services,AWS CloudFront Development
Information Technology,Cloud Platforms & Services,AWS CloudFront Configuration
Information Technology,Cloud Platforms & Services,AWS CloudFront Troubleshooting
Information Technology,Cloud Platforms & Services,AWS CloudFront Integration
Information Technology,Cloud Platforms & Services,AWS CloudFront Deployment
Information Technology,Cloud Platforms & Services,AWS CloudFront Security Hardening
Information Technology,Cloud Platforms & Services,AWS CloudFront Performance Optimization
Information Technology,Cloud Platforms & Services,AWS CloudFront Migration
Information Technology,Cloud Platforms & Services,AWS CloudFront Automation
Information Technology,Cloud Platforms & Services,AWS CloudFront Support & Maintenance
Information Technology,Cloud Platforms & Services,AWS CloudFront Monitoring
Information Technology,Cloud Platforms & Services,AWS CloudFront Architecture Design
Information Technology,Cloud Platforms & Services,AWS CloudFront Upgrade & Patching
Information Technology,Cloud Platforms & Services,AWS CloudFront Scripting
Information Technology,Cloud Platforms & Services,AWS CloudFront Best Practices
Information Technology,Cloud Platforms & Services,AWS Route 53
Information Technology,Cloud Platforms & Services,AWS Route 53 Administration
Information Technology,Cloud Platforms & Services,AWS Route 53 Development
Information Technology,Cloud Platforms & Services,AWS Route 53 Configuration
Information Technology,Cloud Platforms & Services,AWS Route 53 Troubleshooting
Information Technology,Cloud Platforms & Services,AWS Route 53 Integration
Information Technology,Cloud Platforms & Services,AWS Route 53 Deployment
Information Technology,Cloud Platforms & Services,AWS Route 53 Security Hardening
Information Technology,Cloud Platforms & Services,AWS Route 53 Performance Optimization
Information Technology,Cloud Platforms & Services,AWS Route 53 Migration
Information Technology,Cloud Platforms & Services,AWS Route 53 Automation
Information Technology,Cloud Platforms & Services,AWS Route 53 Support & Maintenance
Information Technology,Cloud Platforms & Services,AWS Route 53 Monitoring
Information Technology,Cloud Platforms & Services,AWS Route 53 Architecture Design
Information Technology,Cloud Platforms & Services,AWS Route 53 Upgrade & Patching
Information Technology,Cloud Platforms & Services,AWS Route 53 Scripting
Information Technology,Cloud Platforms & Services,AWS Route 53 Best Practices
Information Technology,Cloud Platforms & Services,AWS SNS
Information Technology,Cloud Platforms & Services,AWS SNS Administration
Information Technology,Cloud Platforms & Services,AWS SNS Development
Information Technology,Cloud Platforms & Services,AWS SNS Configuration
Information Technology,Cloud Platforms & Services,AWS SNS Troubleshooting
Information Technology,Cloud Platforms & Services,AWS SNS Integration
Information Technology,Cloud Platforms & Services,AWS SNS Deployment
Information Technology,Cloud Platforms & Services,AWS SNS Security Hardening
Information Technology,Cloud Platforms & Services,AWS SNS Performance Optimization
Information Technology,Cloud Platforms & Services,AWS SNS Migration
Information Technology,Cloud Platforms & Services,AWS SNS Automation
Information Technology,Cloud Platforms & Services,AWS SNS Support & Maintenance
Information Technology,Cloud Platforms & Services,AWS SNS Monitoring
Information Technology,Cloud Platforms & Services,AWS SNS Architecture Design
Information Technology,Cloud Platforms & Services,AWS SNS Upgrade & Patching
Information Technology,Cloud Platforms & Services,AWS SNS Scripting
Information Technology,Cloud Platforms & Services,AWS SNS Best Practices
Information Technology,Cloud Platforms & Services,AWS SQS
Information Technology,Cloud Platforms & Services,AWS SQS Administration
Information Technology,Cloud Platforms & Services,AWS SQS Development
Information Technology,Cloud Platforms & Services,AWS SQS Configuration
Information Technology,Cloud Platforms & Services,AWS SQS Troubleshooting
Information Technology,Cloud Platforms & Services,AWS SQS Integration
Information Technology,Cloud Platforms & Services,AWS SQS Deployment
Information Technology,Cloud Platforms & Services,AWS SQS Security Hardening
Information Technology,Cloud Platforms & Services,AWS SQS Performance Optimization
Information Technology,Cloud Platforms & Services,AWS SQS Migration
Information Technology,Cloud Platforms & Services,AWS SQS Automation
Information Technology,Cloud Platforms & Services,AWS SQS Support & Maintenance
Information Technology,Cloud Platforms & Services,AWS SQS Monitoring
Information Technology,Cloud Platforms & Services,AWS SQS Architecture Design
Information Technology,Cloud Platforms & Services,AWS SQS Upgrade & Patching
Information Technology,Cloud Platforms & Services,AWS SQS Scripting
Information Technology,Cloud Platforms & Services,AWS SQS Best Practices
Information Technology,Cloud Platforms & Services,AWS EKS
Information Technology,Cloud Platforms & Services,AWS EKS Administration
Information Technology,Cloud Platforms & Services,AWS EKS Development
Information Technology,Cloud Platforms & Services,AWS EKS Configuration
Information Technology,Cloud Platforms & Services,AWS EKS Troubleshooting
Information Technology,Cloud Platforms & Services,AWS EKS Integration
Information Technology,Cloud Platforms & Services,AWS EKS Deployment
Information Technology,Cloud Platforms & Services,AWS EKS Security Hardening
Information Technology,Cloud Platforms & Services,AWS EKS Performance Optimization
Information Technology,Cloud Platforms & Services,AWS EKS Migration
Information Technology,Cloud Platforms & Services,AWS EKS Automation
Information Technology,Cloud Platforms & Services,AWS EKS Support & Maintenance
Information Technology,Cloud Platforms & Services,AWS EKS Monitoring
Information Technology,Cloud Platforms & Services,AWS EKS Architecture Design
Information Technology,Cloud Platforms & Services,AWS EKS Upgrade & Patching
Information Technology,Cloud Platforms & Services,AWS EKS Scripting
Information Technology,Cloud Platforms & Services,AWS EKS Best Practices
Information Technology,Cloud Platforms & Services,AWS ECS
Information Technology,Cloud Platforms & Services,AWS ECS Administration
Information Technology,Cloud Platforms & Services,AWS ECS Development
Information Technology,Cloud Platforms & Services,AWS ECS Configuration
Information Technology,Cloud Platforms & Services,AWS ECS Troubleshooting
Information Technology,Cloud Platforms & Services,AWS ECS Integration
Information Technology,Cloud Platforms & Services,AWS ECS Deployment
Information Technology,Cloud Platforms & Services,AWS ECS Security Hardening
Information Technology,Cloud Platforms & Services,AWS ECS Performance Optimization
Information Technology,Cloud Platforms & Services,AWS ECS Migration
Information Technology,Cloud Platforms & Services,AWS ECS Automation
Information Technology,Cloud Platforms & Services,AWS ECS Support & Maintenance
Information Technology,Cloud Platforms & Services,AWS ECS Monitoring
Information Technology,Cloud Platforms & Services,AWS ECS Architecture Design
Information Technology,Cloud Platforms & Services,AWS ECS Upgrade & Patching
Information Technology,Cloud Platforms & Services,AWS ECS Scripting
Information Technology,Cloud Platforms & Services,AWS ECS Best Practices
Information Technology,Cloud Platforms & Services,AWS Fargate
Information Technology,Cloud Platforms & Services,AWS Fargate Administration
Information Technology,Cloud Platforms & Services,AWS Fargate Development
Information Technology,Cloud Platforms & Services,AWS Fargate Configuration
Information Technology,Cloud Platforms & Services,AWS Fargate Troubleshooting
Information Technology,Cloud Platforms & Services,AWS Fargate Integration
Information Technology,Cloud Platforms & Services,AWS Fargate Deployment
Information Technology,Cloud Platforms & Services,AWS Fargate Security Hardening
Information Technology,Cloud Platforms & Services,AWS Fargate Performance Optimization
Information Technology,Cloud Platforms & Services,AWS Fargate Migration
Information Technology,Cloud Platforms & Services,AWS Fargate Automation
Information Technology,Cloud Platforms & Services,AWS Fargate Support & Maintenance
Information Technology,Cloud Platforms & Services,AWS Fargate Monitoring
Information Technology,Cloud Platforms & Services,AWS Fargate Architecture Design
Information Technology,Cloud Platforms & Services,AWS Fargate Upgrade & Patching
Information Technology,Cloud Platforms & Services,AWS Fargate Scripting
Information Technology,Cloud Platforms & Services,AWS Fargate Best Practices
Information Technology,Cloud Platforms & Services,AWS Glue
Information Technology,Cloud Platforms & Services,AWS Glue Administration
Information Technology,Cloud Platforms & Services,AWS Glue Development
Information Technology,Cloud Platforms & Services,AWS Glue Configuration
Information Technology,Cloud Platforms & Services,AWS Glue Troubleshooting
Information Technology,Cloud Platforms & Services,AWS Glue Integration
Information Technology,Cloud Platforms & Services,AWS Glue Deployment
Information Technology,Cloud Platforms & Services,AWS Glue Security Hardening
Information Technology,Cloud Platforms & Services,AWS Glue Performance Optimization
Information Technology,Cloud Platforms & Services,AWS Glue Migration
Information Technology,Cloud Platforms & Services,AWS Glue Automation
Information Technology,Cloud Platforms & Services,AWS Glue Support & Maintenance
Information Technology,Cloud Platforms & Services,AWS Glue Monitoring
Information Technology,Cloud Platforms & Services,AWS Glue Architecture Design
Information Technology,Cloud Platforms & Services,AWS Glue Upgrade & Patching
Information Technology,Cloud Platforms & Services,AWS Glue Scripting
Information Technology,Cloud Platforms & Services,AWS Glue Best Practices
Information Technology,Cloud Platforms & Services,AWS Athena
Information Technology,Cloud Platforms & Services,AWS Athena Administration
Information Technology,Cloud Platforms & Services,AWS Athena Development
Information Technology,Cloud Platforms & Services,AWS Athena Configuration
Information Technology,Cloud Platforms & Services,AWS Athena Troubleshooting
Information Technology,Cloud Platforms & Services,AWS Athena Integration
Information Technology,Cloud Platforms & Services,AWS Athena Deployment
Information Technology,Cloud Platforms & Services,AWS Athena Security Hardening
Information Technology,Cloud Platforms & Services,AWS Athena Performance Optimization
Information Technology,Cloud Platforms & Services,AWS Athena Migration
Information Technology,Cloud Platforms & Services,AWS Athena Automation
Information Technology,Cloud Platforms & Services,AWS Athena Support & Maintenance
Information Technology,Cloud Platforms & Services,AWS Athena Monitoring
Information Technology,Cloud Platforms & Services,AWS Athena Architecture Design
Information Technology,Cloud Platforms & Services,AWS Athena Upgrade & Patching
Information Technology,Cloud Platforms & Services,AWS Athena Scripting
Information Technology,Cloud Platforms & Services,AWS Athena Best Practices
Information Technology,Cloud Platforms & Services,AWS Kinesis
Information Technology,Cloud Platforms & Services,AWS Kinesis Administration
Information Technology,Cloud Platforms & Services,AWS Kinesis Development
Information Technology,Cloud Platforms & Services,AWS Kinesis Configuration
Information Technology,Cloud Platforms & Services,AWS Kinesis Troubleshooting
Information Technology,Cloud Platforms & Services,AWS Kinesis Integration
Information Technology,Cloud Platforms & Services,AWS Kinesis Deployment
Information Technology,Cloud Platforms & Services,AWS Kinesis Security Hardening
Information Technology,Cloud Platforms & Services,AWS Kinesis Performance Optimization
Information Technology,Cloud Platforms & Services,AWS Kinesis Migration
Information Technology,Cloud Platforms & Services,AWS Kinesis Automation
Information Technology,Cloud Platforms & Services,AWS Kinesis Support & Maintenance
Information Technology,Cloud Platforms & Services,AWS Kinesis Monitoring
Information Technology,Cloud Platforms & Services,AWS Kinesis Architecture Design
Information Technology,Cloud Platforms & Services,AWS Kinesis Upgrade & Patching
Information Technology,Cloud Platforms & Services,AWS Kinesis Scripting
Information Technology,Cloud Platforms & Services,AWS Kinesis Best Practices
Information Technology,Cloud Platforms & Services,AWS API Gateway
Information Technology,Cloud Platforms & Services,AWS API Gateway Administration
Information Technology,Cloud Platforms & Services,AWS API Gateway Development
Information Technology,Cloud Platforms & Services,AWS API Gateway Configuration
Information Technology,Cloud Platforms & Services,AWS API Gateway Troubleshooting
Information Technology,Cloud Platforms & Services,AWS API Gateway Integration
Information Technology,Cloud Platforms & Services,AWS API Gateway Deployment
Information Technology,Cloud Platforms & Services,AWS API Gateway Security Hardening
Information Technology,Cloud Platforms & Services,AWS API Gateway Performance Optimization
Information Technology,Cloud Platforms & Services,AWS API Gateway Migration
Information Technology,Cloud Platforms & Services,AWS API Gateway Automation
Information Technology,Cloud Platforms & Services,AWS API Gateway Support & Maintenance
Information Technology,Cloud Platforms & Services,AWS API Gateway Monitoring
Information Technology,Cloud Platforms & Services,AWS API Gateway Architecture Design
Information Technology,Cloud Platforms & Services,AWS API Gateway Upgrade & Patching
Information Technology,Cloud Platforms & Services,AWS API Gateway Scripting
Information Technology,Cloud Platforms & Services,AWS API Gateway Best Practices
Information Technology,Cloud Platforms & Services,AWS CloudWatch
Information Technology,Cloud Platforms & Services,AWS CloudWatch Administration
Information Technology,Cloud Platforms & Services,AWS CloudWatch Development
Information Technology,Cloud Platforms & Services,AWS CloudWatch Configuration
Information Technology,Cloud Platforms & Services,AWS CloudWatch Troubleshooting
Information Technology,Cloud Platforms & Services,AWS CloudWatch Integration
Information Technology,Cloud Platforms & Services,AWS CloudWatch Deployment
Information Technology,Cloud Platforms & Services,AWS CloudWatch Security Hardening
Information Technology,Cloud Platforms & Services,AWS CloudWatch Performance Optimization
Information Technology,Cloud Platforms & Services,AWS CloudWatch Migration
Information Technology,Cloud Platforms & Services,AWS CloudWatch Automation
Information Technology,Cloud Platforms & Services,AWS CloudWatch Support & Maintenance
Information Technology,Cloud Platforms & Services,AWS CloudWatch Monitoring
Information Technology,Cloud Platforms & Services,AWS CloudWatch Architecture Design
Information Technology,Cloud Platforms & Services,AWS CloudWatch Upgrade & Patching
Information Technology,Cloud Platforms & Services,AWS CloudWatch Scripting
Information Technology,Cloud Platforms & Services,AWS CloudWatch Best Practices
Information Technology,Cloud Platforms & Services,AWS Secrets Manager
Information Technology,Cloud Platforms & Services,AWS Secrets Manager Administration
Information Technology,Cloud Platforms & Services,AWS Secrets Manager Development
Information Technology,Cloud Platforms & Services,AWS Secrets Manager Configuration
Information Technology,Cloud Platforms & Services,AWS Secrets Manager Troubleshooting
Information Technology,Cloud Platforms & Services,AWS Secrets Manager Integration
Information Technology,Cloud Platforms & Services,AWS Secrets Manager Deployment
Information Technology,Cloud Platforms & Services,AWS Secrets Manager Security Hardening
Information Technology,Cloud Platforms & Services,AWS Secrets Manager Performance Optimization
Information Technology,Cloud Platforms & Services,AWS Secrets Manager Migration
Information Technology,Cloud Platforms & Services,AWS Secrets Manager Automation
Information Technology,Cloud Platforms & Services,AWS Secrets Manager Support & Maintenance
Information Technology,Cloud Platforms & Services,AWS Secrets Manager Monitoring
Information Technology,Cloud Platforms & Services,AWS Secrets Manager Architecture Design
Information Technology,Cloud Platforms & Services,AWS Secrets Manager Upgrade & Patching
Information Technology,Cloud Platforms & Services,AWS Secrets Manager Scripting
Information Technology,Cloud Platforms & Services,AWS Secrets Manager Best Practices
Information Technology,Cloud Platforms & Services,AWS Elastic Beanstalk
Information Technology,Cloud Platforms & Services,AWS Elastic Beanstalk Administration
Information Technology,Cloud Platforms & Services,AWS Elastic Beanstalk Development
Information Technology,Cloud Platforms & Services,AWS Elastic Beanstalk Configuration
Information Technology,Cloud Platforms & Services,AWS Elastic Beanstalk Troubleshooting
Information Technology,Cloud Platforms & Services,AWS Elastic Beanstalk Integration
Information Technology,Cloud Platforms & Services,AWS Elastic Beanstalk Deployment
Information Technology,Cloud Platforms & Services,AWS Elastic Beanstalk Security Hardening
Information Technology,Cloud Platforms & Services,AWS Elastic Beanstalk Performance Optimization
Information Technology,Cloud Platforms & Services,AWS Elastic Beanstalk Migration
Information Technology,Cloud Platforms & Services,AWS Elastic Beanstalk Automation
Information Technology,Cloud Platforms & Services,AWS Elastic Beanstalk Support & Maintenance
Information Technology,Cloud Platforms & Services,AWS Elastic Beanstalk Monitoring
Information Technology,Cloud Platforms & Services,AWS Elastic Beanstalk Architecture Design
Information Technology,Cloud Platforms & Services,AWS Elastic Beanstalk Upgrade & Patching
Information Technology,Cloud Platforms & Services,AWS Elastic Beanstalk Scripting
Information Technology,Cloud Platforms & Services,AWS Elastic Beanstalk Best Practices
Information Technology,Cloud Platforms & Services,AWS Step Functions
Information Technology,Cloud Platforms & Services,AWS Step Functions Administration
Information Technology,Cloud Platforms & Services,AWS Step Functions Development
Information Technology,Cloud Platforms & Services,AWS Step Functions Configuration
Information Technology,Cloud Platforms & Services,AWS Step Functions Troubleshooting
Information Technology,Cloud Platforms & Services,AWS Step Functions Integration
Information Technology,Cloud Platforms & Services,AWS Step Functions Deployment
Information Technology,Cloud Platforms & Services,AWS Step Functions Security Hardening
Information Technology,Cloud Platforms & Services,AWS Step Functions Performance Optimization
Information Technology,Cloud Platforms & Services,AWS Step Functions Migration
Information Technology,Cloud Platforms & Services,AWS Step Functions Automation
Information Technology,Cloud Platforms & Services,AWS Step Functions Support & Maintenance
Information Technology,Cloud Platforms & Services,AWS Step Functions Monitoring
Information Technology,Cloud Platforms & Services,AWS Step Functions Architecture Design
Information Technology,Cloud Platforms & Services,AWS Step Functions Upgrade & Patching
Information Technology,Cloud Platforms & Services,AWS Step Functions Scripting
Information Technology,Cloud Platforms & Services,AWS Step Functions Best Practices
Information Technology,Cloud Platforms & Services,AWS CodePipeline
Information Technology,Cloud Platforms & Services,AWS CodePipeline Administration
Information Technology,Cloud Platforms & Services,AWS CodePipeline Development
Information Technology,Cloud Platforms & Services,AWS CodePipeline Configuration
Information Technology,Cloud Platforms & Services,AWS CodePipeline Troubleshooting
Information Technology,Cloud Platforms & Services,AWS CodePipeline Integration
Information Technology,Cloud Platforms & Services,AWS CodePipeline Deployment
Information Technology,Cloud Platforms & Services,AWS CodePipeline Security Hardening
Information Technology,Cloud Platforms & Services,AWS CodePipeline Performance Optimization
Information Technology,Cloud Platforms & Services,AWS CodePipeline Migration
Information Technology,Cloud Platforms & Services,AWS CodePipeline Automation
Information Technology,Cloud Platforms & Services,AWS CodePipeline Support & Maintenance
Information Technology,Cloud Platforms & Services,AWS CodePipeline Monitoring
Information Technology,Cloud Platforms & Services,AWS CodePipeline Architecture Design
Information Technology,Cloud Platforms & Services,AWS CodePipeline Upgrade & Patching
Information Technology,Cloud Platforms & Services,AWS CodePipeline Scripting
Information Technology,Cloud Platforms & Services,AWS CodePipeline Best Practices
Information Technology,Cloud Platforms & Services,AWS CodeBuild
Information Technology,Cloud Platforms & Services,AWS CodeBuild Administration
Information Technology,Cloud Platforms & Services,AWS CodeBuild Development
Information Technology,Cloud Platforms & Services,AWS CodeBuild Configuration
Information Technology,Cloud Platforms & Services,AWS CodeBuild Troubleshooting
Information Technology,Cloud Platforms & Services,AWS CodeBuild Integration
Information Technology,Cloud Platforms & Services,AWS CodeBuild Deployment
Information Technology,Cloud Platforms & Services,AWS CodeBuild Security Hardening
Information Technology,Cloud Platforms & Services,AWS CodeBuild Performance Optimization
Information Technology,Cloud Platforms & Services,AWS CodeBuild Migration
Information Technology,Cloud Platforms & Services,AWS CodeBuild Automation
Information Technology,Cloud Platforms & Services,AWS CodeBuild Support & Maintenance
Information Technology,Cloud Platforms & Services,AWS CodeBuild Monitoring
Information Technology,Cloud Platforms & Services,AWS CodeBuild Architecture Design
Information Technology,Cloud Platforms & Services,AWS CodeBuild Upgrade & Patching
Information Technology,Cloud Platforms & Services,AWS CodeBuild Scripting
Information Technology,Cloud Platforms & Services,AWS CodeBuild Best Practices
Information Technology,Cloud Platforms & Services,AWS CodeDeploy
Information Technology,Cloud Platforms & Services,AWS CodeDeploy Administration
Information Technology,Cloud Platforms & Services,AWS CodeDeploy Development
Information Technology,Cloud Platforms & Services,AWS CodeDeploy Configuration
Information Technology,Cloud Platforms & Services,AWS CodeDeploy Troubleshooting
Information Technology,Cloud Platforms & Services,AWS CodeDeploy Integration
Information Technology,Cloud Platforms & Services,AWS CodeDeploy Deployment
Information Technology,Cloud Platforms & Services,AWS CodeDeploy Security Hardening
Information Technology,Cloud Platforms & Services,AWS CodeDeploy Performance Optimization
Information Technology,Cloud Platforms & Services,AWS CodeDeploy Migration
Information Technology,Cloud Platforms & Services,AWS CodeDeploy Automation
Information Technology,Cloud Platforms & Services,AWS CodeDeploy Support & Maintenance
Information Technology,Cloud Platforms & Services,AWS CodeDeploy Monitoring
Information Technology,Cloud Platforms & Services,AWS CodeDeploy Architecture Design
Information Technology,Cloud Platforms & Services,AWS CodeDeploy Upgrade & Patching
Information Technology,Cloud Platforms & Services,AWS CodeDeploy Scripting
Information Technology,Cloud Platforms & Services,AWS CodeDeploy Best Practices
Information Technology,Cloud Platforms & Services,AWS Organizations
Information Technology,Cloud Platforms & Services,AWS Organizations Administration
Information Technology,Cloud Platforms & Services,AWS Organizations Development
Information Technology,Cloud Platforms & Services,AWS Organizations Configuration
Information Technology,Cloud Platforms & Services,AWS Organizations Troubleshooting
Information Technology,Cloud Platforms & Services,AWS Organizations Integration
Information Technology,Cloud Platforms & Services,AWS Organizations Deployment
Information Technology,Cloud Platforms & Services,AWS Organizations Security Hardening
Information Technology,Cloud Platforms & Services,AWS Organizations Performance Optimization
Information Technology,Cloud Platforms & Services,AWS Organizations Migration
Information Technology,Cloud Platforms & Services,AWS Organizations Automation
Information Technology,Cloud Platforms & Services,AWS Organizations Support & Maintenance
Information Technology,Cloud Platforms & Services,AWS Organizations Monitoring
Information Technology,Cloud Platforms & Services,AWS Organizations Architecture Design
Information Technology,Cloud Platforms & Services,AWS Organizations Upgrade & Patching
Information Technology,Cloud Platforms & Services,AWS Organizations Scripting
Information Technology,Cloud Platforms & Services,AWS Organizations Best Practices
Information Technology,Cloud Platforms & Services,AWS Direct Connect
Information Technology,Cloud Platforms & Services,AWS Direct Connect Administration
Information Technology,Cloud Platforms & Services,AWS Direct Connect Development
Information Technology,Cloud Platforms & Services,AWS Direct Connect Configuration
Information Technology,Cloud Platforms & Services,AWS Direct Connect Troubleshooting
Information Technology,Cloud Platforms & Services,AWS Direct Connect Integration
Information Technology,Cloud Platforms & Services,AWS Direct Connect Deployment
Information Technology,Cloud Platforms & Services,AWS Direct Connect Security Hardening
Information Technology,Cloud Platforms & Services,AWS Direct Connect Performance Optimization
Information Technology,Cloud Platforms & Services,AWS Direct Connect Migration
Information Technology,Cloud Platforms & Services,AWS Direct Connect Automation
Information Technology,Cloud Platforms & Services,AWS Direct Connect Support & Maintenance
Information Technology,Cloud Platforms & Services,AWS Direct Connect Monitoring
Information Technology,Cloud Platforms & Services,AWS Direct Connect Architecture Design
Information Technology,Cloud Platforms & Services,AWS Direct Connect Upgrade & Patching
Information Technology,Cloud Platforms & Services,AWS Direct Connect Scripting
Information Technology,Cloud Platforms & Services,AWS Direct Connect Best Practices
Information Technology,Cloud Platforms & Services,AWS Transit Gateway
Information Technology,Cloud Platforms & Services,AWS Transit Gateway Administration
Information Technology,Cloud Platforms & Services,AWS Transit Gateway Development
Information Technology,Cloud Platforms & Services,AWS Transit Gateway Configuration
Information Technology,Cloud Platforms & Services,AWS Transit Gateway Troubleshooting
Information Technology,Cloud Platforms & Services,AWS Transit Gateway Integration
Information Technology,Cloud Platforms & Services,AWS Transit Gateway Deployment
Information Technology,Cloud Platforms & Services,AWS Transit Gateway Security Hardening
Information Technology,Cloud Platforms & Services,AWS Transit Gateway Performance Optimization
Information Technology,Cloud Platforms & Services,AWS Transit Gateway Migration
Information Technology,Cloud Platforms & Services,AWS Transit Gateway Automation
Information Technology,Cloud Platforms & Services,AWS Transit Gateway Support & Maintenance
Information Technology,Cloud Platforms & Services,AWS Transit Gateway Monitoring
Information Technology,Cloud Platforms & Services,AWS Transit Gateway Architecture Design
Information Technology,Cloud Platforms & Services,AWS Transit Gateway Upgrade & Patching
Information Technology,Cloud Platforms & Services,AWS Transit Gateway Scripting
Information Technology,Cloud Platforms & Services,AWS Transit Gateway Best Practices
Information Technology,Cloud Platforms & Services,Azure Virtual Machines
Information Technology,Cloud Platforms & Services,Azure Virtual Machines Administration
Information Technology,Cloud Platforms & Services,Azure Virtual Machines Development
Information Technology,Cloud Platforms & Services,Azure Virtual Machines Configuration
Information Technology,Cloud Platforms & Services,Azure Virtual Machines Troubleshooting
Information Technology,Cloud Platforms & Services,Azure Virtual Machines Integration
Information Technology,Cloud Platforms & Services,Azure Virtual Machines Deployment
Information Technology,Cloud Platforms & Services,Azure Virtual Machines Security Hardening
Information Technology,Cloud Platforms & Services,Azure Virtual Machines Performance Optimization
Information Technology,Cloud Platforms & Services,Azure Virtual Machines Migration
Information Technology,Cloud Platforms & Services,Azure Virtual Machines Automation
Information Technology,Cloud Platforms & Services,Azure Virtual Machines Support & Maintenance
Information Technology,Cloud Platforms & Services,Azure Virtual Machines Monitoring
Information Technology,Cloud Platforms & Services,Azure Virtual Machines Architecture Design
Information Technology,Cloud Platforms & Services,Azure Virtual Machines Upgrade & Patching
Information Technology,Cloud Platforms & Services,Azure Virtual Machines Scripting
Information Technology,Cloud Platforms & Services,Azure Virtual Machines Best Practices
Information Technology,Cloud Platforms & Services,Azure App Service
Information Technology,Cloud Platforms & Services,Azure App Service Administration
Information Technology,Cloud Platforms & Services,Azure App Service Development
Information Technology,Cloud Platforms & Services,Azure App Service Configuration
Information Technology,Cloud Platforms & Services,Azure App Service Troubleshooting
Information Technology,Cloud Platforms & Services,Azure App Service Integration
Information Technology,Cloud Platforms & Services,Azure App Service Deployment
Information Technology,Cloud Platforms & Services,Azure App Service Security Hardening
Information Technology,Cloud Platforms & Services,Azure App Service Performance Optimization
Information Technology,Cloud Platforms & Services,Azure App Service Migration
Information Technology,Cloud Platforms & Services,Azure App Service Automation
Information Technology,Cloud Platforms & Services,Azure App Service Support & Maintenance
Information Technology,Cloud Platforms & Services,Azure App Service Monitoring
Information Technology,Cloud Platforms & Services,Azure App Service Architecture Design
Information Technology,Cloud Platforms & Services,Azure App Service Upgrade & Patching
Information Technology,Cloud Platforms & Services,Azure App Service Scripting
Information Technology,Cloud Platforms & Services,Azure App Service Best Practices
Information Technology,Cloud Platforms & Services,Azure Functions
Information Technology,Cloud Platforms & Services,Azure Functions Administration
Information Technology,Cloud Platforms & Services,Azure Functions Development
Information Technology,Cloud Platforms & Services,Azure Functions Configuration
Information Technology,Cloud Platforms & Services,Azure Functions Troubleshooting
Information Technology,Cloud Platforms & Services,Azure Functions Integration
Information Technology,Cloud Platforms & Services,Azure Functions Deployment
Information Technology,Cloud Platforms & Services,Azure Functions Security Hardening
Information Technology,Cloud Platforms & Services,Azure Functions Performance Optimization
Information Technology,Cloud Platforms & Services,Azure Functions Migration
Information Technology,Cloud Platforms & Services,Azure Functions Automation
Information Technology,Cloud Platforms & Services,Azure Functions Support & Maintenance
Information Technology,Cloud Platforms & Services,Azure Functions Monitoring
Information Technology,Cloud Platforms & Services,Azure Functions Architecture Design
Information Technology,Cloud Platforms & Services,Azure Functions Upgrade & Patching
Information Technology,Cloud Platforms & Services,Azure Functions Scripting
Information Technology,Cloud Platforms & Services,Azure Functions Best Practices
Information Technology,Cloud Platforms & Services,Azure Blob Storage
Information Technology,Cloud Platforms & Services,Azure Blob Storage Administration
Information Technology,Cloud Platforms & Services,Azure Blob Storage Development
Information Technology,Cloud Platforms & Services,Azure Blob Storage Configuration
Information Technology,Cloud Platforms & Services,Azure Blob Storage Troubleshooting
Information Technology,Cloud Platforms & Services,Azure Blob Storage Integration
Information Technology,Cloud Platforms & Services,Azure Blob Storage Deployment
Information Technology,Cloud Platforms & Services,Azure Blob Storage Security Hardening
Information Technology,Cloud Platforms & Services,Azure Blob Storage Performance Optimization
Information Technology,Cloud Platforms & Services,Azure Blob Storage Migration
Information Technology,Cloud Platforms & Services,Azure Blob Storage Automation
Information Technology,Cloud Platforms & Services,Azure Blob Storage Support & Maintenance
Information Technology,Cloud Platforms & Services,Azure Blob Storage Monitoring
Information Technology,Cloud Platforms & Services,Azure Blob Storage Architecture Design
Information Technology,Cloud Platforms & Services,Azure Blob Storage Upgrade & Patching
Information Technology,Cloud Platforms & Services,Azure Blob Storage Scripting
Information Technology,Cloud Platforms & Services,Azure Blob Storage Best Practices
Information Technology,Cloud Platforms & Services,Azure SQL Database
Information Technology,Cloud Platforms & Services,Azure SQL Database Administration
Information Technology,Cloud Platforms & Services,Azure SQL Database Development
Information Technology,Cloud Platforms & Services,Azure SQL Database Configuration
Information Technology,Cloud Platforms & Services,Azure SQL Database Troubleshooting
Information Technology,Cloud Platforms & Services,Azure SQL Database Integration
Information Technology,Cloud Platforms & Services,Azure SQL Database Deployment
Information Technology,Cloud Platforms & Services,Azure SQL Database Security Hardening
Information Technology,Cloud Platforms & Services,Azure SQL Database Performance Optimization
Information Technology,Cloud Platforms & Services,Azure SQL Database Migration
Information Technology,Cloud Platforms & Services,Azure SQL Database Automation
Information Technology,Cloud Platforms & Services,Azure SQL Database Support & Maintenance
Information Technology,Cloud Platforms & Services,Azure SQL Database Monitoring
Information Technology,Cloud Platforms & Services,Azure SQL Database Architecture Design
Information Technology,Cloud Platforms & Services,Azure SQL Database Upgrade & Patching
Information Technology,Cloud Platforms & Services,Azure SQL Database Scripting
Information Technology,Cloud Platforms & Services,Azure SQL Database Best Practices
Information Technology,Cloud Platforms & Services,Azure Active Directory
Information Technology,Cloud Platforms & Services,Azure Active Directory Administration
Information Technology,Cloud Platforms & Services,Azure Active Directory Development
Information Technology,Cloud Platforms & Services,Azure Active Directory Configuration
Information Technology,Cloud Platforms & Services,Azure Active Directory Troubleshooting
Information Technology,Cloud Platforms & Services,Azure Active Directory Integration
Information Technology,Cloud Platforms & Services,Azure Active Directory Deployment
Information Technology,Cloud Platforms & Services,Azure Active Directory Security Hardening
Information Technology,Cloud Platforms & Services,Azure Active Directory Performance Optimization
Information Technology,Cloud Platforms & Services,Azure Active Directory Migration
Information Technology,Cloud Platforms & Services,Azure Active Directory Automation
Information Technology,Cloud Platforms & Services,Azure Active Directory Support & Maintenance
Information Technology,Cloud Platforms & Services,Azure Active Directory Monitoring
Information Technology,Cloud Platforms & Services,Azure Active Directory Architecture Design
Information Technology,Cloud Platforms & Services,Azure Active Directory Upgrade & Patching
Information Technology,Cloud Platforms & Services,Azure Active Directory Scripting
Information Technology,Cloud Platforms & Services,Azure Active Directory Best Practices
Information Technology,Cloud Platforms & Services,Azure Kubernetes Service
Information Technology,Cloud Platforms & Services,Azure Kubernetes Service Administration
Information Technology,Cloud Platforms & Services,Azure Kubernetes Service Development
Information Technology,Cloud Platforms & Services,Azure Kubernetes Service Configuration
Information Technology,Cloud Platforms & Services,Azure Kubernetes Service Troubleshooting
Information Technology,Cloud Platforms & Services,Azure Kubernetes Service Integration
Information Technology,Cloud Platforms & Services,Azure Kubernetes Service Deployment
Information Technology,Cloud Platforms & Services,Azure Kubernetes Service Security Hardening
Information Technology,Cloud Platforms & Services,Azure Kubernetes Service Performance Optimization
Information Technology,Cloud Platforms & Services,Azure Kubernetes Service Migration
Information Technology,Cloud Platforms & Services,Azure Kubernetes Service Automation
Information Technology,Cloud Platforms & Services,Azure Kubernetes Service Support & Maintenance
Information Technology,Cloud Platforms & Services,Azure Kubernetes Service Monitoring
Information Technology,Cloud Platforms & Services,Azure Kubernetes Service Architecture Design
Information Technology,Cloud Platforms & Services,Azure Kubernetes Service Upgrade & Patching
Information Technology,Cloud Platforms & Services,Azure Kubernetes Service Scripting
Information Technology,Cloud Platforms & Services,Azure Kubernetes Service Best Practices
Information Technology,Cloud Platforms & Services,Azure DevOps
Information Technology,Cloud Platforms & Services,Azure DevOps Administration
Information Technology,Cloud Platforms & Services,Azure DevOps Development
Information Technology,Cloud Platforms & Services,Azure DevOps Configuration
Information Technology,Cloud Platforms & Services,Azure DevOps Troubleshooting
Information Technology,Cloud Platforms & Services,Azure DevOps Integration
Information Technology,Cloud Platforms & Services,Azure DevOps Deployment
Information Technology,Cloud Platforms & Services,Azure DevOps Security Hardening
Information Technology,Cloud Platforms & Services,Azure DevOps Performance Optimization
Information Technology,Cloud Platforms & Services,Azure DevOps Migration
Information Technology,Cloud Platforms & Services,Azure DevOps Automation
Information Technology,Cloud Platforms & Services,Azure DevOps Support & Maintenance
Information Technology,Cloud Platforms & Services,Azure DevOps Monitoring
Information Technology,Cloud Platforms & Services,Azure DevOps Architecture Design
Information Technology,Cloud Platforms & Services,Azure DevOps Upgrade & Patching
Information Technology,Cloud Platforms & Services,Azure DevOps Scripting
Information Technology,Cloud Platforms & Services,Azure DevOps Best Practices
Information Technology,Cloud Platforms & Services,Azure Cosmos DB
Information Technology,Cloud Platforms & Services,Azure Cosmos DB Administration
Information Technology,Cloud Platforms & Services,Azure Cosmos DB Development
Information Technology,Cloud Platforms & Services,Azure Cosmos DB Configuration
Information Technology,Cloud Platforms & Services,Azure Cosmos DB Troubleshooting
Information Technology,Cloud Platforms & Services,Azure Cosmos DB Integration
Information Technology,Cloud Platforms & Services,Azure Cosmos DB Deployment
Information Technology,Cloud Platforms & Services,Azure Cosmos DB Security Hardening
Information Technology,Cloud Platforms & Services,Azure Cosmos DB Performance Optimization
Information Technology,Cloud Platforms & Services,Azure Cosmos DB Migration
Information Technology,Cloud Platforms & Services,Azure Cosmos DB Automation
Information Technology,Cloud Platforms & Services,Azure Cosmos DB Support & Maintenance
Information Technology,Cloud Platforms & Services,Azure Cosmos DB Monitoring
Information Technology,Cloud Platforms & Services,Azure Cosmos DB Architecture Design
Information Technology,Cloud Platforms & Services,Azure Cosmos DB Upgrade & Patching
Information Technology,Cloud Platforms & Services,Azure Cosmos DB Scripting
Information Technology,Cloud Platforms & Services,Azure Cosmos DB Best Practices
Information Technology,Cloud Platforms & Services,Azure Data Factory
Information Technology,Cloud Platforms & Services,Azure Data Factory Administration
Information Technology,Cloud Platforms & Services,Azure Data Factory Development
Information Technology,Cloud Platforms & Services,Azure Data Factory Configuration
Information Technology,Cloud Platforms & Services,Azure Data Factory Troubleshooting
Information Technology,Cloud Platforms & Services,Azure Data Factory Integration
Information Technology,Cloud Platforms & Services,Azure Data Factory Deployment
Information Technology,Cloud Platforms & Services,Azure Data Factory Security Hardening
Information Technology,Cloud Platforms & Services,Azure Data Factory Performance Optimization
Information Technology,Cloud Platforms & Services,Azure Data Factory Migration
Information Technology,Cloud Platforms & Services,Azure Data Factory Automation
Information Technology,Cloud Platforms & Services,Azure Data Factory Support & Maintenance
Information Technology,Cloud Platforms & Services,Azure Data Factory Monitoring
Information Technology,Cloud Platforms & Services,Azure Data Factory Architecture Design
Information Technology,Cloud Platforms & Services,Azure Data Factory Upgrade & Patching
Information Technology,Cloud Platforms & Services,Azure Data Factory Scripting
Information Technology,Cloud Platforms & Services,Azure Data Factory Best Practices
Information Technology,Cloud Platforms & Services,Azure Synapse Analytics
Information Technology,Cloud Platforms & Services,Azure Synapse Analytics Administration
Information Technology,Cloud Platforms & Services,Azure Synapse Analytics Development
Information Technology,Cloud Platforms & Services,Azure Synapse Analytics Configuration
Information Technology,Cloud Platforms & Services,Azure Synapse Analytics Troubleshooting
Information Technology,Cloud Platforms & Services,Azure Synapse Analytics Integration
Information Technology,Cloud Platforms & Services,Azure Synapse Analytics Deployment
Information Technology,Cloud Platforms & Services,Azure Synapse Analytics Security Hardening
Information Technology,Cloud Platforms & Services,Azure Synapse Analytics Performance Optimization
Information Technology,Cloud Platforms & Services,Azure Synapse Analytics Migration
Information Technology,Cloud Platforms & Services,Azure Synapse Analytics Automation
Information Technology,Cloud Platforms & Services,Azure Synapse Analytics Support & Maintenance
Information Technology,Cloud Platforms & Services,Azure Synapse Analytics Monitoring
Information Technology,Cloud Platforms & Services,Azure Synapse Analytics Architecture Design
Information Technology,Cloud Platforms & Services,Azure Synapse Analytics Upgrade & Patching
Information Technology,Cloud Platforms & Services,Azure Synapse Analytics Scripting
Information Technology,Cloud Platforms & Services,Azure Synapse Analytics Best Practices
Information Technology,Cloud Platforms & Services,Azure Logic Apps
Information Technology,Cloud Platforms & Services,Azure Logic Apps Administration
Information Technology,Cloud Platforms & Services,Azure Logic Apps Development
Information Technology,Cloud Platforms & Services,Azure Logic Apps Configuration
Information Technology,Cloud Platforms & Services,Azure Logic Apps Troubleshooting
Information Technology,Cloud Platforms & Services,Azure Logic Apps Integration
Information Technology,Cloud Platforms & Services,Azure Logic Apps Deployment
Information Technology,Cloud Platforms & Services,Azure Logic Apps Security Hardening
Information Technology,Cloud Platforms & Services,Azure Logic Apps Performance Optimization
Information Technology,Cloud Platforms & Services,Azure Logic Apps Migration
Information Technology,Cloud Platforms & Services,Azure Logic Apps Automation
Information Technology,Cloud Platforms & Services,Azure Logic Apps Support & Maintenance
Information Technology,Cloud Platforms & Services,Azure Logic Apps Monitoring
Information Technology,Cloud Platforms & Services,Azure Logic Apps Architecture Design
Information Technology,Cloud Platforms & Services,Azure Logic Apps Upgrade & Patching
Information Technology,Cloud Platforms & Services,Azure Logic Apps Scripting
Information Technology,Cloud Platforms & Services,Azure Logic Apps Best Practices
Information Technology,Cloud Platforms & Services,Azure Service Bus
Information Technology,Cloud Platforms & Services,Azure Service Bus Administration
Information Technology,Cloud Platforms & Services,Azure Service Bus Development
Information Technology,Cloud Platforms & Services,Azure Service Bus Configuration
Information Technology,Cloud Platforms & Services,Azure Service Bus Troubleshooting
Information Technology,Cloud Platforms & Services,Azure Service Bus Integration
Information Technology,Cloud Platforms & Services,Azure Service Bus Deployment
Information Technology,Cloud Platforms & Services,Azure Service Bus Security Hardening
Information Technology,Cloud Platforms & Services,Azure Service Bus Performance Optimization
Information Technology,Cloud Platforms & Services,Azure Service Bus Migration
Information Technology,Cloud Platforms & Services,Azure Service Bus Automation
Information Technology,Cloud Platforms & Services,Azure Service Bus Support & Maintenance
Information Technology,Cloud Platforms & Services,Azure Service Bus Monitoring
Information Technology,Cloud Platforms & Services,Azure Service Bus Architecture Design
Information Technology,Cloud Platforms & Services,Azure Service Bus Upgrade & Patching
Information Technology,Cloud Platforms & Services,Azure Service Bus Scripting
Information Technology,Cloud Platforms & Services,Azure Service Bus Best Practices
Information Technology,Cloud Platforms & Services,Azure API Management
Information Technology,Cloud Platforms & Services,Azure API Management Administration
Information Technology,Cloud Platforms & Services,Azure API Management Development
Information Technology,Cloud Platforms & Services,Azure API Management Configuration
Information Technology,Cloud Platforms & Services,Azure API Management Troubleshooting
Information Technology,Cloud Platforms & Services,Azure API Management Integration
Information Technology,Cloud Platforms & Services,Azure API Management Deployment
Information Technology,Cloud Platforms & Services,Azure API Management Security Hardening
Information Technology,Cloud Platforms & Services,Azure API Management Performance Optimization
Information Technology,Cloud Platforms & Services,Azure API Management Migration
Information Technology,Cloud Platforms & Services,Azure API Management Automation
Information Technology,Cloud Platforms & Services,Azure API Management Support & Maintenance
Information Technology,Cloud Platforms & Services,Azure API Management Monitoring
Information Technology,Cloud Platforms & Services,Azure API Management Architecture Design
Information Technology,Cloud Platforms & Services,Azure API Management Upgrade & Patching
Information Technology,Cloud Platforms & Services,Azure API Management Scripting
Information Technology,Cloud Platforms & Services,Azure API Management Best Practices
Information Technology,Cloud Platforms & Services,Azure Monitor
Information Technology,Cloud Platforms & Services,Azure Monitor Administration
Information Technology,Cloud Platforms & Services,Azure Monitor Development
Information Technology,Cloud Platforms & Services,Azure Monitor Configuration
Information Technology,Cloud Platforms & Services,Azure Monitor Troubleshooting
Information Technology,Cloud Platforms & Services,Azure Monitor Integration
Information Technology,Cloud Platforms & Services,Azure Monitor Deployment
Information Technology,Cloud Platforms & Services,Azure Monitor Security Hardening
Information Technology,Cloud Platforms & Services,Azure Monitor Performance Optimization
Information Technology,Cloud Platforms & Services,Azure Monitor Migration
Information Technology,Cloud Platforms & Services,Azure Monitor Automation
Information Technology,Cloud Platforms & Services,Azure Monitor Support & Maintenance
Information Technology,Cloud Platforms & Services,Azure Monitor Monitoring
Information Technology,Cloud Platforms & Services,Azure Monitor Architecture Design
Information Technology,Cloud Platforms & Services,Azure Monitor Upgrade & Patching
Information Technology,Cloud Platforms & Services,Azure Monitor Scripting
Information Technology,Cloud Platforms & Services,Azure Monitor Best Practices
Information Technology,Cloud Platforms & Services,Azure Sentinel
Information Technology,Cloud Platforms & Services,Azure Sentinel Administration
Information Technology,Cloud Platforms & Services,Azure Sentinel Development
Information Technology,Cloud Platforms & Services,Azure Sentinel Configuration
Information Technology,Cloud Platforms & Services,Azure Sentinel Troubleshooting
Information Technology,Cloud Platforms & Services,Azure Sentinel Integration
Information Technology,Cloud Platforms & Services,Azure Sentinel Deployment
Information Technology,Cloud Platforms & Services,Azure Sentinel Security Hardening
Information Technology,Cloud Platforms & Services,Azure Sentinel Performance Optimization
Information Technology,Cloud Platforms & Services,Azure Sentinel Migration
Information Technology,Cloud Platforms & Services,Azure Sentinel Automation
Information Technology,Cloud Platforms & Services,Azure Sentinel Support & Maintenance
Information Technology,Cloud Platforms & Services,Azure Sentinel Monitoring
Information Technology,Cloud Platforms & Services,Azure Sentinel Architecture Design
Information Technology,Cloud Platforms & Services,Azure Sentinel Upgrade & Patching
Information Technology,Cloud Platforms & Services,Azure Sentinel Scripting
Information Technology,Cloud Platforms & Services,Azure Sentinel Best Practices
Information Technology,Cloud Platforms & Services,Azure Virtual Network
Information Technology,Cloud Platforms & Services,Azure Virtual Network Administration
Information Technology,Cloud Platforms & Services,Azure Virtual Network Development
Information Technology,Cloud Platforms & Services,Azure Virtual Network Configuration
Information Technology,Cloud Platforms & Services,Azure Virtual Network Troubleshooting
Information Technology,Cloud Platforms & Services,Azure Virtual Network Integration
Information Technology,Cloud Platforms & Services,Azure Virtual Network Deployment
Information Technology,Cloud Platforms & Services,Azure Virtual Network Security Hardening
Information Technology,Cloud Platforms & Services,Azure Virtual Network Performance Optimization
Information Technology,Cloud Platforms & Services,Azure Virtual Network Migration
Information Technology,Cloud Platforms & Services,Azure Virtual Network Automation
Information Technology,Cloud Platforms & Services,Azure Virtual Network Support & Maintenance
Information Technology,Cloud Platforms & Services,Azure Virtual Network Monitoring
Information Technology,Cloud Platforms & Services,Azure Virtual Network Architecture Design
Information Technology,Cloud Platforms & Services,Azure Virtual Network Upgrade & Patching
Information Technology,Cloud Platforms & Services,Azure Virtual Network Scripting
Information Technology,Cloud Platforms & Services,Azure Virtual Network Best Practices
Information Technology,Cloud Platforms & Services,Azure Front Door
Information Technology,Cloud Platforms & Services,Azure Front Door Administration
Information Technology,Cloud Platforms & Services,Azure Front Door Development
Information Technology,Cloud Platforms & Services,Azure Front Door Configuration
Information Technology,Cloud Platforms & Services,Azure Front Door Troubleshooting
Information Technology,Cloud Platforms & Services,Azure Front Door Integration
Information Technology,Cloud Platforms & Services,Azure Front Door Deployment
Information Technology,Cloud Platforms & Services,Azure Front Door Security Hardening
Information Technology,Cloud Platforms & Services,Azure Front Door Performance Optimization
Information Technology,Cloud Platforms & Services,Azure Front Door Migration
Information Technology,Cloud Platforms & Services,Azure Front Door Automation
Information Technology,Cloud Platforms & Services,Azure Front Door Support & Maintenance
Information Technology,Cloud Platforms & Services,Azure Front Door Monitoring
Information Technology,Cloud Platforms & Services,Azure Front Door Architecture Design
Information Technology,Cloud Platforms & Services,Azure Front Door Upgrade & Patching
Information Technology,Cloud Platforms & Services,Azure Front Door Scripting
Information Technology,Cloud Platforms & Services,Azure Front Door Best Practices
Information Technology,Cloud Platforms & Services,Azure Load Balancer
Information Technology,Cloud Platforms & Services,Azure Load Balancer Administration
Information Technology,Cloud Platforms & Services,Azure Load Balancer Development
Information Technology,Cloud Platforms & Services,Azure Load Balancer Configuration
Information Technology,Cloud Platforms & Services,Azure Load Balancer Troubleshooting
Information Technology,Cloud Platforms & Services,Azure Load Balancer Integration
Information Technology,Cloud Platforms & Services,Azure Load Balancer Deployment
Information Technology,Cloud Platforms & Services,Azure Load Balancer Security Hardening
Information Technology,Cloud Platforms & Services,Azure Load Balancer Performance Optimization
Information Technology,Cloud Platforms & Services,Azure Load Balancer Migration
Information Technology,Cloud Platforms & Services,Azure Load Balancer Automation
Information Technology,Cloud Platforms & Services,Azure Load Balancer Support & Maintenance
Information Technology,Cloud Platforms & Services,Azure Load Balancer Monitoring
Information Technology,Cloud Platforms & Services,Azure Load Balancer Architecture Design
Information Technology,Cloud Platforms & Services,Azure Load Balancer Upgrade & Patching
Information Technology,Cloud Platforms & Services,Azure Load Balancer Scripting
Information Technology,Cloud Platforms & Services,Azure Load Balancer Best Practices
Information Technology,Cloud Platforms & Services,Google Compute Engine
Information Technology,Cloud Platforms & Services,Google Compute Engine Administration
Information Technology,Cloud Platforms & Services,Google Compute Engine Development
Information Technology,Cloud Platforms & Services,Google Compute Engine Configuration
Information Technology,Cloud Platforms & Services,Google Compute Engine Troubleshooting
Information Technology,Cloud Platforms & Services,Google Compute Engine Integration
Information Technology,Cloud Platforms & Services,Google Compute Engine Deployment
Information Technology,Cloud Platforms & Services,Google Compute Engine Security Hardening
Information Technology,Cloud Platforms & Services,Google Compute Engine Performance Optimization
Information Technology,Cloud Platforms & Services,Google Compute Engine Migration
Information Technology,Cloud Platforms & Services,Google Compute Engine Automation
Information Technology,Cloud Platforms & Services,Google Compute Engine Support & Maintenance
Information Technology,Cloud Platforms & Services,Google Compute Engine Monitoring
Information Technology,Cloud Platforms & Services,Google Compute Engine Architecture Design
Information Technology,Cloud Platforms & Services,Google Compute Engine Upgrade & Patching
Information Technology,Cloud Platforms & Services,Google Compute Engine Scripting
Information Technology,Cloud Platforms & Services,Google Compute Engine Best Practices
Information Technology,Cloud Platforms & Services,Google Kubernetes Engine
Information Technology,Cloud Platforms & Services,Google Kubernetes Engine Administration
Information Technology,Cloud Platforms & Services,Google Kubernetes Engine Development
Information Technology,Cloud Platforms & Services,Google Kubernetes Engine Configuration
Information Technology,Cloud Platforms & Services,Google Kubernetes Engine Troubleshooting
Information Technology,Cloud Platforms & Services,Google Kubernetes Engine Integration
Information Technology,Cloud Platforms & Services,Google Kubernetes Engine Deployment
Information Technology,Cloud Platforms & Services,Google Kubernetes Engine Security Hardening
Information Technology,Cloud Platforms & Services,Google Kubernetes Engine Performance Optimization
Information Technology,Cloud Platforms & Services,Google Kubernetes Engine Migration
Information Technology,Cloud Platforms & Services,Google Kubernetes Engine Automation
Information Technology,Cloud Platforms & Services,Google Kubernetes Engine Support & Maintenance
Information Technology,Cloud Platforms & Services,Google Kubernetes Engine Monitoring
Information Technology,Cloud Platforms & Services,Google Kubernetes Engine Architecture Design
Information Technology,Cloud Platforms & Services,Google Kubernetes Engine Upgrade & Patching
Information Technology,Cloud Platforms & Services,Google Kubernetes Engine Scripting
Information Technology,Cloud Platforms & Services,Google Kubernetes Engine Best Practices
Information Technology,Cloud Platforms & Services,Google Cloud Storage
Information Technology,Cloud Platforms & Services,Google Cloud Storage Administration
Information Technology,Cloud Platforms & Services,Google Cloud Storage Development
Information Technology,Cloud Platforms & Services,Google Cloud Storage Configuration
Information Technology,Cloud Platforms & Services,Google Cloud Storage Troubleshooting
Information Technology,Cloud Platforms & Services,Google Cloud Storage Integration
Information Technology,Cloud Platforms & Services,Google Cloud Storage Deployment
Information Technology,Cloud Platforms & Services,Google Cloud Storage Security Hardening
Information Technology,Cloud Platforms & Services,Google Cloud Storage Performance Optimization
Information Technology,Cloud Platforms & Services,Google Cloud Storage Migration
Information Technology,Cloud Platforms & Services,Google Cloud Storage Automation
Information Technology,Cloud Platforms & Services,Google Cloud Storage Support & Maintenance
Information Technology,Cloud Platforms & Services,Google Cloud Storage Monitoring
Information Technology,Cloud Platforms & Services,Google Cloud Storage Architecture Design
Information Technology,Cloud Platforms & Services,Google Cloud Storage Upgrade & Patching
Information Technology,Cloud Platforms & Services,Google Cloud Storage Scripting
Information Technology,Cloud Platforms & Services,Google Cloud Storage Best Practices
Information Technology,Cloud Platforms & Services,Google Cloud Functions
Information Technology,Cloud Platforms & Services,Google Cloud Functions Administration
Information Technology,Cloud Platforms & Services,Google Cloud Functions Development
Information Technology,Cloud Platforms & Services,Google Cloud Functions Configuration
Information Technology,Cloud Platforms & Services,Google Cloud Functions Troubleshooting
Information Technology,Cloud Platforms & Services,Google Cloud Functions Integration
Information Technology,Cloud Platforms & Services,Google Cloud Functions Deployment
Information Technology,Cloud Platforms & Services,Google Cloud Functions Security Hardening
Information Technology,Cloud Platforms & Services,Google Cloud Functions Performance Optimization
Information Technology,Cloud Platforms & Services,Google Cloud Functions Migration
Information Technology,Cloud Platforms & Services,Google Cloud Functions Automation
Information Technology,Cloud Platforms & Services,Google Cloud Functions Support & Maintenance
Information Technology,Cloud Platforms & Services,Google Cloud Functions Monitoring
Information Technology,Cloud Platforms & Services,Google Cloud Functions Architecture Design
Information Technology,Cloud Platforms & Services,Google Cloud Functions Upgrade & Patching
Information Technology,Cloud Platforms & Services,Google Cloud Functions Scripting
Information Technology,Cloud Platforms & Services,Google Cloud Functions Best Practices
Information Technology,Cloud Platforms & Services,Google App Engine
Information Technology,Cloud Platforms & Services,Google App Engine Administration
Information Technology,Cloud Platforms & Services,Google App Engine Development
Information Technology,Cloud Platforms & Services,Google App Engine Configuration
Information Technology,Cloud Platforms & Services,Google App Engine Troubleshooting
Information Technology,Cloud Platforms & Services,Google App Engine Integration
Information Technology,Cloud Platforms & Services,Google App Engine Deployment
Information Technology,Cloud Platforms & Services,Google App Engine Security Hardening
Information Technology,Cloud Platforms & Services,Google App Engine Performance Optimization
Information Technology,Cloud Platforms & Services,Google App Engine Migration
Information Technology,Cloud Platforms & Services,Google App Engine Automation
Information Technology,Cloud Platforms & Services,Google App Engine Support & Maintenance
Information Technology,Cloud Platforms & Services,Google App Engine Monitoring
Information Technology,Cloud Platforms & Services,Google App Engine Architecture Design
Information Technology,Cloud Platforms & Services,Google App Engine Upgrade & Patching
Information Technology,Cloud Platforms & Services,Google App Engine Scripting
Information Technology,Cloud Platforms & Services,Google App Engine Best Practices
Information Technology,Cloud Platforms & Services,Google Cloud SQL
Information Technology,Cloud Platforms & Services,Google Cloud SQL Administration
Information Technology,Cloud Platforms & Services,Google Cloud SQL Development
Information Technology,Cloud Platforms & Services,Google Cloud SQL Configuration
Information Technology,Cloud Platforms & Services,Google Cloud SQL Troubleshooting
Information Technology,Cloud Platforms & Services,Google Cloud SQL Integration
Information Technology,Cloud Platforms & Services,Google Cloud SQL Deployment
Information Technology,Cloud Platforms & Services,Google Cloud SQL Security Hardening
Information Technology,Cloud Platforms & Services,Google Cloud SQL Performance Optimization
Information Technology,Cloud Platforms & Services,Google Cloud SQL Migration
Information Technology,Cloud Platforms & Services,Google Cloud SQL Automation
Information Technology,Cloud Platforms & Services,Google Cloud SQL Support & Maintenance
Information Technology,Cloud Platforms & Services,Google Cloud SQL Monitoring
Information Technology,Cloud Platforms & Services,Google Cloud SQL Architecture Design
Information Technology,Cloud Platforms & Services,Google Cloud SQL Upgrade & Patching
Information Technology,Cloud Platforms & Services,Google Cloud SQL Scripting
Information Technology,Cloud Platforms & Services,Google Cloud SQL Best Practices
Information Technology,Cloud Platforms & Services,Google Cloud Pub/Sub
Information Technology,Cloud Platforms & Services,Google Cloud Pub/Sub Administration
Information Technology,Cloud Platforms & Services,Google Cloud Pub/Sub Development
Information Technology,Cloud Platforms & Services,Google Cloud Pub/Sub Configuration
Information Technology,Cloud Platforms & Services,Google Cloud Pub/Sub Troubleshooting
Information Technology,Cloud Platforms & Services,Google Cloud Pub/Sub Integration
Information Technology,Cloud Platforms & Services,Google Cloud Pub/Sub Deployment
Information Technology,Cloud Platforms & Services,Google Cloud Pub/Sub Security Hardening
Information Technology,Cloud Platforms & Services,Google Cloud Pub/Sub Performance Optimization
Information Technology,Cloud Platforms & Services,Google Cloud Pub/Sub Migration
Information Technology,Cloud Platforms & Services,Google Cloud Pub/Sub Automation
Information Technology,Cloud Platforms & Services,Google Cloud Pub/Sub Support & Maintenance
Information Technology,Cloud Platforms & Services,Google Cloud Pub/Sub Monitoring
Information Technology,Cloud Platforms & Services,Google Cloud Pub/Sub Architecture Design
Information Technology,Cloud Platforms & Services,Google Cloud Pub/Sub Upgrade & Patching
Information Technology,Cloud Platforms & Services,Google Cloud Pub/Sub Scripting
Information Technology,Cloud Platforms & Services,Google Cloud Pub/Sub Best Practices
Information Technology,Cloud Platforms & Services,Google Cloud IAM
Information Technology,Cloud Platforms & Services,Google Cloud IAM Administration
Information Technology,Cloud Platforms & Services,Google Cloud IAM Development
Information Technology,Cloud Platforms & Services,Google Cloud IAM Configuration
Information Technology,Cloud Platforms & Services,Google Cloud IAM Troubleshooting
Information Technology,Cloud Platforms & Services,Google Cloud IAM Integration
Information Technology,Cloud Platforms & Services,Google Cloud IAM Deployment
Information Technology,Cloud Platforms & Services,Google Cloud IAM Security Hardening
Information Technology,Cloud Platforms & Services,Google Cloud IAM Performance Optimization
Information Technology,Cloud Platforms & Services,Google Cloud IAM Migration
Information Technology,Cloud Platforms & Services,Google Cloud IAM Automation
Information Technology,Cloud Platforms & Services,Google Cloud IAM Support & Maintenance
Information Technology,Cloud Platforms & Services,Google Cloud IAM Monitoring
Information Technology,Cloud Platforms & Services,Google Cloud IAM Architecture Design
Information Technology,Cloud Platforms & Services,Google Cloud IAM Upgrade & Patching
Information Technology,Cloud Platforms & Services,Google Cloud IAM Scripting
Information Technology,Cloud Platforms & Services,Google Cloud IAM Best Practices
Information Technology,Cloud Platforms & Services,Google Cloud Spanner
Information Technology,Cloud Platforms & Services,Google Cloud Spanner Administration
Information Technology,Cloud Platforms & Services,Google Cloud Spanner Development
Information Technology,Cloud Platforms & Services,Google Cloud Spanner Configuration
Information Technology,Cloud Platforms & Services,Google Cloud Spanner Troubleshooting
Information Technology,Cloud Platforms & Services,Google Cloud Spanner Integration
Information Technology,Cloud Platforms & Services,Google Cloud Spanner Deployment
Information Technology,Cloud Platforms & Services,Google Cloud Spanner Security Hardening
Information Technology,Cloud Platforms & Services,Google Cloud Spanner Performance Optimization
Information Technology,Cloud Platforms & Services,Google Cloud Spanner Migration
Information Technology,Cloud Platforms & Services,Google Cloud Spanner Automation
Information Technology,Cloud Platforms & Services,Google Cloud Spanner Support & Maintenance
Information Technology,Cloud Platforms & Services,Google Cloud Spanner Monitoring
Information Technology,Cloud Platforms & Services,Google Cloud Spanner Architecture Design
Information Technology,Cloud Platforms & Services,Google Cloud Spanner Upgrade & Patching
Information Technology,Cloud Platforms & Services,Google Cloud Spanner Scripting
Information Technology,Cloud Platforms & Services,Google Cloud Spanner Best Practices
Information Technology,Cloud Platforms & Services,Google Anthos
Information Technology,Cloud Platforms & Services,Google Anthos Administration
Information Technology,Cloud Platforms & Services,Google Anthos Development
Information Technology,Cloud Platforms & Services,Google Anthos Configuration
Information Technology,Cloud Platforms & Services,Google Anthos Troubleshooting
Information Technology,Cloud Platforms & Services,Google Anthos Integration
Information Technology,Cloud Platforms & Services,Google Anthos Deployment
Information Technology,Cloud Platforms & Services,Google Anthos Security Hardening
Information Technology,Cloud Platforms & Services,Google Anthos Performance Optimization
Information Technology,Cloud Platforms & Services,Google Anthos Migration
Information Technology,Cloud Platforms & Services,Google Anthos Automation
Information Technology,Cloud Platforms & Services,Google Anthos Support & Maintenance
Information Technology,Cloud Platforms & Services,Google Anthos Monitoring
Information Technology,Cloud Platforms & Services,Google Anthos Architecture Design
Information Technology,Cloud Platforms & Services,Google Anthos Upgrade & Patching
Information Technology,Cloud Platforms & Services,Google Anthos Scripting
Information Technology,Cloud Platforms & Services,Google Anthos Best Practices
Information Technology,Cloud Platforms & Services,Google Cloud Run
Information Technology,Cloud Platforms & Services,Google Cloud Run Administration
Information Technology,Cloud Platforms & Services,Google Cloud Run Development
Information Technology,Cloud Platforms & Services,Google Cloud Run Configuration
Information Technology,Cloud Platforms & Services,Google Cloud Run Troubleshooting
Information Technology,Cloud Platforms & Services,Google Cloud Run Integration
Information Technology,Cloud Platforms & Services,Google Cloud Run Deployment
Information Technology,Cloud Platforms & Services,Google Cloud Run Security Hardening
Information Technology,Cloud Platforms & Services,Google Cloud Run Performance Optimization
Information Technology,Cloud Platforms & Services,Google Cloud Run Migration
Information Technology,Cloud Platforms & Services,Google Cloud Run Automation
Information Technology,Cloud Platforms & Services,Google Cloud Run Support & Maintenance
Information Technology,Cloud Platforms & Services,Google Cloud Run Monitoring
Information Technology,Cloud Platforms & Services,Google Cloud Run Architecture Design
Information Technology,Cloud Platforms & Services,Google Cloud Run Upgrade & Patching
Information Technology,Cloud Platforms & Services,Google Cloud Run Scripting
Information Technology,Cloud Platforms & Services,Google Cloud Run Best Practices
Information Technology,Cloud Platforms & Services,Google Firebase
Information Technology,Cloud Platforms & Services,Google Firebase Administration
Information Technology,Cloud Platforms & Services,Google Firebase Development
Information Technology,Cloud Platforms & Services,Google Firebase Configuration
Information Technology,Cloud Platforms & Services,Google Firebase Troubleshooting
Information Technology,Cloud Platforms & Services,Google Firebase Integration
Information Technology,Cloud Platforms & Services,Google Firebase Deployment
Information Technology,Cloud Platforms & Services,Google Firebase Security Hardening
Information Technology,Cloud Platforms & Services,Google Firebase Performance Optimization
Information Technology,Cloud Platforms & Services,Google Firebase Migration
Information Technology,Cloud Platforms & Services,Google Firebase Automation
Information Technology,Cloud Platforms & Services,Google Firebase Support & Maintenance
Information Technology,Cloud Platforms & Services,Google Firebase Monitoring
Information Technology,Cloud Platforms & Services,Google Firebase Architecture Design
Information Technology,Cloud Platforms & Services,Google Firebase Upgrade & Patching
Information Technology,Cloud Platforms & Services,Google Firebase Scripting
Information Technology,Cloud Platforms & Services,Google Firebase Best Practices
Information Technology,Cloud Platforms & Services,Google Cloud Dataflow
Information Technology,Cloud Platforms & Services,Google Cloud Dataflow Administration
Information Technology,Cloud Platforms & Services,Google Cloud Dataflow Development
Information Technology,Cloud Platforms & Services,Google Cloud Dataflow Configuration
Information Technology,Cloud Platforms & Services,Google Cloud Dataflow Troubleshooting
Information Technology,Cloud Platforms & Services,Google Cloud Dataflow Integration
Information Technology,Cloud Platforms & Services,Google Cloud Dataflow Deployment
Information Technology,Cloud Platforms & Services,Google Cloud Dataflow Security Hardening
Information Technology,Cloud Platforms & Services,Google Cloud Dataflow Performance Optimization
Information Technology,Cloud Platforms & Services,Google Cloud Dataflow Migration
Information Technology,Cloud Platforms & Services,Google Cloud Dataflow Automation
Information Technology,Cloud Platforms & Services,Google Cloud Dataflow Support & Maintenance
Information Technology,Cloud Platforms & Services,Google Cloud Dataflow Monitoring
Information Technology,Cloud Platforms & Services,Google Cloud Dataflow Architecture Design
Information Technology,Cloud Platforms & Services,Google Cloud Dataflow Upgrade & Patching
Information Technology,Cloud Platforms & Services,Google Cloud Dataflow Scripting
Information Technology,Cloud Platforms & Services,Google Cloud Dataflow Best Practices
Information Technology,Cloud Platforms & Services,Google Cloud Composer
Information Technology,Cloud Platforms & Services,Google Cloud Composer Administration
Information Technology,Cloud Platforms & Services,Google Cloud Composer Development
Information Technology,Cloud Platforms & Services,Google Cloud Composer Configuration
Information Technology,Cloud Platforms & Services,Google Cloud Composer Troubleshooting
Information Technology,Cloud Platforms & Services,Google Cloud Composer Integration
Information Technology,Cloud Platforms & Services,Google Cloud Composer Deployment
Information Technology,Cloud Platforms & Services,Google Cloud Composer Security Hardening
Information Technology,Cloud Platforms & Services,Google Cloud Composer Performance Optimization
Information Technology,Cloud Platforms & Services,Google Cloud Composer Migration
Information Technology,Cloud Platforms & Services,Google Cloud Composer Automation
Information Technology,Cloud Platforms & Services,Google Cloud Composer Support & Maintenance
Information Technology,Cloud Platforms & Services,Google Cloud Composer Monitoring
Information Technology,Cloud Platforms & Services,Google Cloud Composer Architecture Design
Information Technology,Cloud Platforms & Services,Google Cloud Composer Upgrade & Patching
Information Technology,Cloud Platforms & Services,Google Cloud Composer Scripting
Information Technology,Cloud Platforms & Services,Google Cloud Composer Best Practices
Information Technology,Cloud Platforms & Services,IBM Cloud
Information Technology,Cloud Platforms & Services,IBM Cloud Administration
Information Technology,Cloud Platforms & Services,IBM Cloud Development
Information Technology,Cloud Platforms & Services,IBM Cloud Configuration
Information Technology,Cloud Platforms & Services,IBM Cloud Troubleshooting
Information Technology,Cloud Platforms & Services,IBM Cloud Integration
Information Technology,Cloud Platforms & Services,IBM Cloud Deployment
Information Technology,Cloud Platforms & Services,IBM Cloud Security Hardening
Information Technology,Cloud Platforms & Services,IBM Cloud Performance Optimization
Information Technology,Cloud Platforms & Services,IBM Cloud Migration
Information Technology,Cloud Platforms & Services,IBM Cloud Automation
Information Technology,Cloud Platforms & Services,IBM Cloud Support & Maintenance
Information Technology,Cloud Platforms & Services,IBM Cloud Monitoring
Information Technology,Cloud Platforms & Services,IBM Cloud Architecture Design
Information Technology,Cloud Platforms & Services,IBM Cloud Upgrade & Patching
Information Technology,Cloud Platforms & Services,IBM Cloud Scripting
Information Technology,Cloud Platforms & Services,IBM Cloud Best Practices
Information Technology,Cloud Platforms & Services,Oracle Cloud Infrastructure
Information Technology,Cloud Platforms & Services,Oracle Cloud Infrastructure Administration
Information Technology,Cloud Platforms & Services,Oracle Cloud Infrastructure Development
Information Technology,Cloud Platforms & Services,Oracle Cloud Infrastructure Configuration
Information Technology,Cloud Platforms & Services,Oracle Cloud Infrastructure Troubleshooting
Information Technology,Cloud Platforms & Services,Oracle Cloud Infrastructure Integration
Information Technology,Cloud Platforms & Services,Oracle Cloud Infrastructure Deployment
Information Technology,Cloud Platforms & Services,Oracle Cloud Infrastructure Security Hardening
Information Technology,Cloud Platforms & Services,Oracle Cloud Infrastructure Performance Optimization
Information Technology,Cloud Platforms & Services,Oracle Cloud Infrastructure Migration
Information Technology,Cloud Platforms & Services,Oracle Cloud Infrastructure Automation
Information Technology,Cloud Platforms & Services,Oracle Cloud Infrastructure Support & Maintenance
Information Technology,Cloud Platforms & Services,Oracle Cloud Infrastructure Monitoring
Information Technology,Cloud Platforms & Services,Oracle Cloud Infrastructure Architecture Design
Information Technology,Cloud Platforms & Services,Oracle Cloud Infrastructure Upgrade & Patching
Information Technology,Cloud Platforms & Services,Oracle Cloud Infrastructure Scripting
Information Technology,Cloud Platforms & Services,Oracle Cloud Infrastructure Best Practices
Information Technology,Cloud Platforms & Services,DigitalOcean
Information Technology,Cloud Platforms & Services,DigitalOcean Administration
Information Technology,Cloud Platforms & Services,DigitalOcean Development
Information Technology,Cloud Platforms & Services,DigitalOcean Configuration
Information Technology,Cloud Platforms & Services,DigitalOcean Troubleshooting
Information Technology,Cloud Platforms & Services,DigitalOcean Integration
Information Technology,Cloud Platforms & Services,DigitalOcean Deployment
Information Technology,Cloud Platforms & Services,DigitalOcean Security Hardening
Information Technology,Cloud Platforms & Services,DigitalOcean Performance Optimization
Information Technology,Cloud Platforms & Services,DigitalOcean Migration
Information Technology,Cloud Platforms & Services,DigitalOcean Automation
Information Technology,Cloud Platforms & Services,DigitalOcean Support & Maintenance
Information Technology,Cloud Platforms & Services,DigitalOcean Monitoring
Information Technology,Cloud Platforms & Services,DigitalOcean Architecture Design
Information Technology,Cloud Platforms & Services,DigitalOcean Upgrade & Patching
Information Technology,Cloud Platforms & Services,DigitalOcean Scripting
Information Technology,Cloud Platforms & Services,DigitalOcean Best Practices
Information Technology,Cloud Platforms & Services,Linode
Information Technology,Cloud Platforms & Services,Linode Administration
Information Technology,Cloud Platforms & Services,Linode Development
Information Technology,Cloud Platforms & Services,Linode Configuration
Information Technology,Cloud Platforms & Services,Linode Troubleshooting
Information Technology,Cloud Platforms & Services,Linode Integration
Information Technology,Cloud Platforms & Services,Linode Deployment
Information Technology,Cloud Platforms & Services,Linode Security Hardening
Information Technology,Cloud Platforms & Services,Linode Performance Optimization
Information Technology,Cloud Platforms & Services,Linode Migration
Information Technology,Cloud Platforms & Services,Linode Automation
Information Technology,Cloud Platforms & Services,Linode Support & Maintenance
Information Technology,Cloud Platforms & Services,Linode Monitoring
Information Technology,Cloud Platforms & Services,Linode Architecture Design
Information Technology,Cloud Platforms & Services,Linode Upgrade & Patching
Information Technology,Cloud Platforms & Services,Linode Scripting
Information Technology,Cloud Platforms & Services,Linode Best Practices
Information Technology,Cloud Platforms & Services,Heroku
Information Technology,Cloud Platforms & Services,Heroku Administration
Information Technology,Cloud Platforms & Services,Heroku Development
Information Technology,Cloud Platforms & Services,Heroku Configuration
Information Technology,Cloud Platforms & Services,Heroku Troubleshooting
Information Technology,Cloud Platforms & Services,Heroku Integration
Information Technology,Cloud Platforms & Services,Heroku Deployment
Information Technology,Cloud Platforms & Services,Heroku Security Hardening
Information Technology,Cloud Platforms & Services,Heroku Performance Optimization
Information Technology,Cloud Platforms & Services,Heroku Migration
Information Technology,Cloud Platforms & Services,Heroku Automation
Information Technology,Cloud Platforms & Services,Heroku Support & Maintenance
Information Technology,Cloud Platforms & Services,Heroku Monitoring
Information Technology,Cloud Platforms & Services,Heroku Architecture Design
Information Technology,Cloud Platforms & Services,Heroku Upgrade & Patching
Information Technology,Cloud Platforms & Services,Heroku Scripting
Information Technology,Cloud Platforms & Services,Heroku Best Practices
Information Technology,Cloud Platforms & Services,Vercel
Information Technology,Cloud Platforms & Services,Vercel Administration
Information Technology,Cloud Platforms & Services,Vercel Development
Information Technology,Cloud Platforms & Services,Vercel Configuration
Information Technology,Cloud Platforms & Services,Vercel Troubleshooting
Information Technology,Cloud Platforms & Services,Vercel Integration
Information Technology,Cloud Platforms & Services,Vercel Deployment
Information Technology,Cloud Platforms & Services,Vercel Security Hardening
Information Technology,Cloud Platforms & Services,Vercel Performance Optimization
Information Technology,Cloud Platforms & Services,Vercel Migration
Information Technology,Cloud Platforms & Services,Vercel Automation
Information Technology,Cloud Platforms & Services,Vercel Support & Maintenance
Information Technology,Cloud Platforms & Services,Vercel Monitoring
Information Technology,Cloud Platforms & Services,Vercel Architecture Design
Information Technology,Cloud Platforms & Services,Vercel Upgrade & Patching
Information Technology,Cloud Platforms & Services,Vercel Scripting
Information Technology,Cloud Platforms & Services,Vercel Best Practices
Information Technology,Cloud Platforms & Services,Netlify
Information Technology,Cloud Platforms & Services,Netlify Administration
Information Technology,Cloud Platforms & Services,Netlify Development
Information Technology,Cloud Platforms & Services,Netlify Configuration
Information Technology,Cloud Platforms & Services,Netlify Troubleshooting
Information Technology,Cloud Platforms & Services,Netlify Integration
Information Technology,Cloud Platforms & Services,Netlify Deployment
Information Technology,Cloud Platforms & Services,Netlify Security Hardening
Information Technology,Cloud Platforms & Services,Netlify Performance Optimization
Information Technology,Cloud Platforms & Services,Netlify Migration
Information Technology,Cloud Platforms & Services,Netlify Automation
Information Technology,Cloud Platforms & Services,Netlify Support & Maintenance
Information Technology,Cloud Platforms & Services,Netlify Monitoring
Information Technology,Cloud Platforms & Services,Netlify Architecture Design
Information Technology,Cloud Platforms & Services,Netlify Upgrade & Patching
Information Technology,Cloud Platforms & Services,Netlify Scripting
Information Technology,Cloud Platforms & Services,Netlify Best Practices
Information Technology,Cloud Platforms & Services,Cloudflare Workers
Information Technology,Cloud Platforms & Services,Cloudflare Workers Administration
Information Technology,Cloud Platforms & Services,Cloudflare Workers Development
Information Technology,Cloud Platforms & Services,Cloudflare Workers Configuration
Information Technology,Cloud Platforms & Services,Cloudflare Workers Troubleshooting
Information Technology,Cloud Platforms & Services,Cloudflare Workers Integration
Information Technology,Cloud Platforms & Services,Cloudflare Workers Deployment
Information Technology,Cloud Platforms & Services,Cloudflare Workers Security Hardening
Information Technology,Cloud Platforms & Services,Cloudflare Workers Performance Optimization
Information Technology,Cloud Platforms & Services,Cloudflare Workers Migration
Information Technology,Cloud Platforms & Services,Cloudflare Workers Automation
Information Technology,Cloud Platforms & Services,Cloudflare Workers Support & Maintenance
Information Technology,Cloud Platforms & Services,Cloudflare Workers Monitoring
Information Technology,Cloud Platforms & Services,Cloudflare Workers Architecture Design
Information Technology,Cloud Platforms & Services,Cloudflare Workers Upgrade & Patching
Information Technology,Cloud Platforms & Services,Cloudflare Workers Scripting
Information Technology,Cloud Platforms & Services,Cloudflare Workers Best Practices
Information Technology,Cloud Platforms & Services,Cloudflare CDN
Information Technology,Cloud Platforms & Services,Cloudflare CDN Administration
Information Technology,Cloud Platforms & Services,Cloudflare CDN Development
Information Technology,Cloud Platforms & Services,Cloudflare CDN Configuration
Information Technology,Cloud Platforms & Services,Cloudflare CDN Troubleshooting
Information Technology,Cloud Platforms & Services,Cloudflare CDN Integration
Information Technology,Cloud Platforms & Services,Cloudflare CDN Deployment
Information Technology,Cloud Platforms & Services,Cloudflare CDN Security Hardening
Information Technology,Cloud Platforms & Services,Cloudflare CDN Performance Optimization
Information Technology,Cloud Platforms & Services,Cloudflare CDN Migration
Information Technology,Cloud Platforms & Services,Cloudflare CDN Automation
Information Technology,Cloud Platforms & Services,Cloudflare CDN Support & Maintenance
Information Technology,Cloud Platforms & Services,Cloudflare CDN Monitoring
Information Technology,Cloud Platforms & Services,Cloudflare CDN Architecture Design
Information Technology,Cloud Platforms & Services,Cloudflare CDN Upgrade & Patching
Information Technology,Cloud Platforms & Services,Cloudflare CDN Scripting
Information Technology,Cloud Platforms & Services,Cloudflare CDN Best Practices
Information Technology,Cloud Platforms & Services,Alibaba Cloud
Information Technology,Cloud Platforms & Services,Alibaba Cloud Administration
Information Technology,Cloud Platforms & Services,Alibaba Cloud Development
Information Technology,Cloud Platforms & Services,Alibaba Cloud Configuration
Information Technology,Cloud Platforms & Services,Alibaba Cloud Troubleshooting
Information Technology,Cloud Platforms & Services,Alibaba Cloud Integration
Information Technology,Cloud Platforms & Services,Alibaba Cloud Deployment
Information Technology,Cloud Platforms & Services,Alibaba Cloud Security Hardening
Information Technology,Cloud Platforms & Services,Alibaba Cloud Performance Optimization
Information Technology,Cloud Platforms & Services,Alibaba Cloud Migration
Information Technology,Cloud Platforms & Services,Alibaba Cloud Automation
Information Technology,Cloud Platforms & Services,Alibaba Cloud Support & Maintenance
Information Technology,Cloud Platforms & Services,Alibaba Cloud Monitoring
Information Technology,Cloud Platforms & Services,Alibaba Cloud Architecture Design
Information Technology,Cloud Platforms & Services,Alibaba Cloud Upgrade & Patching
Information Technology,Cloud Platforms & Services,Alibaba Cloud Scripting
Information Technology,Cloud Platforms & Services,Alibaba Cloud Best Practices
Information Technology,Cloud Platforms & Services,VMware Cloud
Information Technology,Cloud Platforms & Services,VMware Cloud Administration
Information Technology,Cloud Platforms & Services,VMware Cloud Development
Information Technology,Cloud Platforms & Services,VMware Cloud Configuration
Information Technology,Cloud Platforms & Services,VMware Cloud Troubleshooting
Information Technology,Cloud Platforms & Services,VMware Cloud Integration
Information Technology,Cloud Platforms & Services,VMware Cloud Deployment
Information Technology,Cloud Platforms & Services,VMware Cloud Security Hardening
Information Technology,Cloud Platforms & Services,VMware Cloud Performance Optimization
Information Technology,Cloud Platforms & Services,VMware Cloud Migration
Information Technology,Cloud Platforms & Services,VMware Cloud Automation
Information Technology,Cloud Platforms & Services,VMware Cloud Support & Maintenance
Information Technology,Cloud Platforms & Services,VMware Cloud Monitoring
Information Technology,Cloud Platforms & Services,VMware Cloud Architecture Design
Information Technology,Cloud Platforms & Services,VMware Cloud Upgrade & Patching
Information Technology,Cloud Platforms & Services,VMware Cloud Scripting
Information Technology,Cloud Platforms & Services,VMware Cloud Best Practices
Information Technology,Cloud Platforms & Services,OpenStack
Information Technology,Cloud Platforms & Services,OpenStack Administration
Information Technology,Cloud Platforms & Services,OpenStack Development
Information Technology,Cloud Platforms & Services,OpenStack Configuration
Information Technology,Cloud Platforms & Services,OpenStack Troubleshooting
Information Technology,Cloud Platforms & Services,OpenStack Integration
Information Technology,Cloud Platforms & Services,OpenStack Deployment
Information Technology,Cloud Platforms & Services,OpenStack Security Hardening
Information Technology,Cloud Platforms & Services,OpenStack Performance Optimization
Information Technology,Cloud Platforms & Services,OpenStack Migration
Information Technology,Cloud Platforms & Services,OpenStack Automation
Information Technology,Cloud Platforms & Services,OpenStack Support & Maintenance
Information Technology,Cloud Platforms & Services,OpenStack Monitoring
Information Technology,Cloud Platforms & Services,OpenStack Architecture Design
Information Technology,Cloud Platforms & Services,OpenStack Upgrade & Patching
Information Technology,Cloud Platforms & Services,OpenStack Scripting
Information Technology,Cloud Platforms & Services,OpenStack Best Practices
Information Technology,Cloud Platforms & Services,Rackspace Cloud
Information Technology,Cloud Platforms & Services,Rackspace Cloud Administration
Information Technology,Cloud Platforms & Services,Rackspace Cloud Development
Information Technology,Cloud Platforms & Services,Rackspace Cloud Configuration
Information Technology,Cloud Platforms & Services,Rackspace Cloud Troubleshooting
Information Technology,Cloud Platforms & Services,Rackspace Cloud Integration
Information Technology,Cloud Platforms & Services,Rackspace Cloud Deployment
Information Technology,Cloud Platforms & Services,Rackspace Cloud Security Hardening
Information Technology,Cloud Platforms & Services,Rackspace Cloud Performance Optimization
Information Technology,Cloud Platforms & Services,Rackspace Cloud Migration
Information Technology,Cloud Platforms & Services,Rackspace Cloud Automation
Information Technology,Cloud Platforms & Services,Rackspace Cloud Support & Maintenance
Information Technology,Cloud Platforms & Services,Rackspace Cloud Monitoring
Information Technology,Cloud Platforms & Services,Rackspace Cloud Architecture Design
Information Technology,Cloud Platforms & Services,Rackspace Cloud Upgrade & Patching
Information Technology,Cloud Platforms & Services,Rackspace Cloud Scripting
Information Technology,Cloud Platforms & Services,Rackspace Cloud Best Practices
Information Technology,Cloud Platforms & Services,Vultr
Information Technology,Cloud Platforms & Services,Vultr Administration
Information Technology,Cloud Platforms & Services,Vultr Development
Information Technology,Cloud Platforms & Services,Vultr Configuration
Information Technology,Cloud Platforms & Services,Vultr Troubleshooting
Information Technology,Cloud Platforms & Services,Vultr Integration
Information Technology,Cloud Platforms & Services,Vultr Deployment
Information Technology,Cloud Platforms & Services,Vultr Security Hardening
Information Technology,Cloud Platforms & Services,Vultr Performance Optimization
Information Technology,Cloud Platforms & Services,Vultr Migration
Information Technology,Cloud Platforms & Services,Vultr Automation
Information Technology,Cloud Platforms & Services,Vultr Support & Maintenance
Information Technology,Cloud Platforms & Services,Vultr Monitoring
Information Technology,Cloud Platforms & Services,Vultr Architecture Design
Information Technology,Cloud Platforms & Services,Vultr Upgrade & Patching
Information Technology,Cloud Platforms & Services,Vultr Scripting
Information Technology,Cloud Platforms & Services,Vultr Best Practices
Information Technology,Cloud Platforms & Services,Render
Information Technology,Cloud Platforms & Services,Render Administration
Information Technology,Cloud Platforms & Services,Render Development
Information Technology,Cloud Platforms & Services,Render Configuration
Information Technology,Cloud Platforms & Services,Render Troubleshooting
Information Technology,Cloud Platforms & Services,Render Integration
Information Technology,Cloud Platforms & Services,Render Deployment
Information Technology,Cloud Platforms & Services,Render Security Hardening
Information Technology,Cloud Platforms & Services,Render Performance Optimization
Information Technology,Cloud Platforms & Services,Render Migration
Information Technology,Cloud Platforms & Services,Render Automation
Information Technology,Cloud Platforms & Services,Render Support & Maintenance
Information Technology,Cloud Platforms & Services,Render Monitoring
Information Technology,Cloud Platforms & Services,Render Architecture Design
Information Technology,Cloud Platforms & Services,Render Upgrade & Patching
Information Technology,Cloud Platforms & Services,Render Scripting
Information Technology,Cloud Platforms & Services,Render Best Practices
Information Technology,Cloud Platforms & Services,Fly.io
Information Technology,Cloud Platforms & Services,Fly.io Administration
Information Technology,Cloud Platforms & Services,Fly.io Development
Information Technology,Cloud Platforms & Services,Fly.io Configuration
Information Technology,Cloud Platforms & Services,Fly.io Troubleshooting
Information Technology,Cloud Platforms & Services,Fly.io Integration
Information Technology,Cloud Platforms & Services,Fly.io Deployment
Information Technology,Cloud Platforms & Services,Fly.io Security Hardening
Information Technology,Cloud Platforms & Services,Fly.io Performance Optimization
Information Technology,Cloud Platforms & Services,Fly.io Migration
Information Technology,Cloud Platforms & Services,Fly.io Automation
Information Technology,Cloud Platforms & Services,Fly.io Support & Maintenance
Information Technology,Cloud Platforms & Services,Fly.io Monitoring
Information Technology,Cloud Platforms & Services,Fly.io Architecture Design
Information Technology,Cloud Platforms & Services,Fly.io Upgrade & Patching
Information Technology,Cloud Platforms & Services,Fly.io Scripting
Information Technology,Cloud Platforms & Services,Fly.io Best Practices
Information Technology,Cloud Platforms & Services,Railway App
Information Technology,Cloud Platforms & Services,Railway App Administration
Information Technology,Cloud Platforms & Services,Railway App Development
Information Technology,Cloud Platforms & Services,Railway App Configuration
Information Technology,Cloud Platforms & Services,Railway App Troubleshooting
Information Technology,Cloud Platforms & Services,Railway App Integration
Information Technology,Cloud Platforms & Services,Railway App Deployment
Information Technology,Cloud Platforms & Services,Railway App Security Hardening
Information Technology,Cloud Platforms & Services,Railway App Performance Optimization
Information Technology,Cloud Platforms & Services,Railway App Migration
Information Technology,Cloud Platforms & Services,Railway App Automation
Information Technology,Cloud Platforms & Services,Railway App Support & Maintenance
Information Technology,Cloud Platforms & Services,Railway App Monitoring
Information Technology,Cloud Platforms & Services,Railway App Architecture Design
Information Technology,Cloud Platforms & Services,Railway App Upgrade & Patching
Information Technology,Cloud Platforms & Services,Railway App Scripting
Information Technology,Cloud Platforms & Services,Railway App Best Practices
Information Technology,Cloud Platforms & Services,Backblaze B2
Information Technology,Cloud Platforms & Services,Backblaze B2 Administration
Information Technology,Cloud Platforms & Services,Backblaze B2 Development
Information Technology,Cloud Platforms & Services,Backblaze B2 Configuration
Information Technology,Cloud Platforms & Services,Backblaze B2 Troubleshooting
Information Technology,Cloud Platforms & Services,Backblaze B2 Integration
Information Technology,Cloud Platforms & Services,Backblaze B2 Deployment
Information Technology,Cloud Platforms & Services,Backblaze B2 Security Hardening
Information Technology,Cloud Platforms & Services,Backblaze B2 Performance Optimization
Information Technology,Cloud Platforms & Services,Backblaze B2 Migration
Information Technology,Cloud Platforms & Services,Backblaze B2 Automation
Information Technology,Cloud Platforms & Services,Backblaze B2 Support & Maintenance
Information Technology,Cloud Platforms & Services,Backblaze B2 Monitoring
Information Technology,Cloud Platforms & Services,Backblaze B2 Architecture Design
Information Technology,Cloud Platforms & Services,Backblaze B2 Upgrade & Patching
Information Technology,Cloud Platforms & Services,Backblaze B2 Scripting
Information Technology,Cloud Platforms & Services,Backblaze B2 Best Practices
Information Technology,Cloud Platforms & Services,Wasabi Cloud Storage
Information Technology,Cloud Platforms & Services,Wasabi Cloud Storage Administration
Information Technology,Cloud Platforms & Services,Wasabi Cloud Storage Development
Information Technology,Cloud Platforms & Services,Wasabi Cloud Storage Configuration
Information Technology,Cloud Platforms & Services,Wasabi Cloud Storage Troubleshooting
Information Technology,Cloud Platforms & Services,Wasabi Cloud Storage Integration
Information Technology,Cloud Platforms & Services,Wasabi Cloud Storage Deployment
Information Technology,Cloud Platforms & Services,Wasabi Cloud Storage Security Hardening
Information Technology,Cloud Platforms & Services,Wasabi Cloud Storage Performance Optimization
Information Technology,Cloud Platforms & Services,Wasabi Cloud Storage Migration
Information Technology,Cloud Platforms & Services,Wasabi Cloud Storage Automation
Information Technology,Cloud Platforms & Services,Wasabi Cloud Storage Support & Maintenance
Information Technology,Cloud Platforms & Services,Wasabi Cloud Storage Monitoring
Information Technology,Cloud Platforms & Services,Wasabi Cloud Storage Architecture Design
Information Technology,Cloud Platforms & Services,Wasabi Cloud Storage Upgrade & Patching
Information Technology,Cloud Platforms & Services,Wasabi Cloud Storage Scripting
Information Technology,Cloud Platforms & Services,Wasabi Cloud Storage Best Practices
Information Technology,Cloud Platforms & Services,Databricks
Information Technology,Cloud Platforms & Services,Databricks Administration
Information Technology,Cloud Platforms & Services,Databricks Development
Information Technology,Cloud Platforms & Services,Databricks Configuration
Information Technology,Cloud Platforms & Services,Databricks Troubleshooting
Information Technology,Cloud Platforms & Services,Databricks Integration
Information Technology,Cloud Platforms & Services,Databricks Deployment
Information Technology,Cloud Platforms & Services,Databricks Security Hardening
Information Technology,Cloud Platforms & Services,Databricks Performance Optimization
Information Technology,Cloud Platforms & Services,Databricks Migration
Information Technology,Cloud Platforms & Services,Databricks Automation
Information Technology,Cloud Platforms & Services,Databricks Support & Maintenance
Information Technology,Cloud Platforms & Services,Databricks Monitoring
Information Technology,Cloud Platforms & Services,Databricks Architecture Design
Information Technology,Cloud Platforms & Services,Databricks Upgrade & Patching
Information Technology,Cloud Platforms & Services,Databricks Scripting
Information Technology,Cloud Platforms & Services,Databricks Best Practices
Information Technology,Cloud Platforms & Services,Confluent Cloud
Information Technology,Cloud Platforms & Services,Confluent Cloud Administration
Information Technology,Cloud Platforms & Services,Confluent Cloud Development
Information Technology,Cloud Platforms & Services,Confluent Cloud Configuration
Information Technology,Cloud Platforms & Services,Confluent Cloud Troubleshooting
Information Technology,Cloud Platforms & Services,Confluent Cloud Integration
Information Technology,Cloud Platforms & Services,Confluent Cloud Deployment
Information Technology,Cloud Platforms & Services,Confluent Cloud Security Hardening
Information Technology,Cloud Platforms & Services,Confluent Cloud Performance Optimization
Information Technology,Cloud Platforms & Services,Confluent Cloud Migration
Information Technology,Cloud Platforms & Services,Confluent Cloud Automation
Information Technology,Cloud Platforms & Services,Confluent Cloud Support & Maintenance
Information Technology,Cloud Platforms & Services,Confluent Cloud Monitoring
Information Technology,Cloud Platforms & Services,Confluent Cloud Architecture Design
Information Technology,Cloud Platforms & Services,Confluent Cloud Upgrade & Patching
Information Technology,Cloud Platforms & Services,Confluent Cloud Scripting
Information Technology,Cloud Platforms & Services,Confluent Cloud Best Practices
Information Technology,Cloud Platforms & Services,MongoDB Atlas
Information Technology,Cloud Platforms & Services,MongoDB Atlas Administration
Information Technology,Cloud Platforms & Services,MongoDB Atlas Development
Information Technology,Cloud Platforms & Services,MongoDB Atlas Configuration
Information Technology,Cloud Platforms & Services,MongoDB Atlas Troubleshooting
Information Technology,Cloud Platforms & Services,MongoDB Atlas Integration
Information Technology,Cloud Platforms & Services,MongoDB Atlas Deployment
Information Technology,Cloud Platforms & Services,MongoDB Atlas Security Hardening
Information Technology,Cloud Platforms & Services,MongoDB Atlas Performance Optimization
Information Technology,Cloud Platforms & Services,MongoDB Atlas Migration
Information Technology,Cloud Platforms & Services,MongoDB Atlas Automation
Information Technology,Cloud Platforms & Services,MongoDB Atlas Support & Maintenance
Information Technology,Cloud Platforms & Services,MongoDB Atlas Monitoring
Information Technology,Cloud Platforms & Services,MongoDB Atlas Architecture Design
Information Technology,Cloud Platforms & Services,MongoDB Atlas Upgrade & Patching
Information Technology,Cloud Platforms & Services,MongoDB Atlas Scripting
Information Technology,Cloud Platforms & Services,MongoDB Atlas Best Practices
Information Technology,Cloud Platforms & Services,Elastic Cloud
Information Technology,Cloud Platforms & Services,Elastic Cloud Administration
Information Technology,Cloud Platforms & Services,Elastic Cloud Development
Information Technology,Cloud Platforms & Services,Elastic Cloud Configuration
Information Technology,Cloud Platforms & Services,Elastic Cloud Troubleshooting
Information Technology,Cloud Platforms & Services,Elastic Cloud Integration
Information Technology,Cloud Platforms & Services,Elastic Cloud Deployment
Information Technology,Cloud Platforms & Services,Elastic Cloud Security Hardening
Information Technology,Cloud Platforms & Services,Elastic Cloud Performance Optimization
Information Technology,Cloud Platforms & Services,Elastic Cloud Migration
Information Technology,Cloud Platforms & Services,Elastic Cloud Automation
Information Technology,Cloud Platforms & Services,Elastic Cloud Support & Maintenance
Information Technology,Cloud Platforms & Services,Elastic Cloud Monitoring
Information Technology,Cloud Platforms & Services,Elastic Cloud Architecture Design
Information Technology,Cloud Platforms & Services,Elastic Cloud Upgrade & Patching
Information Technology,Cloud Platforms & Services,Elastic Cloud Scripting
Information Technology,Cloud Platforms & Services,Elastic Cloud Best Practices
Information Technology,Cloud Platforms & Services,AWS Outposts
Information Technology,Cloud Platforms & Services,AWS Outposts Administration
Information Technology,Cloud Platforms & Services,AWS Outposts Development
Information Technology,Cloud Platforms & Services,AWS Outposts Configuration
Information Technology,Cloud Platforms & Services,AWS Outposts Troubleshooting
Information Technology,Cloud Platforms & Services,AWS Outposts Integration
Information Technology,Cloud Platforms & Services,AWS Outposts Deployment
Information Technology,Cloud Platforms & Services,AWS Outposts Security Hardening
Information Technology,Cloud Platforms & Services,AWS Outposts Performance Optimization
Information Technology,Cloud Platforms & Services,AWS Outposts Migration
Information Technology,Cloud Platforms & Services,AWS Outposts Automation
Information Technology,Cloud Platforms & Services,AWS Outposts Support & Maintenance
Information Technology,Cloud Platforms & Services,AWS Outposts Monitoring
Information Technology,Cloud Platforms & Services,AWS Outposts Architecture Design
Information Technology,Cloud Platforms & Services,AWS Outposts Upgrade & Patching
Information Technology,Cloud Platforms & Services,AWS Outposts Scripting
Information Technology,Cloud Platforms & Services,AWS Outposts Best Practices
Information Technology,Cloud Platforms & Services,Azure Arc
Information Technology,Cloud Platforms & Services,Azure Arc Administration
Information Technology,Cloud Platforms & Services,Azure Arc Development
Information Technology,Cloud Platforms & Services,Azure Arc Configuration
Information Technology,Cloud Platforms & Services,Azure Arc Troubleshooting
Information Technology,Cloud Platforms & Services,Azure Arc Integration
Information Technology,Cloud Platforms & Services,Azure Arc Deployment
Information Technology,Cloud Platforms & Services,Azure Arc Security Hardening
Information Technology,Cloud Platforms & Services,Azure Arc Performance Optimization
Information Technology,Cloud Platforms & Services,Azure Arc Migration
Information Technology,Cloud Platforms & Services,Azure Arc Automation
Information Technology,Cloud Platforms & Services,Azure Arc Support & Maintenance
Information Technology,Cloud Platforms & Services,Azure Arc Monitoring
Information Technology,Cloud Platforms & Services,Azure Arc Architecture Design
Information Technology,Cloud Platforms & Services,Azure Arc Upgrade & Patching
Information Technology,Cloud Platforms & Services,Azure Arc Scripting
Information Technology,Cloud Platforms & Services,Azure Arc Best Practices
Information Technology,Cloud Platforms & Services,AWS Snowball
Information Technology,Cloud Platforms & Services,AWS Snowball Administration
Information Technology,Cloud Platforms & Services,AWS Snowball Development
Information Technology,Cloud Platforms & Services,AWS Snowball Configuration
Information Technology,Cloud Platforms & Services,AWS Snowball Troubleshooting
Information Technology,Cloud Platforms & Services,AWS Snowball Integration
Information Technology,Cloud Platforms & Services,AWS Snowball Deployment
Information Technology,Cloud Platforms & Services,AWS Snowball Security Hardening
Information Technology,Cloud Platforms & Services,AWS Snowball Performance Optimization
Information Technology,Cloud Platforms & Services,AWS Snowball Migration
Information Technology,Cloud Platforms & Services,AWS Snowball Automation
Information Technology,Cloud Platforms & Services,AWS Snowball Support & Maintenance
Information Technology,Cloud Platforms & Services,AWS Snowball Monitoring
Information Technology,Cloud Platforms & Services,AWS Snowball Architecture Design
Information Technology,Cloud Platforms & Services,AWS Snowball Upgrade & Patching
Information Technology,Cloud Platforms & Services,AWS Snowball Scripting
Information Technology,Cloud Platforms & Services,AWS Snowball Best Practices
Information Technology,Cloud Platforms & Services,Azure Stack
Information Technology,Cloud Platforms & Services,Azure Stack Administration
Information Technology,Cloud Platforms & Services,Azure Stack Development
Information Technology,Cloud Platforms & Services,Azure Stack Configuration
Information Technology,Cloud Platforms & Services,Azure Stack Troubleshooting
Information Technology,Cloud Platforms & Services,Azure Stack Integration
Information Technology,Cloud Platforms & Services,Azure Stack Deployment
Information Technology,Cloud Platforms & Services,Azure Stack Security Hardening
Information Technology,Cloud Platforms & Services,Azure Stack Performance Optimization
Information Technology,Cloud Platforms & Services,Azure Stack Migration
Information Technology,Cloud Platforms & Services,Azure Stack Automation
Information Technology,Cloud Platforms & Services,Azure Stack Support & Maintenance
Information Technology,Cloud Platforms & Services,Azure Stack Monitoring
Information Technology,Cloud Platforms & Services,Azure Stack Architecture Design
Information Technology,Cloud Platforms & Services,Azure Stack Upgrade & Patching
Information Technology,Cloud Platforms & Services,Azure Stack Scripting
Information Technology,Cloud Platforms & Services,Azure Stack Best Practices
Information Technology,Cloud Platforms & Services,AWS WorkSpaces
Information Technology,Cloud Platforms & Services,AWS WorkSpaces Administration
Information Technology,Cloud Platforms & Services,AWS WorkSpaces Development
Information Technology,Cloud Platforms & Services,AWS WorkSpaces Configuration
Information Technology,Cloud Platforms & Services,AWS WorkSpaces Troubleshooting
Information Technology,Cloud Platforms & Services,AWS WorkSpaces Integration
Information Technology,Cloud Platforms & Services,AWS WorkSpaces Deployment
Information Technology,Cloud Platforms & Services,AWS WorkSpaces Security Hardening
Information Technology,Cloud Platforms & Services,AWS WorkSpaces Performance Optimization
Information Technology,Cloud Platforms & Services,AWS WorkSpaces Migration
Information Technology,Cloud Platforms & Services,AWS WorkSpaces Automation
Information Technology,Cloud Platforms & Services,AWS WorkSpaces Support & Maintenance
Information Technology,Cloud Platforms & Services,AWS WorkSpaces Monitoring
Information Technology,Cloud Platforms & Services,AWS WorkSpaces Architecture Design
Information Technology,Cloud Platforms & Services,AWS WorkSpaces Upgrade & Patching
Information Technology,Cloud Platforms & Services,AWS WorkSpaces Scripting
Information Technology,Cloud Platforms & Services,AWS WorkSpaces Best Practices
Information Technology,Cloud Platforms & Services,Azure Virtual Desktop
Information Technology,Cloud Platforms & Services,Azure Virtual Desktop Administration
Information Technology,Cloud Platforms & Services,Azure Virtual Desktop Development
Information Technology,Cloud Platforms & Services,Azure Virtual Desktop Configuration
Information Technology,Cloud Platforms & Services,Azure Virtual Desktop Troubleshooting
Information Technology,Cloud Platforms & Services,Azure Virtual Desktop Integration
Information Technology,Cloud Platforms & Services,Azure Virtual Desktop Deployment
Information Technology,Cloud Platforms & Services,Azure Virtual Desktop Security Hardening
Information Technology,Cloud Platforms & Services,Azure Virtual Desktop Performance Optimization
Information Technology,Cloud Platforms & Services,Azure Virtual Desktop Migration
Information Technology,Cloud Platforms & Services,Azure Virtual Desktop Automation
Information Technology,Cloud Platforms & Services,Azure Virtual Desktop Support & Maintenance
Information Technology,Cloud Platforms & Services,Azure Virtual Desktop Monitoring
Information Technology,Cloud Platforms & Services,Azure Virtual Desktop Architecture Design
Information Technology,Cloud Platforms & Services,Azure Virtual Desktop Upgrade & Patching
Information Technology,Cloud Platforms & Services,Azure Virtual Desktop Scripting
Information Technology,Cloud Platforms & Services,Azure Virtual Desktop Best Practices
Information Technology,Cloud Platforms & Services,AWS Control Tower
Information Technology,Cloud Platforms & Services,AWS Control Tower Administration
Information Technology,Cloud Platforms & Services,AWS Control Tower Development
Information Technology,Cloud Platforms & Services,AWS Control Tower Configuration
Information Technology,Cloud Platforms & Services,AWS Control Tower Troubleshooting
Information Technology,Cloud Platforms & Services,AWS Control Tower Integration
Information Technology,Cloud Platforms & Services,AWS Control Tower Deployment
Information Technology,Cloud Platforms & Services,AWS Control Tower Security Hardening
Information Technology,Cloud Platforms & Services,AWS Control Tower Performance Optimization
Information Technology,Cloud Platforms & Services,AWS Control Tower Migration
Information Technology,Cloud Platforms & Services,AWS Control Tower Automation
Information Technology,Cloud Platforms & Services,AWS Control Tower Support & Maintenance
Information Technology,Cloud Platforms & Services,AWS Control Tower Monitoring
Information Technology,Cloud Platforms & Services,AWS Control Tower Architecture Design
Information Technology,Cloud Platforms & Services,AWS Control Tower Upgrade & Patching
Information Technology,Cloud Platforms & Services,AWS Control Tower Scripting
Information Technology,Cloud Platforms & Services,AWS Control Tower Best Practices
Information Technology,Cloud Platforms & Services,AWS Systems Manager
Information Technology,Cloud Platforms & Services,AWS Systems Manager Administration
Information Technology,Cloud Platforms & Services,AWS Systems Manager Development
Information Technology,Cloud Platforms & Services,AWS Systems Manager Configuration
Information Technology,Cloud Platforms & Services,AWS Systems Manager Troubleshooting
Information Technology,Cloud Platforms & Services,AWS Systems Manager Integration
Information Technology,Cloud Platforms & Services,AWS Systems Manager Deployment
Information Technology,Cloud Platforms & Services,AWS Systems Manager Security Hardening
Information Technology,Cloud Platforms & Services,AWS Systems Manager Performance Optimization
Information Technology,Cloud Platforms & Services,AWS Systems Manager Migration
Information Technology,Cloud Platforms & Services,AWS Systems Manager Automation
Information Technology,Cloud Platforms & Services,AWS Systems Manager Support & Maintenance
Information Technology,Cloud Platforms & Services,AWS Systems Manager Monitoring
Information Technology,Cloud Platforms & Services,AWS Systems Manager Architecture Design
Information Technology,Cloud Platforms & Services,AWS Systems Manager Upgrade & Patching
Information Technology,Cloud Platforms & Services,AWS Systems Manager Scripting
Information Technology,Cloud Platforms & Services,AWS Systems Manager Best Practices
Information Technology,Cloud Platforms & Services,Azure Automation
Information Technology,Cloud Platforms & Services,Azure Automation Administration
Information Technology,Cloud Platforms & Services,Azure Automation Development
Information Technology,Cloud Platforms & Services,Azure Automation Configuration
Information Technology,Cloud Platforms & Services,Azure Automation Troubleshooting
Information Technology,Cloud Platforms & Services,Azure Automation Integration
Information Technology,Cloud Platforms & Services,Azure Automation Deployment
Information Technology,Cloud Platforms & Services,Azure Automation Security Hardening
Information Technology,Cloud Platforms & Services,Azure Automation Performance Optimization
Information Technology,Cloud Platforms & Services,Azure Automation Migration
Information Technology,Cloud Platforms & Services,Azure Automation Automation
Information Technology,Cloud Platforms & Services,Azure Automation Support & Maintenance
Information Technology,Cloud Platforms & Services,Azure Automation Monitoring
Information Technology,Cloud Platforms & Services,Azure Automation Architecture Design
Information Technology,Cloud Platforms & Services,Azure Automation Upgrade & Patching
Information Technology,Cloud Platforms & Services,Azure Automation Scripting
Information Technology,Cloud Platforms & Services,Azure Automation Best Practices
Information Technology,Cloud Platforms & Services,GCP Cloud Build
Information Technology,Cloud Platforms & Services,GCP Cloud Build Administration
Information Technology,Cloud Platforms & Services,GCP Cloud Build Development
Information Technology,Cloud Platforms & Services,GCP Cloud Build Configuration
Information Technology,Cloud Platforms & Services,GCP Cloud Build Troubleshooting
Information Technology,Cloud Platforms & Services,GCP Cloud Build Integration
Information Technology,Cloud Platforms & Services,GCP Cloud Build Deployment
Information Technology,Cloud Platforms & Services,GCP Cloud Build Security Hardening
Information Technology,Cloud Platforms & Services,GCP Cloud Build Performance Optimization
Information Technology,Cloud Platforms & Services,GCP Cloud Build Migration
Information Technology,Cloud Platforms & Services,GCP Cloud Build Automation
Information Technology,Cloud Platforms & Services,GCP Cloud Build Support & Maintenance
Information Technology,Cloud Platforms & Services,GCP Cloud Build Monitoring
Information Technology,Cloud Platforms & Services,GCP Cloud Build Architecture Design
Information Technology,Cloud Platforms & Services,GCP Cloud Build Upgrade & Patching
Information Technology,Cloud Platforms & Services,GCP Cloud Build Scripting
Information Technology,Cloud Platforms & Services,GCP Cloud Build Best Practices
Information Technology,Cloud Platforms & Services,AWS X-Ray
Information Technology,Cloud Platforms & Services,AWS X-Ray Administration
Information Technology,Cloud Platforms & Services,AWS X-Ray Development
Information Technology,Cloud Platforms & Services,AWS X-Ray Configuration
Information Technology,Cloud Platforms & Services,AWS X-Ray Troubleshooting
Information Technology,Cloud Platforms & Services,AWS X-Ray Integration
Information Technology,Cloud Platforms & Services,AWS X-Ray Deployment
Information Technology,Cloud Platforms & Services,AWS X-Ray Security Hardening
Information Technology,Cloud Platforms & Services,AWS X-Ray Performance Optimization
Information Technology,Cloud Platforms & Services,AWS X-Ray Migration
Information Technology,Cloud Platforms & Services,AWS X-Ray Automation
Information Technology,Cloud Platforms & Services,AWS X-Ray Support & Maintenance
Information Technology,Cloud Platforms & Services,AWS X-Ray Monitoring
Information Technology,Cloud Platforms & Services,AWS X-Ray Architecture Design
Information Technology,Cloud Platforms & Services,AWS X-Ray Upgrade & Patching
Information Technology,Cloud Platforms & Services,AWS X-Ray Scripting
Information Technology,Cloud Platforms & Services,AWS X-Ray Best Practices
Information Technology,Cloud Platforms & Services,Azure Application Insights
Information Technology,Cloud Platforms & Services,Azure Application Insights Administration
Information Technology,Cloud Platforms & Services,Azure Application Insights Development
Information Technology,Cloud Platforms & Services,Azure Application Insights Configuration
Information Technology,Cloud Platforms & Services,Azure Application Insights Troubleshooting
Information Technology,Cloud Platforms & Services,Azure Application Insights Integration
Information Technology,Cloud Platforms & Services,Azure Application Insights Deployment
Information Technology,Cloud Platforms & Services,Azure Application Insights Security Hardening
Information Technology,Cloud Platforms & Services,Azure Application Insights Performance Optimization
Information Technology,Cloud Platforms & Services,Azure Application Insights Migration
Information Technology,Cloud Platforms & Services,Azure Application Insights Automation
Information Technology,Cloud Platforms & Services,Azure Application Insights Support & Maintenance
Information Technology,Cloud Platforms & Services,Azure Application Insights Monitoring
Information Technology,Cloud Platforms & Services,Azure Application Insights Architecture Design
Information Technology,Cloud Platforms & Services,Azure Application Insights Upgrade & Patching
Information Technology,Cloud Platforms & Services,Azure Application Insights Scripting
Information Technology,Cloud Platforms & Services,Azure Application Insights Best Practices
Information Technology,Cloud Platforms & Services,GCP Cloud Trace
Information Technology,Cloud Platforms & Services,GCP Cloud Trace Administration
Information Technology,Cloud Platforms & Services,GCP Cloud Trace Development
Information Technology,Cloud Platforms & Services,GCP Cloud Trace Configuration
Information Technology,Cloud Platforms & Services,GCP Cloud Trace Troubleshooting
Information Technology,Cloud Platforms & Services,GCP Cloud Trace Integration
Information Technology,Cloud Platforms & Services,GCP Cloud Trace Deployment
Information Technology,Cloud Platforms & Services,GCP Cloud Trace Security Hardening
Information Technology,Cloud Platforms & Services,GCP Cloud Trace Performance Optimization
Information Technology,Cloud Platforms & Services,GCP Cloud Trace Migration
Information Technology,Cloud Platforms & Services,GCP Cloud Trace Automation
Information Technology,Cloud Platforms & Services,GCP Cloud Trace Support & Maintenance
Information Technology,Cloud Platforms & Services,GCP Cloud Trace Monitoring
Information Technology,Cloud Platforms & Services,GCP Cloud Trace Architecture Design
Information Technology,Cloud Platforms & Services,GCP Cloud Trace Upgrade & Patching
Information Technology,Cloud Platforms & Services,GCP Cloud Trace Scripting
Information Technology,Cloud Platforms & Services,GCP Cloud Trace Best Practices
Information Technology,Cloud Platforms & Services,AWS AppSync
Information Technology,Cloud Platforms & Services,AWS AppSync Administration
Information Technology,Cloud Platforms & Services,AWS AppSync Development
Information Technology,Cloud Platforms & Services,AWS AppSync Configuration
Information Technology,Cloud Platforms & Services,AWS AppSync Troubleshooting
Information Technology,Cloud Platforms & Services,AWS AppSync Integration
Information Technology,Cloud Platforms & Services,AWS AppSync Deployment
Information Technology,Cloud Platforms & Services,AWS AppSync Security Hardening
Information Technology,Cloud Platforms & Services,AWS AppSync Performance Optimization
Information Technology,Cloud Platforms & Services,AWS AppSync Migration
Information Technology,Cloud Platforms & Services,AWS AppSync Automation
Information Technology,Cloud Platforms & Services,AWS AppSync Support & Maintenance
Information Technology,Cloud Platforms & Services,AWS AppSync Monitoring
Information Technology,Cloud Platforms & Services,AWS AppSync Architecture Design
Information Technology,Cloud Platforms & Services,AWS AppSync Upgrade & Patching
Information Technology,Cloud Platforms & Services,AWS AppSync Scripting
Information Technology,Cloud Platforms & Services,AWS AppSync Best Practices
Information Technology,Cloud Platforms & Services,Azure SignalR Service
Information Technology,Cloud Platforms & Services,Azure SignalR Service Administration
Information Technology,Cloud Platforms & Services,Azure SignalR Service Development
Information Technology,Cloud Platforms & Services,Azure SignalR Service Configuration
Information Technology,Cloud Platforms & Services,Azure SignalR Service Troubleshooting
Information Technology,Cloud Platforms & Services,Azure SignalR Service Integration
Information Technology,Cloud Platforms & Services,Azure SignalR Service Deployment
Information Technology,Cloud Platforms & Services,Azure SignalR Service Security Hardening
Information Technology,Cloud Platforms & Services,Azure SignalR Service Performance Optimization
Information Technology,Cloud Platforms & Services,Azure SignalR Service Migration
Information Technology,Cloud Platforms & Services,Azure SignalR Service Automation
Information Technology,Cloud Platforms & Services,Azure SignalR Service Support & Maintenance
Information Technology,Cloud Platforms & Services,Azure SignalR Service Monitoring
Information Technology,Cloud Platforms & Services,Azure SignalR Service Architecture Design
Information Technology,Cloud Platforms & Services,Azure SignalR Service Upgrade & Patching
Information Technology,Cloud Platforms & Services,Azure SignalR Service Scripting
Information Technology,Cloud Platforms & Services,Azure SignalR Service Best Practices
Information Technology,Cloud Platforms & Services,GCP Firebase Hosting
Information Technology,Cloud Platforms & Services,GCP Firebase Hosting Administration
Information Technology,Cloud Platforms & Services,GCP Firebase Hosting Development
Information Technology,Cloud Platforms & Services,GCP Firebase Hosting Configuration
Information Technology,Cloud Platforms & Services,GCP Firebase Hosting Troubleshooting
Information Technology,Cloud Platforms & Services,GCP Firebase Hosting Integration
Information Technology,Cloud Platforms & Services,GCP Firebase Hosting Deployment
Information Technology,Cloud Platforms & Services,GCP Firebase Hosting Security Hardening
Information Technology,Cloud Platforms & Services,GCP Firebase Hosting Performance Optimization
Information Technology,Cloud Platforms & Services,GCP Firebase Hosting Migration
Information Technology,Cloud Platforms & Services,GCP Firebase Hosting Automation
Information Technology,Cloud Platforms & Services,GCP Firebase Hosting Support & Maintenance
Information Technology,Cloud Platforms & Services,GCP Firebase Hosting Monitoring
Information Technology,Cloud Platforms & Services,GCP Firebase Hosting Architecture Design
Information Technology,Cloud Platforms & Services,GCP Firebase Hosting Upgrade & Patching
Information Technology,Cloud Platforms & Services,GCP Firebase Hosting Scripting
Information Technology,Cloud Platforms & Services,GCP Firebase Hosting Best Practices
Information Technology,Cloud Platforms & Services,AWS Amplify
Information Technology,Cloud Platforms & Services,AWS Amplify Administration
Information Technology,Cloud Platforms & Services,AWS Amplify Development
Information Technology,Cloud Platforms & Services,AWS Amplify Configuration
Information Technology,Cloud Platforms & Services,AWS Amplify Troubleshooting
Information Technology,Cloud Platforms & Services,AWS Amplify Integration
Information Technology,Cloud Platforms & Services,AWS Amplify Deployment
Information Technology,Cloud Platforms & Services,AWS Amplify Security Hardening
Information Technology,Cloud Platforms & Services,AWS Amplify Performance Optimization
Information Technology,Cloud Platforms & Services,AWS Amplify Migration
Information Technology,Cloud Platforms & Services,AWS Amplify Automation
Information Technology,Cloud Platforms & Services,AWS Amplify Support & Maintenance
Information Technology,Cloud Platforms & Services,AWS Amplify Monitoring
Information Technology,Cloud Platforms & Services,AWS Amplify Architecture Design
Information Technology,Cloud Platforms & Services,AWS Amplify Upgrade & Patching
Information Technology,Cloud Platforms & Services,AWS Amplify Scripting
Information Technology,Cloud Platforms & Services,AWS Amplify Best Practices
Information Technology,Cloud Platforms & Services,Azure Static Web Apps
Information Technology,Cloud Platforms & Services,Azure Static Web Apps Administration
Information Technology,Cloud Platforms & Services,Azure Static Web Apps Development
Information Technology,Cloud Platforms & Services,Azure Static Web Apps Configuration
Information Technology,Cloud Platforms & Services,Azure Static Web Apps Troubleshooting
Information Technology,Cloud Platforms & Services,Azure Static Web Apps Integration
Information Technology,Cloud Platforms & Services,Azure Static Web Apps Deployment
Information Technology,Cloud Platforms & Services,Azure Static Web Apps Security Hardening
Information Technology,Cloud Platforms & Services,Azure Static Web Apps Performance Optimization
Information Technology,Cloud Platforms & Services,Azure Static Web Apps Migration
Information Technology,Cloud Platforms & Services,Azure Static Web Apps Automation
Information Technology,Cloud Platforms & Services,Azure Static Web Apps Support & Maintenance
Information Technology,Cloud Platforms & Services,Azure Static Web Apps Monitoring
Information Technology,Cloud Platforms & Services,Azure Static Web Apps Architecture Design
Information Technology,Cloud Platforms & Services,Azure Static Web Apps Upgrade & Patching
Information Technology,Cloud Platforms & Services,Azure Static Web Apps Scripting
Information Technology,Cloud Platforms & Services,Azure Static Web Apps Best Practices
Information Technology,Cloud Platforms & Services,GCP Cloud CDN
Information Technology,Cloud Platforms & Services,GCP Cloud CDN Administration
Information Technology,Cloud Platforms & Services,GCP Cloud CDN Development
Information Technology,Cloud Platforms & Services,GCP Cloud CDN Configuration
Information Technology,Cloud Platforms & Services,GCP Cloud CDN Troubleshooting
Information Technology,Cloud Platforms & Services,GCP Cloud CDN Integration
Information Technology,Cloud Platforms & Services,GCP Cloud CDN Deployment
Information Technology,Cloud Platforms & Services,GCP Cloud CDN Security Hardening
Information Technology,Cloud Platforms & Services,GCP Cloud CDN Performance Optimization
Information Technology,Cloud Platforms & Services,GCP Cloud CDN Migration
Information Technology,Cloud Platforms & Services,GCP Cloud CDN Automation
Information Technology,Cloud Platforms & Services,GCP Cloud CDN Support & Maintenance
Information Technology,Cloud Platforms & Services,GCP Cloud CDN Monitoring
Information Technology,Cloud Platforms & Services,GCP Cloud CDN Architecture Design
Information Technology,Cloud Platforms & Services,GCP Cloud CDN Upgrade & Patching
Information Technology,Cloud Platforms & Services,GCP Cloud CDN Scripting
Information Technology,Cloud Platforms & Services,GCP Cloud CDN Best Practices
Information Technology,Cloud Platforms & Services,AWS Batch
Information Technology,Cloud Platforms & Services,AWS Batch Administration
Information Technology,Cloud Platforms & Services,AWS Batch Development
Information Technology,Cloud Platforms & Services,AWS Batch Configuration
Information Technology,Cloud Platforms & Services,AWS Batch Troubleshooting
Information Technology,Cloud Platforms & Services,AWS Batch Integration
Information Technology,Cloud Platforms & Services,AWS Batch Deployment
Information Technology,Cloud Platforms & Services,AWS Batch Security Hardening
Information Technology,Cloud Platforms & Services,AWS Batch Performance Optimization
Information Technology,Cloud Platforms & Services,AWS Batch Migration
Information Technology,Cloud Platforms & Services,AWS Batch Automation
Information Technology,Cloud Platforms & Services,AWS Batch Support & Maintenance
Information Technology,Cloud Platforms & Services,AWS Batch Monitoring
Information Technology,Cloud Platforms & Services,AWS Batch Architecture Design
Information Technology,Cloud Platforms & Services,AWS Batch Upgrade & Patching
Information Technology,Cloud Platforms & Services,AWS Batch Scripting
Information Technology,Cloud Platforms & Services,AWS Batch Best Practices
Information Technology,Cloud Platforms & Services,Azure Batch
Information Technology,Cloud Platforms & Services,Azure Batch Administration
Information Technology,Cloud Platforms & Services,Azure Batch Development
Information Technology,Cloud Platforms & Services,Azure Batch Configuration
Information Technology,Cloud Platforms & Services,Azure Batch Troubleshooting
Information Technology,Cloud Platforms & Services,Azure Batch Integration
Information Technology,Cloud Platforms & Services,Azure Batch Deployment
Information Technology,Cloud Platforms & Services,Azure Batch Security Hardening
Information Technology,Cloud Platforms & Services,Azure Batch Performance Optimization
Information Technology,Cloud Platforms & Services,Azure Batch Migration
Information Technology,Cloud Platforms & Services,Azure Batch Automation
Information Technology,Cloud Platforms & Services,Azure Batch Support & Maintenance
Information Technology,Cloud Platforms & Services,Azure Batch Monitoring
Information Technology,Cloud Platforms & Services,Azure Batch Architecture Design
Information Technology,Cloud Platforms & Services,Azure Batch Upgrade & Patching
Information Technology,Cloud Platforms & Services,Azure Batch Scripting
Information Technology,Cloud Platforms & Services,Azure Batch Best Practices
Information Technology,Cloud Platforms & Services,GCP Cloud Tasks
Information Technology,Cloud Platforms & Services,GCP Cloud Tasks Administration
Information Technology,Cloud Platforms & Services,GCP Cloud Tasks Development
Information Technology,Cloud Platforms & Services,GCP Cloud Tasks Configuration
Information Technology,Cloud Platforms & Services,GCP Cloud Tasks Troubleshooting
Information Technology,Cloud Platforms & Services,GCP Cloud Tasks Integration
Information Technology,Cloud Platforms & Services,GCP Cloud Tasks Deployment
Information Technology,Cloud Platforms & Services,GCP Cloud Tasks Security Hardening
Information Technology,Cloud Platforms & Services,GCP Cloud Tasks Performance Optimization
Information Technology,Cloud Platforms & Services,GCP Cloud Tasks Migration
Information Technology,Cloud Platforms & Services,GCP Cloud Tasks Automation
Information Technology,Cloud Platforms & Services,GCP Cloud Tasks Support & Maintenance
Information Technology,Cloud Platforms & Services,GCP Cloud Tasks Monitoring
Information Technology,Cloud Platforms & Services,GCP Cloud Tasks Architecture Design
Information Technology,Cloud Platforms & Services,GCP Cloud Tasks Upgrade & Patching
Information Technology,Cloud Platforms & Services,GCP Cloud Tasks Scripting
Information Technology,Cloud Platforms & Services,GCP Cloud Tasks Best Practices
Information Technology,Cloud Platforms & Services,AWS EMR
Information Technology,Cloud Platforms & Services,AWS EMR Administration
Information Technology,Cloud Platforms & Services,AWS EMR Development
Information Technology,Cloud Platforms & Services,AWS EMR Configuration
Information Technology,Cloud Platforms & Services,AWS EMR Troubleshooting
Information Technology,Cloud Platforms & Services,AWS EMR Integration
Information Technology,Cloud Platforms & Services,AWS EMR Deployment
Information Technology,Cloud Platforms & Services,AWS EMR Security Hardening
Information Technology,Cloud Platforms & Services,AWS EMR Performance Optimization
Information Technology,Cloud Platforms & Services,AWS EMR Migration
Information Technology,Cloud Platforms & Services,AWS EMR Automation
Information Technology,Cloud Platforms & Services,AWS EMR Support & Maintenance
Information Technology,Cloud Platforms & Services,AWS EMR Monitoring
Information Technology,Cloud Platforms & Services,AWS EMR Architecture Design
Information Technology,Cloud Platforms & Services,AWS EMR Upgrade & Patching
Information Technology,Cloud Platforms & Services,AWS EMR Scripting
Information Technology,Cloud Platforms & Services,AWS EMR Best Practices
Information Technology,Cloud Platforms & Services,Azure HDInsight
Information Technology,Cloud Platforms & Services,Azure HDInsight Administration
Information Technology,Cloud Platforms & Services,Azure HDInsight Development
Information Technology,Cloud Platforms & Services,Azure HDInsight Configuration
Information Technology,Cloud Platforms & Services,Azure HDInsight Troubleshooting
Information Technology,Cloud Platforms & Services,Azure HDInsight Integration
Information Technology,Cloud Platforms & Services,Azure HDInsight Deployment
Information Technology,Cloud Platforms & Services,Azure HDInsight Security Hardening
Information Technology,Cloud Platforms & Services,Azure HDInsight Performance Optimization
Information Technology,Cloud Platforms & Services,Azure HDInsight Migration
Information Technology,Cloud Platforms & Services,Azure HDInsight Automation
Information Technology,Cloud Platforms & Services,Azure HDInsight Support & Maintenance
Information Technology,Cloud Platforms & Services,Azure HDInsight Monitoring
Information Technology,Cloud Platforms & Services,Azure HDInsight Architecture Design
Information Technology,Cloud Platforms & Services,Azure HDInsight Upgrade & Patching
Information Technology,Cloud Platforms & Services,Azure HDInsight Scripting
Information Technology,Cloud Platforms & Services,Azure HDInsight Best Practices
Information Technology,Cloud Platforms & Services,GCP Dataproc
Information Technology,Cloud Platforms & Services,GCP Dataproc Administration
Information Technology,Cloud Platforms & Services,GCP Dataproc Development
Information Technology,Cloud Platforms & Services,GCP Dataproc Configuration
Information Technology,Cloud Platforms & Services,GCP Dataproc Troubleshooting
Information Technology,Cloud Platforms & Services,GCP Dataproc Integration
Information Technology,Cloud Platforms & Services,GCP Dataproc Deployment
Information Technology,Cloud Platforms & Services,GCP Dataproc Security Hardening
Information Technology,Cloud Platforms & Services,GCP Dataproc Performance Optimization
Information Technology,Cloud Platforms & Services,GCP Dataproc Migration
Information Technology,Cloud Platforms & Services,GCP Dataproc Automation
Information Technology,Cloud Platforms & Services,GCP Dataproc Support & Maintenance
Information Technology,Cloud Platforms & Services,GCP Dataproc Monitoring
Information Technology,Cloud Platforms & Services,GCP Dataproc Architecture Design
Information Technology,Cloud Platforms & Services,GCP Dataproc Upgrade & Patching
Information Technology,Cloud Platforms & Services,GCP Dataproc Scripting
Information Technology,Cloud Platforms & Services,GCP Dataproc Best Practices
Information Technology,DevOps & Automation Tools,Docker
Information Technology,DevOps & Automation Tools,Docker Administration
Information Technology,DevOps & Automation Tools,Docker Development
Information Technology,DevOps & Automation Tools,Docker Configuration
Information Technology,DevOps & Automation Tools,Docker Troubleshooting
Information Technology,DevOps & Automation Tools,Docker Integration
Information Technology,DevOps & Automation Tools,Docker Deployment
Information Technology,DevOps & Automation Tools,Docker Security Hardening
Information Technology,DevOps & Automation Tools,Docker Performance Optimization
Information Technology,DevOps & Automation Tools,Docker Migration
Information Technology,DevOps & Automation Tools,Docker Automation
Information Technology,DevOps & Automation Tools,Docker Support & Maintenance
Information Technology,DevOps & Automation Tools,Docker Monitoring
Information Technology,DevOps & Automation Tools,Docker Architecture Design
Information Technology,DevOps & Automation Tools,Docker Upgrade & Patching
Information Technology,DevOps & Automation Tools,Docker Scripting
Information Technology,DevOps & Automation Tools,Docker Best Practices
Information Technology,DevOps & Automation Tools,Kubernetes
Information Technology,DevOps & Automation Tools,Kubernetes Administration
Information Technology,DevOps & Automation Tools,Kubernetes Development
Information Technology,DevOps & Automation Tools,Kubernetes Configuration
Information Technology,DevOps & Automation Tools,Kubernetes Troubleshooting
Information Technology,DevOps & Automation Tools,Kubernetes Integration
Information Technology,DevOps & Automation Tools,Kubernetes Deployment
Information Technology,DevOps & Automation Tools,Kubernetes Security Hardening
Information Technology,DevOps & Automation Tools,Kubernetes Performance Optimization
Information Technology,DevOps & Automation Tools,Kubernetes Migration
Information Technology,DevOps & Automation Tools,Kubernetes Automation
Information Technology,DevOps & Automation Tools,Kubernetes Support & Maintenance
Information Technology,DevOps & Automation Tools,Kubernetes Monitoring
Information Technology,DevOps & Automation Tools,Kubernetes Architecture Design
Information Technology,DevOps & Automation Tools,Kubernetes Upgrade & Patching
Information Technology,DevOps & Automation Tools,Kubernetes Scripting
Information Technology,DevOps & Automation Tools,Kubernetes Best Practices
Information Technology,DevOps & Automation Tools,Jenkins
Information Technology,DevOps & Automation Tools,Jenkins Administration
Information Technology,DevOps & Automation Tools,Jenkins Development
Information Technology,DevOps & Automation Tools,Jenkins Configuration
Information Technology,DevOps & Automation Tools,Jenkins Troubleshooting
Information Technology,DevOps & Automation Tools,Jenkins Integration
Information Technology,DevOps & Automation Tools,Jenkins Deployment
Information Technology,DevOps & Automation Tools,Jenkins Security Hardening
Information Technology,DevOps & Automation Tools,Jenkins Performance Optimization
Information Technology,DevOps & Automation Tools,Jenkins Migration
Information Technology,DevOps & Automation Tools,Jenkins Automation
Information Technology,DevOps & Automation Tools,Jenkins Support & Maintenance
Information Technology,DevOps & Automation Tools,Jenkins Monitoring
Information Technology,DevOps & Automation Tools,Jenkins Architecture Design
Information Technology,DevOps & Automation Tools,Jenkins Upgrade & Patching
Information Technology,DevOps & Automation Tools,Jenkins Scripting
Information Technology,DevOps & Automation Tools,Jenkins Best Practices
Information Technology,DevOps & Automation Tools,GitLab CI/CD
Information Technology,DevOps & Automation Tools,GitLab CI/CD Administration
Information Technology,DevOps & Automation Tools,GitLab CI/CD Development
Information Technology,DevOps & Automation Tools,GitLab CI/CD Configuration
Information Technology,DevOps & Automation Tools,GitLab CI/CD Troubleshooting
Information Technology,DevOps & Automation Tools,GitLab CI/CD Integration
Information Technology,DevOps & Automation Tools,GitLab CI/CD Deployment
Information Technology,DevOps & Automation Tools,GitLab CI/CD Security Hardening
Information Technology,DevOps & Automation Tools,GitLab CI/CD Performance Optimization
Information Technology,DevOps & Automation Tools,GitLab CI/CD Migration
Information Technology,DevOps & Automation Tools,GitLab CI/CD Automation
Information Technology,DevOps & Automation Tools,GitLab CI/CD Support & Maintenance
Information Technology,DevOps & Automation Tools,GitLab CI/CD Monitoring
Information Technology,DevOps & Automation Tools,GitLab CI/CD Architecture Design
Information Technology,DevOps & Automation Tools,GitLab CI/CD Upgrade & Patching
Information Technology,DevOps & Automation Tools,GitLab CI/CD Scripting
Information Technology,DevOps & Automation Tools,GitLab CI/CD Best Practices
Information Technology,DevOps & Automation Tools,GitHub Actions
Information Technology,DevOps & Automation Tools,GitHub Actions Administration
Information Technology,DevOps & Automation Tools,GitHub Actions Development
Information Technology,DevOps & Automation Tools,GitHub Actions Configuration
Information Technology,DevOps & Automation Tools,GitHub Actions Troubleshooting
Information Technology,DevOps & Automation Tools,GitHub Actions Integration
Information Technology,DevOps & Automation Tools,GitHub Actions Deployment
Information Technology,DevOps & Automation Tools,GitHub Actions Security Hardening
Information Technology,DevOps & Automation Tools,GitHub Actions Performance Optimization
Information Technology,DevOps & Automation Tools,GitHub Actions Migration
Information Technology,DevOps & Automation Tools,GitHub Actions Automation
Information Technology,DevOps & Automation Tools,GitHub Actions Support & Maintenance
Information Technology,DevOps & Automation Tools,GitHub Actions Monitoring
Information Technology,DevOps & Automation Tools,GitHub Actions Architecture Design
Information Technology,DevOps & Automation Tools,GitHub Actions Upgrade & Patching
Information Technology,DevOps & Automation Tools,GitHub Actions Scripting
Information Technology,DevOps & Automation Tools,GitHub Actions Best Practices
Information Technology,DevOps & Automation Tools,CircleCI
Information Technology,DevOps & Automation Tools,CircleCI Administration
Information Technology,DevOps & Automation Tools,CircleCI Development
Information Technology,DevOps & Automation Tools,CircleCI Configuration
Information Technology,DevOps & Automation Tools,CircleCI Troubleshooting
Information Technology,DevOps & Automation Tools,CircleCI Integration
Information Technology,DevOps & Automation Tools,CircleCI Deployment
Information Technology,DevOps & Automation Tools,CircleCI Security Hardening
Information Technology,DevOps & Automation Tools,CircleCI Performance Optimization
Information Technology,DevOps & Automation Tools,CircleCI Migration
Information Technology,DevOps & Automation Tools,CircleCI Automation
Information Technology,DevOps & Automation Tools,CircleCI Support & Maintenance
Information Technology,DevOps & Automation Tools,CircleCI Monitoring
Information Technology,DevOps & Automation Tools,CircleCI Architecture Design
Information Technology,DevOps & Automation Tools,CircleCI Upgrade & Patching
Information Technology,DevOps & Automation Tools,CircleCI Scripting
Information Technology,DevOps & Automation Tools,CircleCI Best Practices
Information Technology,DevOps & Automation Tools,Travis CI
Information Technology,DevOps & Automation Tools,Travis CI Administration
Information Technology,DevOps & Automation Tools,Travis CI Development
Information Technology,DevOps & Automation Tools,Travis CI Configuration
Information Technology,DevOps & Automation Tools,Travis CI Troubleshooting
Information Technology,DevOps & Automation Tools,Travis CI Integration
Information Technology,DevOps & Automation Tools,Travis CI Deployment
Information Technology,DevOps & Automation Tools,Travis CI Security Hardening
Information Technology,DevOps & Automation Tools,Travis CI Performance Optimization
Information Technology,DevOps & Automation Tools,Travis CI Migration
Information Technology,DevOps & Automation Tools,Travis CI Automation
Information Technology,DevOps & Automation Tools,Travis CI Support & Maintenance
Information Technology,DevOps & Automation Tools,Travis CI Monitoring
Information Technology,DevOps & Automation Tools,Travis CI Architecture Design
Information Technology,DevOps & Automation Tools,Travis CI Upgrade & Patching
Information Technology,DevOps & Automation Tools,Travis CI Scripting
Information Technology,DevOps & Automation Tools,Travis CI Best Practices
Information Technology,DevOps & Automation Tools,Terraform
Information Technology,DevOps & Automation Tools,Terraform Administration
Information Technology,DevOps & Automation Tools,Terraform Development
Information Technology,DevOps & Automation Tools,Terraform Configuration
Information Technology,DevOps & Automation Tools,Terraform Troubleshooting
Information Technology,DevOps & Automation Tools,Terraform Integration
Information Technology,DevOps & Automation Tools,Terraform Deployment
Information Technology,DevOps & Automation Tools,Terraform Security Hardening
Information Technology,DevOps & Automation Tools,Terraform Performance Optimization
Information Technology,DevOps & Automation Tools,Terraform Migration
Information Technology,DevOps & Automation Tools,Terraform Automation
Information Technology,DevOps & Automation Tools,Terraform Support & Maintenance
Information Technology,DevOps & Automation Tools,Terraform Monitoring
Information Technology,DevOps & Automation Tools,Terraform Architecture Design
Information Technology,DevOps & Automation Tools,Terraform Upgrade & Patching
Information Technology,DevOps & Automation Tools,Terraform Scripting
Information Technology,DevOps & Automation Tools,Terraform Best Practices
Information Technology,DevOps & Automation Tools,Ansible
Information Technology,DevOps & Automation Tools,Ansible Administration
Information Technology,DevOps & Automation Tools,Ansible Development
Information Technology,DevOps & Automation Tools,Ansible Configuration
Information Technology,DevOps & Automation Tools,Ansible Troubleshooting
Information Technology,DevOps & Automation Tools,Ansible Integration
Information Technology,DevOps & Automation Tools,Ansible Deployment
Information Technology,DevOps & Automation Tools,Ansible Security Hardening
Information Technology,DevOps & Automation Tools,Ansible Performance Optimization
Information Technology,DevOps & Automation Tools,Ansible Migration
Information Technology,DevOps & Automation Tools,Ansible Automation
Information Technology,DevOps & Automation Tools,Ansible Support & Maintenance
Information Technology,DevOps & Automation Tools,Ansible Monitoring
Information Technology,DevOps & Automation Tools,Ansible Architecture Design
Information Technology,DevOps & Automation Tools,Ansible Upgrade & Patching
Information Technology,DevOps & Automation Tools,Ansible Scripting
Information Technology,DevOps & Automation Tools,Ansible Best Practices
Information Technology,DevOps & Automation Tools,Puppet
Information Technology,DevOps & Automation Tools,Puppet Administration
Information Technology,DevOps & Automation Tools,Puppet Development
Information Technology,DevOps & Automation Tools,Puppet Configuration
Information Technology,DevOps & Automation Tools,Puppet Troubleshooting
Information Technology,DevOps & Automation Tools,Puppet Integration
Information Technology,DevOps & Automation Tools,Puppet Deployment
Information Technology,DevOps & Automation Tools,Puppet Security Hardening
Information Technology,DevOps & Automation Tools,Puppet Performance Optimization
Information Technology,DevOps & Automation Tools,Puppet Migration
Information Technology,DevOps & Automation Tools,Puppet Automation
Information Technology,DevOps & Automation Tools,Puppet Support & Maintenance
Information Technology,DevOps & Automation Tools,Puppet Monitoring
Information Technology,DevOps & Automation Tools,Puppet Architecture Design
Information Technology,DevOps & Automation Tools,Puppet Upgrade & Patching
Information Technology,DevOps & Automation Tools,Puppet Scripting
Information Technology,DevOps & Automation Tools,Puppet Best Practices
Information Technology,DevOps & Automation Tools,Chef
Information Technology,DevOps & Automation Tools,Chef Administration
Information Technology,DevOps & Automation Tools,Chef Development
Information Technology,DevOps & Automation Tools,Chef Configuration
Information Technology,DevOps & Automation Tools,Chef Troubleshooting
Information Technology,DevOps & Automation Tools,Chef Integration
Information Technology,DevOps & Automation Tools,Chef Deployment
Information Technology,DevOps & Automation Tools,Chef Security Hardening
Information Technology,DevOps & Automation Tools,Chef Performance Optimization
Information Technology,DevOps & Automation Tools,Chef Migration
Information Technology,DevOps & Automation Tools,Chef Automation
Information Technology,DevOps & Automation Tools,Chef Support & Maintenance
Information Technology,DevOps & Automation Tools,Chef Monitoring
Information Technology,DevOps & Automation Tools,Chef Architecture Design
Information Technology,DevOps & Automation Tools,Chef Upgrade & Patching
Information Technology,DevOps & Automation Tools,Chef Scripting
Information Technology,DevOps & Automation Tools,Chef Best Practices
Information Technology,DevOps & Automation Tools,SaltStack
Information Technology,DevOps & Automation Tools,SaltStack Administration
Information Technology,DevOps & Automation Tools,SaltStack Development
Information Technology,DevOps & Automation Tools,SaltStack Configuration
Information Technology,DevOps & Automation Tools,SaltStack Troubleshooting
Information Technology,DevOps & Automation Tools,SaltStack Integration
Information Technology,DevOps & Automation Tools,SaltStack Deployment
Information Technology,DevOps & Automation Tools,SaltStack Security Hardening
Information Technology,DevOps & Automation Tools,SaltStack Performance Optimization
Information Technology,DevOps & Automation Tools,SaltStack Migration
Information Technology,DevOps & Automation Tools,SaltStack Automation
Information Technology,DevOps & Automation Tools,SaltStack Support & Maintenance
Information Technology,DevOps & Automation Tools,SaltStack Monitoring
Information Technology,DevOps & Automation Tools,SaltStack Architecture Design
Information Technology,DevOps & Automation Tools,SaltStack Upgrade & Patching
Information Technology,DevOps & Automation Tools,SaltStack Scripting
Information Technology,DevOps & Automation Tools,SaltStack Best Practices
Information Technology,DevOps & Automation Tools,Vagrant
Information Technology,DevOps & Automation Tools,Vagrant Administration
Information Technology,DevOps & Automation Tools,Vagrant Development
Information Technology,DevOps & Automation Tools,Vagrant Configuration
Information Technology,DevOps & Automation Tools,Vagrant Troubleshooting
Information Technology,DevOps & Automation Tools,Vagrant Integration
Information Technology,DevOps & Automation Tools,Vagrant Deployment
Information Technology,DevOps & Automation Tools,Vagrant Security Hardening
Information Technology,DevOps & Automation Tools,Vagrant Performance Optimization
Information Technology,DevOps & Automation Tools,Vagrant Migration
Information Technology,DevOps & Automation Tools,Vagrant Automation
Information Technology,DevOps & Automation Tools,Vagrant Support & Maintenance
Information Technology,DevOps & Automation Tools,Vagrant Monitoring
Information Technology,DevOps & Automation Tools,Vagrant Architecture Design
Information Technology,DevOps & Automation Tools,Vagrant Upgrade & Patching
Information Technology,DevOps & Automation Tools,Vagrant Scripting
Information Technology,DevOps & Automation Tools,Vagrant Best Practices
Information Technology,DevOps & Automation Tools,Packer
Information Technology,DevOps & Automation Tools,Packer Administration
Information Technology,DevOps & Automation Tools,Packer Development
Information Technology,DevOps & Automation Tools,Packer Configuration
Information Technology,DevOps & Automation Tools,Packer Troubleshooting
Information Technology,DevOps & Automation Tools,Packer Integration
Information Technology,DevOps & Automation Tools,Packer Deployment
Information Technology,DevOps & Automation Tools,Packer Security Hardening
Information Technology,DevOps & Automation Tools,Packer Performance Optimization
Information Technology,DevOps & Automation Tools,Packer Migration
Information Technology,DevOps & Automation Tools,Packer Automation
Information Technology,DevOps & Automation Tools,Packer Support & Maintenance
Information Technology,DevOps & Automation Tools,Packer Monitoring
Information Technology,DevOps & Automation Tools,Packer Architecture Design
Information Technology,DevOps & Automation Tools,Packer Upgrade & Patching
Information Technology,DevOps & Automation Tools,Packer Scripting
Information Technology,DevOps & Automation Tools,Packer Best Practices
Information Technology,DevOps & Automation Tools,Helm
Information Technology,DevOps & Automation Tools,Helm Administration
Information Technology,DevOps & Automation Tools,Helm Development
Information Technology,DevOps & Automation Tools,Helm Configuration
Information Technology,DevOps & Automation Tools,Helm Troubleshooting
Information Technology,DevOps & Automation Tools,Helm Integration
Information Technology,DevOps & Automation Tools,Helm Deployment
Information Technology,DevOps & Automation Tools,Helm Security Hardening
Information Technology,DevOps & Automation Tools,Helm Performance Optimization
Information Technology,DevOps & Automation Tools,Helm Migration
Information Technology,DevOps & Automation Tools,Helm Automation
Information Technology,DevOps & Automation Tools,Helm Support & Maintenance
Information Technology,DevOps & Automation Tools,Helm Monitoring
Information Technology,DevOps & Automation Tools,Helm Architecture Design
Information Technology,DevOps & Automation Tools,Helm Upgrade & Patching
Information Technology,DevOps & Automation Tools,Helm Scripting
Information Technology,DevOps & Automation Tools,Helm Best Practices
Information Technology,DevOps & Automation Tools,Istio
Information Technology,DevOps & Automation Tools,Istio Administration
Information Technology,DevOps & Automation Tools,Istio Development
Information Technology,DevOps & Automation Tools,Istio Configuration
Information Technology,DevOps & Automation Tools,Istio Troubleshooting
Information Technology,DevOps & Automation Tools,Istio Integration
Information Technology,DevOps & Automation Tools,Istio Deployment
Information Technology,DevOps & Automation Tools,Istio Security Hardening
Information Technology,DevOps & Automation Tools,Istio Performance Optimization
Information Technology,DevOps & Automation Tools,Istio Migration
Information Technology,DevOps & Automation Tools,Istio Automation
Information Technology,DevOps & Automation Tools,Istio Support & Maintenance
Information Technology,DevOps & Automation Tools,Istio Monitoring
Information Technology,DevOps & Automation Tools,Istio Architecture Design
Information Technology,DevOps & Automation Tools,Istio Upgrade & Patching
Information Technology,DevOps & Automation Tools,Istio Scripting
Information Technology,DevOps & Automation Tools,Istio Best Practices
Information Technology,DevOps & Automation Tools,Linkerd
Information Technology,DevOps & Automation Tools,Linkerd Administration
Information Technology,DevOps & Automation Tools,Linkerd Development
Information Technology,DevOps & Automation Tools,Linkerd Configuration
Information Technology,DevOps & Automation Tools,Linkerd Troubleshooting
Information Technology,DevOps & Automation Tools,Linkerd Integration
Information Technology,DevOps & Automation Tools,Linkerd Deployment
Information Technology,DevOps & Automation Tools,Linkerd Security Hardening
Information Technology,DevOps & Automation Tools,Linkerd Performance Optimization
Information Technology,DevOps & Automation Tools,Linkerd Migration
Information Technology,DevOps & Automation Tools,Linkerd Automation
Information Technology,DevOps & Automation Tools,Linkerd Support & Maintenance
Information Technology,DevOps & Automation Tools,Linkerd Monitoring
Information Technology,DevOps & Automation Tools,Linkerd Architecture Design
Information Technology,DevOps & Automation Tools,Linkerd Upgrade & Patching
Information Technology,DevOps & Automation Tools,Linkerd Scripting
Information Technology,DevOps & Automation Tools,Linkerd Best Practices
Information Technology,DevOps & Automation Tools,ArgoCD
Information Technology,DevOps & Automation Tools,ArgoCD Administration
Information Technology,DevOps & Automation Tools,ArgoCD Development
Information Technology,DevOps & Automation Tools,ArgoCD Configuration
Information Technology,DevOps & Automation Tools,ArgoCD Troubleshooting
Information Technology,DevOps & Automation Tools,ArgoCD Integration
Information Technology,DevOps & Automation Tools,ArgoCD Deployment
Information Technology,DevOps & Automation Tools,ArgoCD Security Hardening
Information Technology,DevOps & Automation Tools,ArgoCD Performance Optimization
Information Technology,DevOps & Automation Tools,ArgoCD Migration
Information Technology,DevOps & Automation Tools,ArgoCD Automation
Information Technology,DevOps & Automation Tools,ArgoCD Support & Maintenance
Information Technology,DevOps & Automation Tools,ArgoCD Monitoring
Information Technology,DevOps & Automation Tools,ArgoCD Architecture Design
Information Technology,DevOps & Automation Tools,ArgoCD Upgrade & Patching
Information Technology,DevOps & Automation Tools,ArgoCD Scripting
Information Technology,DevOps & Automation Tools,ArgoCD Best Practices
Information Technology,DevOps & Automation Tools,Flux CD
Information Technology,DevOps & Automation Tools,Flux CD Administration
Information Technology,DevOps & Automation Tools,Flux CD Development
Information Technology,DevOps & Automation Tools,Flux CD Configuration
Information Technology,DevOps & Automation Tools,Flux CD Troubleshooting
Information Technology,DevOps & Automation Tools,Flux CD Integration
Information Technology,DevOps & Automation Tools,Flux CD Deployment
Information Technology,DevOps & Automation Tools,Flux CD Security Hardening
Information Technology,DevOps & Automation Tools,Flux CD Performance Optimization
Information Technology,DevOps & Automation Tools,Flux CD Migration
Information Technology,DevOps & Automation Tools,Flux CD Automation
Information Technology,DevOps & Automation Tools,Flux CD Support & Maintenance
Information Technology,DevOps & Automation Tools,Flux CD Monitoring
Information Technology,DevOps & Automation Tools,Flux CD Architecture Design
Information Technology,DevOps & Automation Tools,Flux CD Upgrade & Patching
Information Technology,DevOps & Automation Tools,Flux CD Scripting
Information Technology,DevOps & Automation Tools,Flux CD Best Practices
Information Technology,DevOps & Automation Tools,Spinnaker
Information Technology,DevOps & Automation Tools,Spinnaker Administration
Information Technology,DevOps & Automation Tools,Spinnaker Development
Information Technology,DevOps & Automation Tools,Spinnaker Configuration
Information Technology,DevOps & Automation Tools,Spinnaker Troubleshooting
Information Technology,DevOps & Automation Tools,Spinnaker Integration
Information Technology,DevOps & Automation Tools,Spinnaker Deployment
Information Technology,DevOps & Automation Tools,Spinnaker Security Hardening
Information Technology,DevOps & Automation Tools,Spinnaker Performance Optimization
Information Technology,DevOps & Automation Tools,Spinnaker Migration
Information Technology,DevOps & Automation Tools,Spinnaker Automation
Information Technology,DevOps & Automation Tools,Spinnaker Support & Maintenance
Information Technology,DevOps & Automation Tools,Spinnaker Monitoring
Information Technology,DevOps & Automation Tools,Spinnaker Architecture Design
Information Technology,DevOps & Automation Tools,Spinnaker Upgrade & Patching
Information Technology,DevOps & Automation Tools,Spinnaker Scripting
Information Technology,DevOps & Automation Tools,Spinnaker Best Practices
Information Technology,DevOps & Automation Tools,Tekton
Information Technology,DevOps & Automation Tools,Tekton Administration
Information Technology,DevOps & Automation Tools,Tekton Development
Information Technology,DevOps & Automation Tools,Tekton Configuration
Information Technology,DevOps & Automation Tools,Tekton Troubleshooting
Information Technology,DevOps & Automation Tools,Tekton Integration
Information Technology,DevOps & Automation Tools,Tekton Deployment
Information Technology,DevOps & Automation Tools,Tekton Security Hardening
Information Technology,DevOps & Automation Tools,Tekton Performance Optimization
Information Technology,DevOps & Automation Tools,Tekton Migration
Information Technology,DevOps & Automation Tools,Tekton Automation
Information Technology,DevOps & Automation Tools,Tekton Support & Maintenance
Information Technology,DevOps & Automation Tools,Tekton Monitoring
Information Technology,DevOps & Automation Tools,Tekton Architecture Design
Information Technology,DevOps & Automation Tools,Tekton Upgrade & Patching
Information Technology,DevOps & Automation Tools,Tekton Scripting
Information Technology,DevOps & Automation Tools,Tekton Best Practices
Information Technology,DevOps & Automation Tools,Nomad
Information Technology,DevOps & Automation Tools,Nomad Administration
Information Technology,DevOps & Automation Tools,Nomad Development
Information Technology,DevOps & Automation Tools,Nomad Configuration
Information Technology,DevOps & Automation Tools,Nomad Troubleshooting
Information Technology,DevOps & Automation Tools,Nomad Integration
Information Technology,DevOps & Automation Tools,Nomad Deployment
Information Technology,DevOps & Automation Tools,Nomad Security Hardening
Information Technology,DevOps & Automation Tools,Nomad Performance Optimization
Information Technology,DevOps & Automation Tools,Nomad Migration
Information Technology,DevOps & Automation Tools,Nomad Automation
Information Technology,DevOps & Automation Tools,Nomad Support & Maintenance
Information Technology,DevOps & Automation Tools,Nomad Monitoring
Information Technology,DevOps & Automation Tools,Nomad Architecture Design
Information Technology,DevOps & Automation Tools,Nomad Upgrade & Patching
Information Technology,DevOps & Automation Tools,Nomad Scripting
Information Technology,DevOps & Automation Tools,Nomad Best Practices
Information Technology,DevOps & Automation Tools,Consul
Information Technology,DevOps & Automation Tools,Consul Administration
Information Technology,DevOps & Automation Tools,Consul Development
Information Technology,DevOps & Automation Tools,Consul Configuration
Information Technology,DevOps & Automation Tools,Consul Troubleshooting
Information Technology,DevOps & Automation Tools,Consul Integration
Information Technology,DevOps & Automation Tools,Consul Deployment
Information Technology,DevOps & Automation Tools,Consul Security Hardening
Information Technology,DevOps & Automation Tools,Consul Performance Optimization
Information Technology,DevOps & Automation Tools,Consul Migration
Information Technology,DevOps & Automation Tools,Consul Automation
Information Technology,DevOps & Automation Tools,Consul Support & Maintenance
Information Technology,DevOps & Automation Tools,Consul Monitoring
Information Technology,DevOps & Automation Tools,Consul Architecture Design
Information Technology,DevOps & Automation Tools,Consul Upgrade & Patching
Information Technology,DevOps & Automation Tools,Consul Scripting
Information Technology,DevOps & Automation Tools,Consul Best Practices
Information Technology,DevOps & Automation Tools,HashiCorp Vault
Information Technology,DevOps & Automation Tools,HashiCorp Vault Administration
Information Technology,DevOps & Automation Tools,HashiCorp Vault Development
Information Technology,DevOps & Automation Tools,HashiCorp Vault Configuration
Information Technology,DevOps & Automation Tools,HashiCorp Vault Troubleshooting
Information Technology,DevOps & Automation Tools,HashiCorp Vault Integration
Information Technology,DevOps & Automation Tools,HashiCorp Vault Deployment
Information Technology,DevOps & Automation Tools,HashiCorp Vault Security Hardening
Information Technology,DevOps & Automation Tools,HashiCorp Vault Performance Optimization
Information Technology,DevOps & Automation Tools,HashiCorp Vault Migration
Information Technology,DevOps & Automation Tools,HashiCorp Vault Automation
Information Technology,DevOps & Automation Tools,HashiCorp Vault Support & Maintenance
Information Technology,DevOps & Automation Tools,HashiCorp Vault Monitoring
Information Technology,DevOps & Automation Tools,HashiCorp Vault Architecture Design
Information Technology,DevOps & Automation Tools,HashiCorp Vault Upgrade & Patching
Information Technology,DevOps & Automation Tools,HashiCorp Vault Scripting
Information Technology,DevOps & Automation Tools,HashiCorp Vault Best Practices
Information Technology,DevOps & Automation Tools,Prometheus
Information Technology,DevOps & Automation Tools,Prometheus Administration
Information Technology,DevOps & Automation Tools,Prometheus Development
Information Technology,DevOps & Automation Tools,Prometheus Configuration
Information Technology,DevOps & Automation Tools,Prometheus Troubleshooting
Information Technology,DevOps & Automation Tools,Prometheus Integration
Information Technology,DevOps & Automation Tools,Prometheus Deployment
Information Technology,DevOps & Automation Tools,Prometheus Security Hardening
Information Technology,DevOps & Automation Tools,Prometheus Performance Optimization
Information Technology,DevOps & Automation Tools,Prometheus Migration
Information Technology,DevOps & Automation Tools,Prometheus Automation
Information Technology,DevOps & Automation Tools,Prometheus Support & Maintenance
Information Technology,DevOps & Automation Tools,Prometheus Monitoring
Information Technology,DevOps & Automation Tools,Prometheus Architecture Design
Information Technology,DevOps & Automation Tools,Prometheus Upgrade & Patching
Information Technology,DevOps & Automation Tools,Prometheus Scripting
Information Technology,DevOps & Automation Tools,Prometheus Best Practices
Information Technology,DevOps & Automation Tools,Grafana
Information Technology,DevOps & Automation Tools,Grafana Administration
Information Technology,DevOps & Automation Tools,Grafana Development
Information Technology,DevOps & Automation Tools,Grafana Configuration
Information Technology,DevOps & Automation Tools,Grafana Troubleshooting
Information Technology,DevOps & Automation Tools,Grafana Integration
Information Technology,DevOps & Automation Tools,Grafana Deployment
Information Technology,DevOps & Automation Tools,Grafana Security Hardening
Information Technology,DevOps & Automation Tools,Grafana Performance Optimization
Information Technology,DevOps & Automation Tools,Grafana Migration
Information Technology,DevOps & Automation Tools,Grafana Automation
Information Technology,DevOps & Automation Tools,Grafana Support & Maintenance
Information Technology,DevOps & Automation Tools,Grafana Monitoring
Information Technology,DevOps & Automation Tools,Grafana Architecture Design
Information Technology,DevOps & Automation Tools,Grafana Upgrade & Patching
Information Technology,DevOps & Automation Tools,Grafana Scripting
Information Technology,DevOps & Automation Tools,Grafana Best Practices
Information Technology,DevOps & Automation Tools,ELK Stack
Information Technology,DevOps & Automation Tools,ELK Stack Administration
Information Technology,DevOps & Automation Tools,ELK Stack Development
Information Technology,DevOps & Automation Tools,ELK Stack Configuration
Information Technology,DevOps & Automation Tools,ELK Stack Troubleshooting
Information Technology,DevOps & Automation Tools,ELK Stack Integration
Information Technology,DevOps & Automation Tools,ELK Stack Deployment
Information Technology,DevOps & Automation Tools,ELK Stack Security Hardening
Information Technology,DevOps & Automation Tools,ELK Stack Performance Optimization
Information Technology,DevOps & Automation Tools,ELK Stack Migration
Information Technology,DevOps & Automation Tools,ELK Stack Automation
Information Technology,DevOps & Automation Tools,ELK Stack Support & Maintenance
Information Technology,DevOps & Automation Tools,ELK Stack Monitoring
Information Technology,DevOps & Automation Tools,ELK Stack Architecture Design
Information Technology,DevOps & Automation Tools,ELK Stack Upgrade & Patching
Information Technology,DevOps & Automation Tools,ELK Stack Scripting
Information Technology,DevOps & Automation Tools,ELK Stack Best Practices
Information Technology,DevOps & Automation Tools,Splunk
Information Technology,DevOps & Automation Tools,Splunk Administration
Information Technology,DevOps & Automation Tools,Splunk Development
Information Technology,DevOps & Automation Tools,Splunk Configuration
Information Technology,DevOps & Automation Tools,Splunk Troubleshooting
Information Technology,DevOps & Automation Tools,Splunk Integration
Information Technology,DevOps & Automation Tools,Splunk Deployment
Information Technology,DevOps & Automation Tools,Splunk Security Hardening
Information Technology,DevOps & Automation Tools,Splunk Performance Optimization
Information Technology,DevOps & Automation Tools,Splunk Migration
Information Technology,DevOps & Automation Tools,Splunk Automation
Information Technology,DevOps & Automation Tools,Splunk Support & Maintenance
Information Technology,DevOps & Automation Tools,Splunk Monitoring
Information Technology,DevOps & Automation Tools,Splunk Architecture Design
Information Technology,DevOps & Automation Tools,Splunk Upgrade & Patching
Information Technology,DevOps & Automation Tools,Splunk Scripting
Information Technology,DevOps & Automation Tools,Splunk Best Practices
Information Technology,DevOps & Automation Tools,Nagios
Information Technology,DevOps & Automation Tools,Nagios Administration
Information Technology,DevOps & Automation Tools,Nagios Development
Information Technology,DevOps & Automation Tools,Nagios Configuration
Information Technology,DevOps & Automation Tools,Nagios Troubleshooting
Information Technology,DevOps & Automation Tools,Nagios Integration
Information Technology,DevOps & Automation Tools,Nagios Deployment
Information Technology,DevOps & Automation Tools,Nagios Security Hardening
Information Technology,DevOps & Automation Tools,Nagios Performance Optimization
Information Technology,DevOps & Automation Tools,Nagios Migration
Information Technology,DevOps & Automation Tools,Nagios Automation
Information Technology,DevOps & Automation Tools,Nagios Support & Maintenance
Information Technology,DevOps & Automation Tools,Nagios Monitoring
Information Technology,DevOps & Automation Tools,Nagios Architecture Design
Information Technology,DevOps & Automation Tools,Nagios Upgrade & Patching
Information Technology,DevOps & Automation Tools,Nagios Scripting
Information Technology,DevOps & Automation Tools,Nagios Best Practices
Information Technology,DevOps & Automation Tools,Zabbix
Information Technology,DevOps & Automation Tools,Zabbix Administration
Information Technology,DevOps & Automation Tools,Zabbix Development
Information Technology,DevOps & Automation Tools,Zabbix Configuration
Information Technology,DevOps & Automation Tools,Zabbix Troubleshooting
Information Technology,DevOps & Automation Tools,Zabbix Integration
Information Technology,DevOps & Automation Tools,Zabbix Deployment
Information Technology,DevOps & Automation Tools,Zabbix Security Hardening
Information Technology,DevOps & Automation Tools,Zabbix Performance Optimization
Information Technology,DevOps & Automation Tools,Zabbix Migration
Information Technology,DevOps & Automation Tools,Zabbix Automation
Information Technology,DevOps & Automation Tools,Zabbix Support & Maintenance
Information Technology,DevOps & Automation Tools,Zabbix Monitoring
Information Technology,DevOps & Automation Tools,Zabbix Architecture Design
Information Technology,DevOps & Automation Tools,Zabbix Upgrade & Patching
Information Technology,DevOps & Automation Tools,Zabbix Scripting
Information Technology,DevOps & Automation Tools,Zabbix Best Practices
Information Technology,DevOps & Automation Tools,Icinga
Information Technology,DevOps & Automation Tools,Icinga Administration
Information Technology,DevOps & Automation Tools,Icinga Development
Information Technology,DevOps & Automation Tools,Icinga Configuration
Information Technology,DevOps & Automation Tools,Icinga Troubleshooting
Information Technology,DevOps & Automation Tools,Icinga Integration
Information Technology,DevOps & Automation Tools,Icinga Deployment
Information Technology,DevOps & Automation Tools,Icinga Security Hardening
Information Technology,DevOps & Automation Tools,Icinga Performance Optimization
Information Technology,DevOps & Automation Tools,Icinga Migration
Information Technology,DevOps & Automation Tools,Icinga Automation
Information Technology,DevOps & Automation Tools,Icinga Support & Maintenance
Information Technology,DevOps & Automation Tools,Icinga Monitoring
Information Technology,DevOps & Automation Tools,Icinga Architecture Design
Information Technology,DevOps & Automation Tools,Icinga Upgrade & Patching
Information Technology,DevOps & Automation Tools,Icinga Scripting
Information Technology,DevOps & Automation Tools,Icinga Best Practices
Information Technology,DevOps & Automation Tools,Sensu
Information Technology,DevOps & Automation Tools,Sensu Administration
Information Technology,DevOps & Automation Tools,Sensu Development
Information Technology,DevOps & Automation Tools,Sensu Configuration
Information Technology,DevOps & Automation Tools,Sensu Troubleshooting
Information Technology,DevOps & Automation Tools,Sensu Integration
Information Technology,DevOps & Automation Tools,Sensu Deployment
Information Technology,DevOps & Automation Tools,Sensu Security Hardening
Information Technology,DevOps & Automation Tools,Sensu Performance Optimization
Information Technology,DevOps & Automation Tools,Sensu Migration
Information Technology,DevOps & Automation Tools,Sensu Automation
Information Technology,DevOps & Automation Tools,Sensu Support & Maintenance
Information Technology,DevOps & Automation Tools,Sensu Monitoring
Information Technology,DevOps & Automation Tools,Sensu Architecture Design
Information Technology,DevOps & Automation Tools,Sensu Upgrade & Patching
Information Technology,DevOps & Automation Tools,Sensu Scripting
Information Technology,DevOps & Automation Tools,Sensu Best Practices
Information Technology,DevOps & Automation Tools,Datadog
Information Technology,DevOps & Automation Tools,Datadog Administration
Information Technology,DevOps & Automation Tools,Datadog Development
Information Technology,DevOps & Automation Tools,Datadog Configuration
Information Technology,DevOps & Automation Tools,Datadog Troubleshooting
Information Technology,DevOps & Automation Tools,Datadog Integration
Information Technology,DevOps & Automation Tools,Datadog Deployment
Information Technology,DevOps & Automation Tools,Datadog Security Hardening
Information Technology,DevOps & Automation Tools,Datadog Performance Optimization
Information Technology,DevOps & Automation Tools,Datadog Migration
Information Technology,DevOps & Automation Tools,Datadog Automation
Information Technology,DevOps & Automation Tools,Datadog Support & Maintenance
Information Technology,DevOps & Automation Tools,Datadog Monitoring
Information Technology,DevOps & Automation Tools,Datadog Architecture Design
Information Technology,DevOps & Automation Tools,Datadog Upgrade & Patching
Information Technology,DevOps & Automation Tools,Datadog Scripting
Information Technology,DevOps & Automation Tools,Datadog Best Practices
Information Technology,DevOps & Automation Tools,New Relic
Information Technology,DevOps & Automation Tools,New Relic Administration
Information Technology,DevOps & Automation Tools,New Relic Development
Information Technology,DevOps & Automation Tools,New Relic Configuration
Information Technology,DevOps & Automation Tools,New Relic Troubleshooting
Information Technology,DevOps & Automation Tools,New Relic Integration
Information Technology,DevOps & Automation Tools,New Relic Deployment
Information Technology,DevOps & Automation Tools,New Relic Security Hardening
Information Technology,DevOps & Automation Tools,New Relic Performance Optimization
Information Technology,DevOps & Automation Tools,New Relic Migration
Information Technology,DevOps & Automation Tools,New Relic Automation
Information Technology,DevOps & Automation Tools,New Relic Support & Maintenance
Information Technology,DevOps & Automation Tools,New Relic Monitoring
Information Technology,DevOps & Automation Tools,New Relic Architecture Design
Information Technology,DevOps & Automation Tools,New Relic Upgrade & Patching
Information Technology,DevOps & Automation Tools,New Relic Scripting
Information Technology,DevOps & Automation Tools,New Relic Best Practices
Information Technology,DevOps & Automation Tools,AppDynamics
Information Technology,DevOps & Automation Tools,AppDynamics Administration
Information Technology,DevOps & Automation Tools,AppDynamics Development
Information Technology,DevOps & Automation Tools,AppDynamics Configuration
Information Technology,DevOps & Automation Tools,AppDynamics Troubleshooting
Information Technology,DevOps & Automation Tools,AppDynamics Integration
Information Technology,DevOps & Automation Tools,AppDynamics Deployment
Information Technology,DevOps & Automation Tools,AppDynamics Security Hardening
Information Technology,DevOps & Automation Tools,AppDynamics Performance Optimization
Information Technology,DevOps & Automation Tools,AppDynamics Migration
Information Technology,DevOps & Automation Tools,AppDynamics Automation
Information Technology,DevOps & Automation Tools,AppDynamics Support & Maintenance
Information Technology,DevOps & Automation Tools,AppDynamics Monitoring
Information Technology,DevOps & Automation Tools,AppDynamics Architecture Design
Information Technology,DevOps & Automation Tools,AppDynamics Upgrade & Patching
Information Technology,DevOps & Automation Tools,AppDynamics Scripting
Information Technology,DevOps & Automation Tools,AppDynamics Best Practices
Information Technology,DevOps & Automation Tools,Dynatrace
Information Technology,DevOps & Automation Tools,Dynatrace Administration
Information Technology,DevOps & Automation Tools,Dynatrace Development
Information Technology,DevOps & Automation Tools,Dynatrace Configuration
Information Technology,DevOps & Automation Tools,Dynatrace Troubleshooting
Information Technology,DevOps & Automation Tools,Dynatrace Integration
Information Technology,DevOps & Automation Tools,Dynatrace Deployment
Information Technology,DevOps & Automation Tools,Dynatrace Security Hardening
Information Technology,DevOps & Automation Tools,Dynatrace Performance Optimization
Information Technology,DevOps & Automation Tools,Dynatrace Migration
Information Technology,DevOps & Automation Tools,Dynatrace Automation
Information Technology,DevOps & Automation Tools,Dynatrace Support & Maintenance
Information Technology,DevOps & Automation Tools,Dynatrace Monitoring
Information Technology,DevOps & Automation Tools,Dynatrace Architecture Design
Information Technology,DevOps & Automation Tools,Dynatrace Upgrade & Patching
Information Technology,DevOps & Automation Tools,Dynatrace Scripting
Information Technology,DevOps & Automation Tools,Dynatrace Best Practices
Information Technology,DevOps & Automation Tools,PagerDuty
Information Technology,DevOps & Automation Tools,PagerDuty Administration
Information Technology,DevOps & Automation Tools,PagerDuty Development
Information Technology,DevOps & Automation Tools,PagerDuty Configuration
Information Technology,DevOps & Automation Tools,PagerDuty Troubleshooting
Information Technology,DevOps & Automation Tools,PagerDuty Integration
Information Technology,DevOps & Automation Tools,PagerDuty Deployment
Information Technology,DevOps & Automation Tools,PagerDuty Security Hardening
Information Technology,DevOps & Automation Tools,PagerDuty Performance Optimization
Information Technology,DevOps & Automation Tools,PagerDuty Migration
Information Technology,DevOps & Automation Tools,PagerDuty Automation
Information Technology,DevOps & Automation Tools,PagerDuty Support & Maintenance
Information Technology,DevOps & Automation Tools,PagerDuty Monitoring
Information Technology,DevOps & Automation Tools,PagerDuty Architecture Design
Information Technology,DevOps & Automation Tools,PagerDuty Upgrade & Patching
Information Technology,DevOps & Automation Tools,PagerDuty Scripting
Information Technology,DevOps & Automation Tools,PagerDuty Best Practices
Information Technology,DevOps & Automation Tools,OpsGenie
Information Technology,DevOps & Automation Tools,OpsGenie Administration
Information Technology,DevOps & Automation Tools,OpsGenie Development
Information Technology,DevOps & Automation Tools,OpsGenie Configuration
Information Technology,DevOps & Automation Tools,OpsGenie Troubleshooting
Information Technology,DevOps & Automation Tools,OpsGenie Integration
Information Technology,DevOps & Automation Tools,OpsGenie Deployment
Information Technology,DevOps & Automation Tools,OpsGenie Security Hardening
Information Technology,DevOps & Automation Tools,OpsGenie Performance Optimization
Information Technology,DevOps & Automation Tools,OpsGenie Migration
Information Technology,DevOps & Automation Tools,OpsGenie Automation
Information Technology,DevOps & Automation Tools,OpsGenie Support & Maintenance
Information Technology,DevOps & Automation Tools,OpsGenie Monitoring
Information Technology,DevOps & Automation Tools,OpsGenie Architecture Design
Information Technology,DevOps & Automation Tools,OpsGenie Upgrade & Patching
Information Technology,DevOps & Automation Tools,OpsGenie Scripting
Information Technology,DevOps & Automation Tools,OpsGenie Best Practices
Information Technology,DevOps & Automation Tools,Bamboo
Information Technology,DevOps & Automation Tools,Bamboo Administration
Information Technology,DevOps & Automation Tools,Bamboo Development
Information Technology,DevOps & Automation Tools,Bamboo Configuration
Information Technology,DevOps & Automation Tools,Bamboo Troubleshooting
Information Technology,DevOps & Automation Tools,Bamboo Integration
Information Technology,DevOps & Automation Tools,Bamboo Deployment
Information Technology,DevOps & Automation Tools,Bamboo Security Hardening
Information Technology,DevOps & Automation Tools,Bamboo Performance Optimization
Information Technology,DevOps & Automation Tools,Bamboo Migration
Information Technology,DevOps & Automation Tools,Bamboo Automation
Information Technology,DevOps & Automation Tools,Bamboo Support & Maintenance
Information Technology,DevOps & Automation Tools,Bamboo Monitoring
Information Technology,DevOps & Automation Tools,Bamboo Architecture Design
Information Technology,DevOps & Automation Tools,Bamboo Upgrade & Patching
Information Technology,DevOps & Automation Tools,Bamboo Scripting
Information Technology,DevOps & Automation Tools,Bamboo Best Practices
Information Technology,DevOps & Automation Tools,TeamCity
Information Technology,DevOps & Automation Tools,TeamCity Administration
Information Technology,DevOps & Automation Tools,TeamCity Development
Information Technology,DevOps & Automation Tools,TeamCity Configuration
Information Technology,DevOps & Automation Tools,TeamCity Troubleshooting
Information Technology,DevOps & Automation Tools,TeamCity Integration
Information Technology,DevOps & Automation Tools,TeamCity Deployment
Information Technology,DevOps & Automation Tools,TeamCity Security Hardening
Information Technology,DevOps & Automation Tools,TeamCity Performance Optimization
Information Technology,DevOps & Automation Tools,TeamCity Migration
Information Technology,DevOps & Automation Tools,TeamCity Automation
Information Technology,DevOps & Automation Tools,TeamCity Support & Maintenance
Information Technology,DevOps & Automation Tools,TeamCity Monitoring
Information Technology,DevOps & Automation Tools,TeamCity Architecture Design
Information Technology,DevOps & Automation Tools,TeamCity Upgrade & Patching
Information Technology,DevOps & Automation Tools,TeamCity Scripting
Information Technology,DevOps & Automation Tools,TeamCity Best Practices
Information Technology,DevOps & Automation Tools,Octopus Deploy
Information Technology,DevOps & Automation Tools,Octopus Deploy Administration
Information Technology,DevOps & Automation Tools,Octopus Deploy Development
Information Technology,DevOps & Automation Tools,Octopus Deploy Configuration
Information Technology,DevOps & Automation Tools,Octopus Deploy Troubleshooting
Information Technology,DevOps & Automation Tools,Octopus Deploy Integration
Information Technology,DevOps & Automation Tools,Octopus Deploy Deployment
Information Technology,DevOps & Automation Tools,Octopus Deploy Security Hardening
Information Technology,DevOps & Automation Tools,Octopus Deploy Performance Optimization
Information Technology,DevOps & Automation Tools,Octopus Deploy Migration
Information Technology,DevOps & Automation Tools,Octopus Deploy Automation
Information Technology,DevOps & Automation Tools,Octopus Deploy Support & Maintenance
Information Technology,DevOps & Automation Tools,Octopus Deploy Monitoring
Information Technology,DevOps & Automation Tools,Octopus Deploy Architecture Design
Information Technology,DevOps & Automation Tools,Octopus Deploy Upgrade & Patching
Information Technology,DevOps & Automation Tools,Octopus Deploy Scripting
Information Technology,DevOps & Automation Tools,Octopus Deploy Best Practices
Information Technology,DevOps & Automation Tools,Rancher
Information Technology,DevOps & Automation Tools,Rancher Administration
Information Technology,DevOps & Automation Tools,Rancher Development
Information Technology,DevOps & Automation Tools,Rancher Configuration
Information Technology,DevOps & Automation Tools,Rancher Troubleshooting
Information Technology,DevOps & Automation Tools,Rancher Integration
Information Technology,DevOps & Automation Tools,Rancher Deployment
Information Technology,DevOps & Automation Tools,Rancher Security Hardening
Information Technology,DevOps & Automation Tools,Rancher Performance Optimization
Information Technology,DevOps & Automation Tools,Rancher Migration
Information Technology,DevOps & Automation Tools,Rancher Automation
Information Technology,DevOps & Automation Tools,Rancher Support & Maintenance
Information Technology,DevOps & Automation Tools,Rancher Monitoring
Information Technology,DevOps & Automation Tools,Rancher Architecture Design
Information Technology,DevOps & Automation Tools,Rancher Upgrade & Patching
Information Technology,DevOps & Automation Tools,Rancher Scripting
Information Technology,DevOps & Automation Tools,Rancher Best Practices
Information Technology,DevOps & Automation Tools,OpenShift
Information Technology,DevOps & Automation Tools,OpenShift Administration
Information Technology,DevOps & Automation Tools,OpenShift Development
Information Technology,DevOps & Automation Tools,OpenShift Configuration
Information Technology,DevOps & Automation Tools,OpenShift Troubleshooting
Information Technology,DevOps & Automation Tools,OpenShift Integration
Information Technology,DevOps & Automation Tools,OpenShift Deployment
Information Technology,DevOps & Automation Tools,OpenShift Security Hardening
Information Technology,DevOps & Automation Tools,OpenShift Performance Optimization
Information Technology,DevOps & Automation Tools,OpenShift Migration
Information Technology,DevOps & Automation Tools,OpenShift Automation
Information Technology,DevOps & Automation Tools,OpenShift Support & Maintenance
Information Technology,DevOps & Automation Tools,OpenShift Monitoring
Information Technology,DevOps & Automation Tools,OpenShift Architecture Design
Information Technology,DevOps & Automation Tools,OpenShift Upgrade & Patching
Information Technology,DevOps & Automation Tools,OpenShift Scripting
Information Technology,DevOps & Automation Tools,OpenShift Best Practices
Information Technology,DevOps & Automation Tools,Podman
Information Technology,DevOps & Automation Tools,Podman Administration
Information Technology,DevOps & Automation Tools,Podman Development
Information Technology,DevOps & Automation Tools,Podman Configuration
Information Technology,DevOps & Automation Tools,Podman Troubleshooting
Information Technology,DevOps & Automation Tools,Podman Integration
Information Technology,DevOps & Automation Tools,Podman Deployment
Information Technology,DevOps & Automation Tools,Podman Security Hardening
Information Technology,DevOps & Automation Tools,Podman Performance Optimization
Information Technology,DevOps & Automation Tools,Podman Migration
Information Technology,DevOps & Automation Tools,Podman Automation
Information Technology,DevOps & Automation Tools,Podman Support & Maintenance
Information Technology,DevOps & Automation Tools,Podman Monitoring
Information Technology,DevOps & Automation Tools,Podman Architecture Design
Information Technology,DevOps & Automation Tools,Podman Upgrade & Patching
Information Technology,DevOps & Automation Tools,Podman Scripting
Information Technology,DevOps & Automation Tools,Podman Best Practices
Information Technology,DevOps & Automation Tools,Buildah
Information Technology,DevOps & Automation Tools,Buildah Administration
Information Technology,DevOps & Automation Tools,Buildah Development
Information Technology,DevOps & Automation Tools,Buildah Configuration
Information Technology,DevOps & Automation Tools,Buildah Troubleshooting
Information Technology,DevOps & Automation Tools,Buildah Integration
Information Technology,DevOps & Automation Tools,Buildah Deployment
Information Technology,DevOps & Automation Tools,Buildah Security Hardening
Information Technology,DevOps & Automation Tools,Buildah Performance Optimization
Information Technology,DevOps & Automation Tools,Buildah Migration
Information Technology,DevOps & Automation Tools,Buildah Automation
Information Technology,DevOps & Automation Tools,Buildah Support & Maintenance
Information Technology,DevOps & Automation Tools,Buildah Monitoring
Information Technology,DevOps & Automation Tools,Buildah Architecture Design
Information Technology,DevOps & Automation Tools,Buildah Upgrade & Patching
Information Technology,DevOps & Automation Tools,Buildah Scripting
Information Technology,DevOps & Automation Tools,Buildah Best Practices
Information Technology,DevOps & Automation Tools,Skaffold
Information Technology,DevOps & Automation Tools,Skaffold Administration
Information Technology,DevOps & Automation Tools,Skaffold Development
Information Technology,DevOps & Automation Tools,Skaffold Configuration
Information Technology,DevOps & Automation Tools,Skaffold Troubleshooting
Information Technology,DevOps & Automation Tools,Skaffold Integration
Information Technology,DevOps & Automation Tools,Skaffold Deployment
Information Technology,DevOps & Automation Tools,Skaffold Security Hardening
Information Technology,DevOps & Automation Tools,Skaffold Performance Optimization
Information Technology,DevOps & Automation Tools,Skaffold Migration
Information Technology,DevOps & Automation Tools,Skaffold Automation
Information Technology,DevOps & Automation Tools,Skaffold Support & Maintenance
Information Technology,DevOps & Automation Tools,Skaffold Monitoring
Information Technology,DevOps & Automation Tools,Skaffold Architecture Design
Information Technology,DevOps & Automation Tools,Skaffold Upgrade & Patching
Information Technology,DevOps & Automation Tools,Skaffold Scripting
Information Technology,DevOps & Automation Tools,Skaffold Best Practices
Information Technology,DevOps & Automation Tools,Kustomize
Information Technology,DevOps & Automation Tools,Kustomize Administration
Information Technology,DevOps & Automation Tools,Kustomize Development
Information Technology,DevOps & Automation Tools,Kustomize Configuration
Information Technology,DevOps & Automation Tools,Kustomize Troubleshooting
Information Technology,DevOps & Automation Tools,Kustomize Integration
Information Technology,DevOps & Automation Tools,Kustomize Deployment
Information Technology,DevOps & Automation Tools,Kustomize Security Hardening
Information Technology,DevOps & Automation Tools,Kustomize Performance Optimization
Information Technology,DevOps & Automation Tools,Kustomize Migration
Information Technology,DevOps & Automation Tools,Kustomize Automation
Information Technology,DevOps & Automation Tools,Kustomize Support & Maintenance
Information Technology,DevOps & Automation Tools,Kustomize Monitoring
Information Technology,DevOps & Automation Tools,Kustomize Architecture Design
Information Technology,DevOps & Automation Tools,Kustomize Upgrade & Patching
Information Technology,DevOps & Automation Tools,Kustomize Scripting
Information Technology,DevOps & Automation Tools,Kustomize Best Practices
Information Technology,DevOps & Automation Tools,Harbor Registry
Information Technology,DevOps & Automation Tools,Harbor Registry Administration
Information Technology,DevOps & Automation Tools,Harbor Registry Development
Information Technology,DevOps & Automation Tools,Harbor Registry Configuration
Information Technology,DevOps & Automation Tools,Harbor Registry Troubleshooting
Information Technology,DevOps & Automation Tools,Harbor Registry Integration
Information Technology,DevOps & Automation Tools,Harbor Registry Deployment
Information Technology,DevOps & Automation Tools,Harbor Registry Security Hardening
Information Technology,DevOps & Automation Tools,Harbor Registry Performance Optimization
Information Technology,DevOps & Automation Tools,Harbor Registry Migration
Information Technology,DevOps & Automation Tools,Harbor Registry Automation
Information Technology,DevOps & Automation Tools,Harbor Registry Support & Maintenance
Information Technology,DevOps & Automation Tools,Harbor Registry Monitoring
Information Technology,DevOps & Automation Tools,Harbor Registry Architecture Design
Information Technology,DevOps & Automation Tools,Harbor Registry Upgrade & Patching
Information Technology,DevOps & Automation Tools,Harbor Registry Scripting
Information Technology,DevOps & Automation Tools,Harbor Registry Best Practices
Information Technology,DevOps & Automation Tools,Nexus Repository
Information Technology,DevOps & Automation Tools,Nexus Repository Administration
Information Technology,DevOps & Automation Tools,Nexus Repository Development
Information Technology,DevOps & Automation Tools,Nexus Repository Configuration
Information Technology,DevOps & Automation Tools,Nexus Repository Troubleshooting
Information Technology,DevOps & Automation Tools,Nexus Repository Integration
Information Technology,DevOps & Automation Tools,Nexus Repository Deployment
Information Technology,DevOps & Automation Tools,Nexus Repository Security Hardening
Information Technology,DevOps & Automation Tools,Nexus Repository Performance Optimization
Information Technology,DevOps & Automation Tools,Nexus Repository Migration
Information Technology,DevOps & Automation Tools,Nexus Repository Automation
Information Technology,DevOps & Automation Tools,Nexus Repository Support & Maintenance
Information Technology,DevOps & Automation Tools,Nexus Repository Monitoring
Information Technology,DevOps & Automation Tools,Nexus Repository Architecture Design
Information Technology,DevOps & Automation Tools,Nexus Repository Upgrade & Patching
Information Technology,DevOps & Automation Tools,Nexus Repository Scripting
Information Technology,DevOps & Automation Tools,Nexus Repository Best Practices
Information Technology,DevOps & Automation Tools,JFrog Artifactory
Information Technology,DevOps & Automation Tools,JFrog Artifactory Administration
Information Technology,DevOps & Automation Tools,JFrog Artifactory Development
Information Technology,DevOps & Automation Tools,JFrog Artifactory Configuration
Information Technology,DevOps & Automation Tools,JFrog Artifactory Troubleshooting
Information Technology,DevOps & Automation Tools,JFrog Artifactory Integration
Information Technology,DevOps & Automation Tools,JFrog Artifactory Deployment
Information Technology,DevOps & Automation Tools,JFrog Artifactory Security Hardening
Information Technology,DevOps & Automation Tools,JFrog Artifactory Performance Optimization
Information Technology,DevOps & Automation Tools,JFrog Artifactory Migration
Information Technology,DevOps & Automation Tools,JFrog Artifactory Automation
Information Technology,DevOps & Automation Tools,JFrog Artifactory Support & Maintenance
Information Technology,DevOps & Automation Tools,JFrog Artifactory Monitoring
Information Technology,DevOps & Automation Tools,JFrog Artifactory Architecture Design
Information Technology,DevOps & Automation Tools,JFrog Artifactory Upgrade & Patching
Information Technology,DevOps & Automation Tools,JFrog Artifactory Scripting
Information Technology,DevOps & Automation Tools,JFrog Artifactory Best Practices
Information Technology,DevOps & Automation Tools,SonarQube
Information Technology,DevOps & Automation Tools,SonarQube Administration
Information Technology,DevOps & Automation Tools,SonarQube Development
Information Technology,DevOps & Automation Tools,SonarQube Configuration
Information Technology,DevOps & Automation Tools,SonarQube Troubleshooting
Information Technology,DevOps & Automation Tools,SonarQube Integration
Information Technology,DevOps & Automation Tools,SonarQube Deployment
Information Technology,DevOps & Automation Tools,SonarQube Security Hardening
Information Technology,DevOps & Automation Tools,SonarQube Performance Optimization
Information Technology,DevOps & Automation Tools,SonarQube Migration
Information Technology,DevOps & Automation Tools,SonarQube Automation
Information Technology,DevOps & Automation Tools,SonarQube Support & Maintenance
Information Technology,DevOps & Automation Tools,SonarQube Monitoring
Information Technology,DevOps & Automation Tools,SonarQube Architecture Design
Information Technology,DevOps & Automation Tools,SonarQube Upgrade & Patching
Information Technology,DevOps & Automation Tools,SonarQube Scripting
Information Technology,DevOps & Automation Tools,SonarQube Best Practices
Information Technology,DevOps & Automation Tools,Checkmarx
Information Technology,DevOps & Automation Tools,Checkmarx Administration
Information Technology,DevOps & Automation Tools,Checkmarx Development
Information Technology,DevOps & Automation Tools,Checkmarx Configuration
Information Technology,DevOps & Automation Tools,Checkmarx Troubleshooting
Information Technology,DevOps & Automation Tools,Checkmarx Integration
Information Technology,DevOps & Automation Tools,Checkmarx Deployment
Information Technology,DevOps & Automation Tools,Checkmarx Security Hardening
Information Technology,DevOps & Automation Tools,Checkmarx Performance Optimization
Information Technology,DevOps & Automation Tools,Checkmarx Migration
Information Technology,DevOps & Automation Tools,Checkmarx Automation
Information Technology,DevOps & Automation Tools,Checkmarx Support & Maintenance
Information Technology,DevOps & Automation Tools,Checkmarx Monitoring
Information Technology,DevOps & Automation Tools,Checkmarx Architecture Design
Information Technology,DevOps & Automation Tools,Checkmarx Upgrade & Patching
Information Technology,DevOps & Automation Tools,Checkmarx Scripting
Information Technology,DevOps & Automation Tools,Checkmarx Best Practices
Information Technology,DevOps & Automation Tools,Snyk
Information Technology,DevOps & Automation Tools,Snyk Administration
Information Technology,DevOps & Automation Tools,Snyk Development
Information Technology,DevOps & Automation Tools,Snyk Configuration
Information Technology,DevOps & Automation Tools,Snyk Troubleshooting
Information Technology,DevOps & Automation Tools,Snyk Integration
Information Technology,DevOps & Automation Tools,Snyk Deployment
Information Technology,DevOps & Automation Tools,Snyk Security Hardening
Information Technology,DevOps & Automation Tools,Snyk Performance Optimization
Information Technology,DevOps & Automation Tools,Snyk Migration
Information Technology,DevOps & Automation Tools,Snyk Automation
Information Technology,DevOps & Automation Tools,Snyk Support & Maintenance
Information Technology,DevOps & Automation Tools,Snyk Monitoring
Information Technology,DevOps & Automation Tools,Snyk Architecture Design
Information Technology,DevOps & Automation Tools,Snyk Upgrade & Patching
Information Technology,DevOps & Automation Tools,Snyk Scripting
Information Technology,DevOps & Automation Tools,Snyk Best Practices
Information Technology,DevOps & Automation Tools,Trivy
Information Technology,DevOps & Automation Tools,Trivy Administration
Information Technology,DevOps & Automation Tools,Trivy Development
Information Technology,DevOps & Automation Tools,Trivy Configuration
Information Technology,DevOps & Automation Tools,Trivy Troubleshooting
Information Technology,DevOps & Automation Tools,Trivy Integration
Information Technology,DevOps & Automation Tools,Trivy Deployment
Information Technology,DevOps & Automation Tools,Trivy Security Hardening
Information Technology,DevOps & Automation Tools,Trivy Performance Optimization
Information Technology,DevOps & Automation Tools,Trivy Migration
Information Technology,DevOps & Automation Tools,Trivy Automation
Information Technology,DevOps & Automation Tools,Trivy Support & Maintenance
Information Technology,DevOps & Automation Tools,Trivy Monitoring
Information Technology,DevOps & Automation Tools,Trivy Architecture Design
Information Technology,DevOps & Automation Tools,Trivy Upgrade & Patching
Information Technology,DevOps & Automation Tools,Trivy Scripting
Information Technology,DevOps & Automation Tools,Trivy Best Practices
Information Technology,DevOps & Automation Tools,Aqua Security
Information Technology,DevOps & Automation Tools,Aqua Security Administration
Information Technology,DevOps & Automation Tools,Aqua Security Development
Information Technology,DevOps & Automation Tools,Aqua Security Configuration
Information Technology,DevOps & Automation Tools,Aqua Security Troubleshooting
Information Technology,DevOps & Automation Tools,Aqua Security Integration
Information Technology,DevOps & Automation Tools,Aqua Security Deployment
Information Technology,DevOps & Automation Tools,Aqua Security Security Hardening
Information Technology,DevOps & Automation Tools,Aqua Security Performance Optimization
Information Technology,DevOps & Automation Tools,Aqua Security Migration
Information Technology,DevOps & Automation Tools,Aqua Security Automation
Information Technology,DevOps & Automation Tools,Aqua Security Support & Maintenance
Information Technology,DevOps & Automation Tools,Aqua Security Monitoring
Information Technology,DevOps & Automation Tools,Aqua Security Architecture Design
Information Technology,DevOps & Automation Tools,Aqua Security Upgrade & Patching
Information Technology,DevOps & Automation Tools,Aqua Security Scripting
Information Technology,DevOps & Automation Tools,Aqua Security Best Practices
Information Technology,DevOps & Automation Tools,Twistlock
Information Technology,DevOps & Automation Tools,Twistlock Administration
Information Technology,DevOps & Automation Tools,Twistlock Development
Information Technology,DevOps & Automation Tools,Twistlock Configuration
Information Technology,DevOps & Automation Tools,Twistlock Troubleshooting
Information Technology,DevOps & Automation Tools,Twistlock Integration
Information Technology,DevOps & Automation Tools,Twistlock Deployment
Information Technology,DevOps & Automation Tools,Twistlock Security Hardening
Information Technology,DevOps & Automation Tools,Twistlock Performance Optimization
Information Technology,DevOps & Automation Tools,Twistlock Migration
Information Technology,DevOps & Automation Tools,Twistlock Automation
Information Technology,DevOps & Automation Tools,Twistlock Support & Maintenance
Information Technology,DevOps & Automation Tools,Twistlock Monitoring
Information Technology,DevOps & Automation Tools,Twistlock Architecture Design
Information Technology,DevOps & Automation Tools,Twistlock Upgrade & Patching
Information Technology,DevOps & Automation Tools,Twistlock Scripting
Information Technology,DevOps & Automation Tools,Twistlock Best Practices
Information Technology,DevOps & Automation Tools,CFEngine
Information Technology,DevOps & Automation Tools,CFEngine Administration
Information Technology,DevOps & Automation Tools,CFEngine Development
Information Technology,DevOps & Automation Tools,CFEngine Configuration
Information Technology,DevOps & Automation Tools,CFEngine Troubleshooting
Information Technology,DevOps & Automation Tools,CFEngine Integration
Information Technology,DevOps & Automation Tools,CFEngine Deployment
Information Technology,DevOps & Automation Tools,CFEngine Security Hardening
Information Technology,DevOps & Automation Tools,CFEngine Performance Optimization
Information Technology,DevOps & Automation Tools,CFEngine Migration
Information Technology,DevOps & Automation Tools,CFEngine Automation
Information Technology,DevOps & Automation Tools,CFEngine Support & Maintenance
Information Technology,DevOps & Automation Tools,CFEngine Monitoring
Information Technology,DevOps & Automation Tools,CFEngine Architecture Design
Information Technology,DevOps & Automation Tools,CFEngine Upgrade & Patching
Information Technology,DevOps & Automation Tools,CFEngine Scripting
Information Technology,DevOps & Automation Tools,CFEngine Best Practices
Information Technology,DevOps & Automation Tools,Fabric
Information Technology,DevOps & Automation Tools,Fabric Administration
Information Technology,DevOps & Automation Tools,Fabric Development
Information Technology,DevOps & Automation Tools,Fabric Configuration
Information Technology,DevOps & Automation Tools,Fabric Troubleshooting
Information Technology,DevOps & Automation Tools,Fabric Integration
Information Technology,DevOps & Automation Tools,Fabric Deployment
Information Technology,DevOps & Automation Tools,Fabric Security Hardening
Information Technology,DevOps & Automation Tools,Fabric Performance Optimization
Information Technology,DevOps & Automation Tools,Fabric Migration
Information Technology,DevOps & Automation Tools,Fabric Automation
Information Technology,DevOps & Automation Tools,Fabric Support & Maintenance
Information Technology,DevOps & Automation Tools,Fabric Monitoring
Information Technology,DevOps & Automation Tools,Fabric Architecture Design
Information Technology,DevOps & Automation Tools,Fabric Upgrade & Patching
Information Technology,DevOps & Automation Tools,Fabric Scripting
Information Technology,DevOps & Automation Tools,Fabric Best Practices
Information Technology,DevOps & Automation Tools,Capistrano
Information Technology,DevOps & Automation Tools,Capistrano Administration
Information Technology,DevOps & Automation Tools,Capistrano Development
Information Technology,DevOps & Automation Tools,Capistrano Configuration
Information Technology,DevOps & Automation Tools,Capistrano Troubleshooting
Information Technology,DevOps & Automation Tools,Capistrano Integration
Information Technology,DevOps & Automation Tools,Capistrano Deployment
Information Technology,DevOps & Automation Tools,Capistrano Security Hardening
Information Technology,DevOps & Automation Tools,Capistrano Performance Optimization
Information Technology,DevOps & Automation Tools,Capistrano Migration
Information Technology,DevOps & Automation Tools,Capistrano Automation
Information Technology,DevOps & Automation Tools,Capistrano Support & Maintenance
Information Technology,DevOps & Automation Tools,Capistrano Monitoring
Information Technology,DevOps & Automation Tools,Capistrano Architecture Design
Information Technology,DevOps & Automation Tools,Capistrano Upgrade & Patching
Information Technology,DevOps & Automation Tools,Capistrano Scripting
Information Technology,DevOps & Automation Tools,Capistrano Best Practices
Information Technology,DevOps & Automation Tools,Bitbucket Pipelines
Information Technology,DevOps & Automation Tools,Bitbucket Pipelines Administration
Information Technology,DevOps & Automation Tools,Bitbucket Pipelines Development
Information Technology,DevOps & Automation Tools,Bitbucket Pipelines Configuration
Information Technology,DevOps & Automation Tools,Bitbucket Pipelines Troubleshooting
Information Technology,DevOps & Automation Tools,Bitbucket Pipelines Integration
Information Technology,DevOps & Automation Tools,Bitbucket Pipelines Deployment
Information Technology,DevOps & Automation Tools,Bitbucket Pipelines Security Hardening
Information Technology,DevOps & Automation Tools,Bitbucket Pipelines Performance Optimization
Information Technology,DevOps & Automation Tools,Bitbucket Pipelines Migration
Information Technology,DevOps & Automation Tools,Bitbucket Pipelines Automation
Information Technology,DevOps & Automation Tools,Bitbucket Pipelines Support & Maintenance
Information Technology,DevOps & Automation Tools,Bitbucket Pipelines Monitoring
Information Technology,DevOps & Automation Tools,Bitbucket Pipelines Architecture Design
Information Technology,DevOps & Automation Tools,Bitbucket Pipelines Upgrade & Patching
Information Technology,DevOps & Automation Tools,Bitbucket Pipelines Scripting
Information Technology,DevOps & Automation Tools,Bitbucket Pipelines Best Practices
Information Technology,DevOps & Automation Tools,Azure Pipelines
Information Technology,DevOps & Automation Tools,Azure Pipelines Administration
Information Technology,DevOps & Automation Tools,Azure Pipelines Development
Information Technology,DevOps & Automation Tools,Azure Pipelines Configuration
Information Technology,DevOps & Automation Tools,Azure Pipelines Troubleshooting
Information Technology,DevOps & Automation Tools,Azure Pipelines Integration
Information Technology,DevOps & Automation Tools,Azure Pipelines Deployment
Information Technology,DevOps & Automation Tools,Azure Pipelines Security Hardening
Information Technology,DevOps & Automation Tools,Azure Pipelines Performance Optimization
Information Technology,DevOps & Automation Tools,Azure Pipelines Migration
Information Technology,DevOps & Automation Tools,Azure Pipelines Automation
Information Technology,DevOps & Automation Tools,Azure Pipelines Support & Maintenance
Information Technology,DevOps & Automation Tools,Azure Pipelines Monitoring
Information Technology,DevOps & Automation Tools,Azure Pipelines Architecture Design
Information Technology,DevOps & Automation Tools,Azure Pipelines Upgrade & Patching
Information Technology,DevOps & Automation Tools,Azure Pipelines Scripting
Information Technology,DevOps & Automation Tools,Azure Pipelines Best Practices
Information Technology,DevOps & Automation Tools,Drone CI
Information Technology,DevOps & Automation Tools,Drone CI Administration
Information Technology,DevOps & Automation Tools,Drone CI Development
Information Technology,DevOps & Automation Tools,Drone CI Configuration
Information Technology,DevOps & Automation Tools,Drone CI Troubleshooting
Information Technology,DevOps & Automation Tools,Drone CI Integration
Information Technology,DevOps & Automation Tools,Drone CI Deployment
Information Technology,DevOps & Automation Tools,Drone CI Security Hardening
Information Technology,DevOps & Automation Tools,Drone CI Performance Optimization
Information Technology,DevOps & Automation Tools,Drone CI Migration
Information Technology,DevOps & Automation Tools,Drone CI Automation
Information Technology,DevOps & Automation Tools,Drone CI Support & Maintenance
Information Technology,DevOps & Automation Tools,Drone CI Monitoring
Information Technology,DevOps & Automation Tools,Drone CI Architecture Design
Information Technology,DevOps & Automation Tools,Drone CI Upgrade & Patching
Information Technology,DevOps & Automation Tools,Drone CI Scripting
Information Technology,DevOps & Automation Tools,Drone CI Best Practices
Information Technology,DevOps & Automation Tools,Concourse CI
Information Technology,DevOps & Automation Tools,Concourse CI Administration
Information Technology,DevOps & Automation Tools,Concourse CI Development
Information Technology,DevOps & Automation Tools,Concourse CI Configuration
Information Technology,DevOps & Automation Tools,Concourse CI Troubleshooting
Information Technology,DevOps & Automation Tools,Concourse CI Integration
Information Technology,DevOps & Automation Tools,Concourse CI Deployment
Information Technology,DevOps & Automation Tools,Concourse CI Security Hardening
Information Technology,DevOps & Automation Tools,Concourse CI Performance Optimization
Information Technology,DevOps & Automation Tools,Concourse CI Migration
Information Technology,DevOps & Automation Tools,Concourse CI Automation
Information Technology,DevOps & Automation Tools,Concourse CI Support & Maintenance
Information Technology,DevOps & Automation Tools,Concourse CI Monitoring
Information Technology,DevOps & Automation Tools,Concourse CI Architecture Design
Information Technology,DevOps & Automation Tools,Concourse CI Upgrade & Patching
Information Technology,DevOps & Automation Tools,Concourse CI Scripting
Information Technology,DevOps & Automation Tools,Concourse CI Best Practices
Information Technology,DevOps & Automation Tools,GoCD
Information Technology,DevOps & Automation Tools,GoCD Administration
Information Technology,DevOps & Automation Tools,GoCD Development
Information Technology,DevOps & Automation Tools,GoCD Configuration
Information Technology,DevOps & Automation Tools,GoCD Troubleshooting
Information Technology,DevOps & Automation Tools,GoCD Integration
Information Technology,DevOps & Automation Tools,GoCD Deployment
Information Technology,DevOps & Automation Tools,GoCD Security Hardening
Information Technology,DevOps & Automation Tools,GoCD Performance Optimization
Information Technology,DevOps & Automation Tools,GoCD Migration
Information Technology,DevOps & Automation Tools,GoCD Automation
Information Technology,DevOps & Automation Tools,GoCD Support & Maintenance
Information Technology,DevOps & Automation Tools,GoCD Monitoring
Information Technology,DevOps & Automation Tools,GoCD Architecture Design
Information Technology,DevOps & Automation Tools,GoCD Upgrade & Patching
Information Technology,DevOps & Automation Tools,GoCD Scripting
Information Technology,DevOps & Automation Tools,GoCD Best Practices
Information Technology,DevOps & Automation Tools,Screwdriver CI
Information Technology,DevOps & Automation Tools,Screwdriver CI Administration
Information Technology,DevOps & Automation Tools,Screwdriver CI Development
Information Technology,DevOps & Automation Tools,Screwdriver CI Configuration
Information Technology,DevOps & Automation Tools,Screwdriver CI Troubleshooting
Information Technology,DevOps & Automation Tools,Screwdriver CI Integration
Information Technology,DevOps & Automation Tools,Screwdriver CI Deployment
Information Technology,DevOps & Automation Tools,Screwdriver CI Security Hardening
Information Technology,DevOps & Automation Tools,Screwdriver CI Performance Optimization
Information Technology,DevOps & Automation Tools,Screwdriver CI Migration
Information Technology,DevOps & Automation Tools,Screwdriver CI Automation
Information Technology,DevOps & Automation Tools,Screwdriver CI Support & Maintenance
Information Technology,DevOps & Automation Tools,Screwdriver CI Monitoring
Information Technology,DevOps & Automation Tools,Screwdriver CI Architecture Design
Information Technology,DevOps & Automation Tools,Screwdriver CI Upgrade & Patching
Information Technology,DevOps & Automation Tools,Screwdriver CI Scripting
Information Technology,DevOps & Automation Tools,Screwdriver CI Best Practices
Information Technology,DevOps & Automation Tools,Semaphore CI
Information Technology,DevOps & Automation Tools,Semaphore CI Administration
Information Technology,DevOps & Automation Tools,Semaphore CI Development
Information Technology,DevOps & Automation Tools,Semaphore CI Configuration
Information Technology,DevOps & Automation Tools,Semaphore CI Troubleshooting
Information Technology,DevOps & Automation Tools,Semaphore CI Integration
Information Technology,DevOps & Automation Tools,Semaphore CI Deployment
Information Technology,DevOps & Automation Tools,Semaphore CI Security Hardening
Information Technology,DevOps & Automation Tools,Semaphore CI Performance Optimization
Information Technology,DevOps & Automation Tools,Semaphore CI Migration
Information Technology,DevOps & Automation Tools,Semaphore CI Automation
Information Technology,DevOps & Automation Tools,Semaphore CI Support & Maintenance
Information Technology,DevOps & Automation Tools,Semaphore CI Monitoring
Information Technology,DevOps & Automation Tools,Semaphore CI Architecture Design
Information Technology,DevOps & Automation Tools,Semaphore CI Upgrade & Patching
Information Technology,DevOps & Automation Tools,Semaphore CI Scripting
Information Technology,DevOps & Automation Tools,Semaphore CI Best Practices
Information Technology,DevOps & Automation Tools,Buddy CI
Information Technology,DevOps & Automation Tools,Buddy CI Administration
Information Technology,DevOps & Automation Tools,Buddy CI Development
Information Technology,DevOps & Automation Tools,Buddy CI Configuration
Information Technology,DevOps & Automation Tools,Buddy CI Troubleshooting
Information Technology,DevOps & Automation Tools,Buddy CI Integration
Information Technology,DevOps & Automation Tools,Buddy CI Deployment
Information Technology,DevOps & Automation Tools,Buddy CI Security Hardening
Information Technology,DevOps & Automation Tools,Buddy CI Performance Optimization
Information Technology,DevOps & Automation Tools,Buddy CI Migration
Information Technology,DevOps & Automation Tools,Buddy CI Automation
Information Technology,DevOps & Automation Tools,Buddy CI Support & Maintenance
Information Technology,DevOps & Automation Tools,Buddy CI Monitoring
Information Technology,DevOps & Automation Tools,Buddy CI Architecture Design
Information Technology,DevOps & Automation Tools,Buddy CI Upgrade & Patching
Information Technology,DevOps & Automation Tools,Buddy CI Scripting
Information Technology,DevOps & Automation Tools,Buddy CI Best Practices
Information Technology,Operating Systems,Windows Server 2016
Information Technology,Operating Systems,Windows Server 2016 Administration
Information Technology,Operating Systems,Windows Server 2016 Development
Information Technology,Operating Systems,Windows Server 2016 Configuration
Information Technology,Operating Systems,Windows Server 2016 Troubleshooting
Information Technology,Operating Systems,Windows Server 2016 Integration
Information Technology,Operating Systems,Windows Server 2016 Deployment
Information Technology,Operating Systems,Windows Server 2016 Security Hardening
Information Technology,Operating Systems,Windows Server 2016 Performance Optimization
Information Technology,Operating Systems,Windows Server 2016 Migration
Information Technology,Operating Systems,Windows Server 2016 Automation
Information Technology,Operating Systems,Windows Server 2016 Support & Maintenance
Information Technology,Operating Systems,Windows Server 2016 Monitoring
Information Technology,Operating Systems,Windows Server 2016 Architecture Design
Information Technology,Operating Systems,Windows Server 2016 Upgrade & Patching
Information Technology,Operating Systems,Windows Server 2016 Scripting
Information Technology,Operating Systems,Windows Server 2016 Best Practices
Information Technology,Operating Systems,Windows Server 2019
Information Technology,Operating Systems,Windows Server 2019 Administration
Information Technology,Operating Systems,Windows Server 2019 Development
Information Technology,Operating Systems,Windows Server 2019 Configuration
Information Technology,Operating Systems,Windows Server 2019 Troubleshooting
Information Technology,Operating Systems,Windows Server 2019 Integration
Information Technology,Operating Systems,Windows Server 2019 Deployment
Information Technology,Operating Systems,Windows Server 2019 Security Hardening
Information Technology,Operating Systems,Windows Server 2019 Performance Optimization
Information Technology,Operating Systems,Windows Server 2019 Migration
Information Technology,Operating Systems,Windows Server 2019 Automation
Information Technology,Operating Systems,Windows Server 2019 Support & Maintenance
Information Technology,Operating Systems,Windows Server 2019 Monitoring
Information Technology,Operating Systems,Windows Server 2019 Architecture Design
Information Technology,Operating Systems,Windows Server 2019 Upgrade & Patching
Information Technology,Operating Systems,Windows Server 2019 Scripting
Information Technology,Operating Systems,Windows Server 2019 Best Practices
Information Technology,Operating Systems,Windows Server 2022
Information Technology,Operating Systems,Windows Server 2022 Administration
Information Technology,Operating Systems,Windows Server 2022 Development
Information Technology,Operating Systems,Windows Server 2022 Configuration
Information Technology,Operating Systems,Windows Server 2022 Troubleshooting
Information Technology,Operating Systems,Windows Server 2022 Integration
Information Technology,Operating Systems,Windows Server 2022 Deployment
Information Technology,Operating Systems,Windows Server 2022 Security Hardening
Information Technology,Operating Systems,Windows Server 2022 Performance Optimization
Information Technology,Operating Systems,Windows Server 2022 Migration
Information Technology,Operating Systems,Windows Server 2022 Automation
Information Technology,Operating Systems,Windows Server 2022 Support & Maintenance
Information Technology,Operating Systems,Windows Server 2022 Monitoring
Information Technology,Operating Systems,Windows Server 2022 Architecture Design
Information Technology,Operating Systems,Windows Server 2022 Upgrade & Patching
Information Technology,Operating Systems,Windows Server 2022 Scripting
Information Technology,Operating Systems,Windows Server 2022 Best Practices
Information Technology,Operating Systems,Windows 10
Information Technology,Operating Systems,Windows 10 Administration
Information Technology,Operating Systems,Windows 10 Development
Information Technology,Operating Systems,Windows 10 Configuration
Information Technology,Operating Systems,Windows 10 Troubleshooting
Information Technology,Operating Systems,Windows 10 Integration
Information Technology,Operating Systems,Windows 10 Deployment
Information Technology,Operating Systems,Windows 10 Security Hardening
Information Technology,Operating Systems,Windows 10 Performance Optimization
Information Technology,Operating Systems,Windows 10 Migration
Information Technology,Operating Systems,Windows 10 Automation
Information Technology,Operating Systems,Windows 10 Support & Maintenance
Information Technology,Operating Systems,Windows 10 Monitoring
Information Technology,Operating Systems,Windows 10 Architecture Design
Information Technology,Operating Systems,Windows 10 Upgrade & Patching
Information Technology,Operating Systems,Windows 10 Scripting
Information Technology,Operating Systems,Windows 10 Best Practices
Information Technology,Operating Systems,Windows 11
Information Technology,Operating Systems,Windows 11 Administration
Information Technology,Operating Systems,Windows 11 Development
Information Technology,Operating Systems,Windows 11 Configuration
Information Technology,Operating Systems,Windows 11 Troubleshooting
Information Technology,Operating Systems,Windows 11 Integration
Information Technology,Operating Systems,Windows 11 Deployment
Information Technology,Operating Systems,Windows 11 Security Hardening
Information Technology,Operating Systems,Windows 11 Performance Optimization
Information Technology,Operating Systems,Windows 11 Migration
Information Technology,Operating Systems,Windows 11 Automation
Information Technology,Operating Systems,Windows 11 Support & Maintenance
Information Technology,Operating Systems,Windows 11 Monitoring
Information Technology,Operating Systems,Windows 11 Architecture Design
Information Technology,Operating Systems,Windows 11 Upgrade & Patching
Information Technology,Operating Systems,Windows 11 Scripting
Information Technology,Operating Systems,Windows 11 Best Practices
Information Technology,Operating Systems,Red Hat Enterprise Linux
Information Technology,Operating Systems,Red Hat Enterprise Linux Administration
Information Technology,Operating Systems,Red Hat Enterprise Linux Development
Information Technology,Operating Systems,Red Hat Enterprise Linux Configuration
Information Technology,Operating Systems,Red Hat Enterprise Linux Troubleshooting
Information Technology,Operating Systems,Red Hat Enterprise Linux Integration
Information Technology,Operating Systems,Red Hat Enterprise Linux Deployment
Information Technology,Operating Systems,Red Hat Enterprise Linux Security Hardening
Information Technology,Operating Systems,Red Hat Enterprise Linux Performance Optimization
Information Technology,Operating Systems,Red Hat Enterprise Linux Migration
Information Technology,Operating Systems,Red Hat Enterprise Linux Automation
Information Technology,Operating Systems,Red Hat Enterprise Linux Support & Maintenance
Information Technology,Operating Systems,Red Hat Enterprise Linux Monitoring
Information Technology,Operating Systems,Red Hat Enterprise Linux Architecture Design
Information Technology,Operating Systems,Red Hat Enterprise Linux Upgrade & Patching
Information Technology,Operating Systems,Red Hat Enterprise Linux Scripting
Information Technology,Operating Systems,Red Hat Enterprise Linux Best Practices
Information Technology,Operating Systems,Ubuntu Server
Information Technology,Operating Systems,Ubuntu Server Administration
Information Technology,Operating Systems,Ubuntu Server Development
Information Technology,Operating Systems,Ubuntu Server Configuration
Information Technology,Operating Systems,Ubuntu Server Troubleshooting
Information Technology,Operating Systems,Ubuntu Server Integration
Information Technology,Operating Systems,Ubuntu Server Deployment
Information Technology,Operating Systems,Ubuntu Server Security Hardening
Information Technology,Operating Systems,Ubuntu Server Performance Optimization
Information Technology,Operating Systems,Ubuntu Server Migration
Information Technology,Operating Systems,Ubuntu Server Automation
Information Technology,Operating Systems,Ubuntu Server Support & Maintenance
Information Technology,Operating Systems,Ubuntu Server Monitoring
Information Technology,Operating Systems,Ubuntu Server Architecture Design
Information Technology,Operating Systems,Ubuntu Server Upgrade & Patching
Information Technology,Operating Systems,Ubuntu Server Scripting
Information Technology,Operating Systems,Ubuntu Server Best Practices
Information Technology,Operating Systems,CentOS
Information Technology,Operating Systems,CentOS Administration
Information Technology,Operating Systems,CentOS Development
Information Technology,Operating Systems,CentOS Configuration
Information Technology,Operating Systems,CentOS Troubleshooting
Information Technology,Operating Systems,CentOS Integration
Information Technology,Operating Systems,CentOS Deployment
Information Technology,Operating Systems,CentOS Security Hardening
Information Technology,Operating Systems,CentOS Performance Optimization
Information Technology,Operating Systems,CentOS Migration
Information Technology,Operating Systems,CentOS Automation
Information Technology,Operating Systems,CentOS Support & Maintenance
Information Technology,Operating Systems,CentOS Monitoring
Information Technology,Operating Systems,CentOS Architecture Design
Information Technology,Operating Systems,CentOS Upgrade & Patching
Information Technology,Operating Systems,CentOS Scripting
Information Technology,Operating Systems,CentOS Best Practices
Information Technology,Operating Systems,Debian
Information Technology,Operating Systems,Debian Administration
Information Technology,Operating Systems,Debian Development
Information Technology,Operating Systems,Debian Configuration
Information Technology,Operating Systems,Debian Troubleshooting
Information Technology,Operating Systems,Debian Integration
Information Technology,Operating Systems,Debian Deployment
Information Technology,Operating Systems,Debian Security Hardening
Information Technology,Operating Systems,Debian Performance Optimization
Information Technology,Operating Systems,Debian Migration
Information Technology,Operating Systems,Debian Automation
Information Technology,Operating Systems,Debian Support & Maintenance
Information Technology,Operating Systems,Debian Monitoring
Information Technology,Operating Systems,Debian Architecture Design
Information Technology,Operating Systems,Debian Upgrade & Patching
Information Technology,Operating Systems,Debian Scripting
Information Technology,Operating Systems,Debian Best Practices
Information Technology,Operating Systems,SUSE Linux
Information Technology,Operating Systems,SUSE Linux Administration
Information Technology,Operating Systems,SUSE Linux Development
Information Technology,Operating Systems,SUSE Linux Configuration
Information Technology,Operating Systems,SUSE Linux Troubleshooting
Information Technology,Operating Systems,SUSE Linux Integration
Information Technology,Operating Systems,SUSE Linux Deployment
Information Technology,Operating Systems,SUSE Linux Security Hardening
Information Technology,Operating Systems,SUSE Linux Performance Optimization
Information Technology,Operating Systems,SUSE Linux Migration
Information Technology,Operating Systems,SUSE Linux Automation
Information Technology,Operating Systems,SUSE Linux Support & Maintenance
Information Technology,Operating Systems,SUSE Linux Monitoring
Information Technology,Operating Systems,SUSE Linux Architecture Design
Information Technology,Operating Systems,SUSE Linux Upgrade & Patching
Information Technology,Operating Systems,SUSE Linux Scripting
Information Technology,Operating Systems,SUSE Linux Best Practices
Information Technology,Operating Systems,Fedora Linux
Information Technology,Operating Systems,Fedora Linux Administration
Information Technology,Operating Systems,Fedora Linux Development
Information Technology,Operating Systems,Fedora Linux Configuration
Information Technology,Operating Systems,Fedora Linux Troubleshooting
Information Technology,Operating Systems,Fedora Linux Integration
Information Technology,Operating Systems,Fedora Linux Deployment
Information Technology,Operating Systems,Fedora Linux Security Hardening
Information Technology,Operating Systems,Fedora Linux Performance Optimization
Information Technology,Operating Systems,Fedora Linux Migration
Information Technology,Operating Systems,Fedora Linux Automation
Information Technology,Operating Systems,Fedora Linux Support & Maintenance
Information Technology,Operating Systems,Fedora Linux Monitoring
Information Technology,Operating Systems,Fedora Linux Architecture Design
Information Technology,Operating Systems,Fedora Linux Upgrade & Patching
Information Technology,Operating Systems,Fedora Linux Scripting
Information Technology,Operating Systems,Fedora Linux Best Practices
Information Technology,Operating Systems,Rocky Linux
Information Technology,Operating Systems,Rocky Linux Administration
Information Technology,Operating Systems,Rocky Linux Development
Information Technology,Operating Systems,Rocky Linux Configuration
Information Technology,Operating Systems,Rocky Linux Troubleshooting
Information Technology,Operating Systems,Rocky Linux Integration
Information Technology,Operating Systems,Rocky Linux Deployment
Information Technology,Operating Systems,Rocky Linux Security Hardening
Information Technology,Operating Systems,Rocky Linux Performance Optimization
Information Technology,Operating Systems,Rocky Linux Migration
Information Technology,Operating Systems,Rocky Linux Automation
Information Technology,Operating Systems,Rocky Linux Support & Maintenance
Information Technology,Operating Systems,Rocky Linux Monitoring
Information Technology,Operating Systems,Rocky Linux Architecture Design
Information Technology,Operating Systems,Rocky Linux Upgrade & Patching
Information Technology,Operating Systems,Rocky Linux Scripting
Information Technology,Operating Systems,Rocky Linux Best Practices
Information Technology,Operating Systems,AlmaLinux
Information Technology,Operating Systems,AlmaLinux Administration
Information Technology,Operating Systems,AlmaLinux Development
Information Technology,Operating Systems,AlmaLinux Configuration
Information Technology,Operating Systems,AlmaLinux Troubleshooting
Information Technology,Operating Systems,AlmaLinux Integration
Information Technology,Operating Systems,AlmaLinux Deployment
Information Technology,Operating Systems,AlmaLinux Security Hardening
Information Technology,Operating Systems,AlmaLinux Performance Optimization
Information Technology,Operating Systems,AlmaLinux Migration
Information Technology,Operating Systems,AlmaLinux Automation
Information Technology,Operating Systems,AlmaLinux Support & Maintenance
Information Technology,Operating Systems,AlmaLinux Monitoring
Information Technology,Operating Systems,AlmaLinux Architecture Design
Information Technology,Operating Systems,AlmaLinux Upgrade & Patching
Information Technology,Operating Systems,AlmaLinux Scripting
Information Technology,Operating Systems,AlmaLinux Best Practices
Information Technology,Operating Systems,macOS
Information Technology,Operating Systems,macOS Administration
Information Technology,Operating Systems,macOS Development
Information Technology,Operating Systems,macOS Configuration
Information Technology,Operating Systems,macOS Troubleshooting
Information Technology,Operating Systems,macOS Integration
Information Technology,Operating Systems,macOS Deployment
Information Technology,Operating Systems,macOS Security Hardening
Information Technology,Operating Systems,macOS Performance Optimization
Information Technology,Operating Systems,macOS Migration
Information Technology,Operating Systems,macOS Automation
Information Technology,Operating Systems,macOS Support & Maintenance
Information Technology,Operating Systems,macOS Monitoring
Information Technology,Operating Systems,macOS Architecture Design
Information Technology,Operating Systems,macOS Upgrade & Patching
Information Technology,Operating Systems,macOS Scripting
Information Technology,Operating Systems,macOS Best Practices
Information Technology,Operating Systems,FreeBSD
Information Technology,Operating Systems,FreeBSD Administration
Information Technology,Operating Systems,FreeBSD Development
Information Technology,Operating Systems,FreeBSD Configuration
Information Technology,Operating Systems,FreeBSD Troubleshooting
Information Technology,Operating Systems,FreeBSD Integration
Information Technology,Operating Systems,FreeBSD Deployment
Information Technology,Operating Systems,FreeBSD Security Hardening
Information Technology,Operating Systems,FreeBSD Performance Optimization
Information Technology,Operating Systems,FreeBSD Migration
Information Technology,Operating Systems,FreeBSD Automation
Information Technology,Operating Systems,FreeBSD Support & Maintenance
Information Technology,Operating Systems,FreeBSD Monitoring
Information Technology,Operating Systems,FreeBSD Architecture Design
Information Technology,Operating Systems,FreeBSD Upgrade & Patching
Information Technology,Operating Systems,FreeBSD Scripting
Information Technology,Operating Systems,FreeBSD Best Practices
Information Technology,Operating Systems,OpenBSD
Information Technology,Operating Systems,OpenBSD Administration
Information Technology,Operating Systems,OpenBSD Development
Information Technology,Operating Systems,OpenBSD Configuration
Information Technology,Operating Systems,OpenBSD Troubleshooting
Information Technology,Operating Systems,OpenBSD Integration
Information Technology,Operating Systems,OpenBSD Deployment
Information Technology,Operating Systems,OpenBSD Security Hardening
Information Technology,Operating Systems,OpenBSD Performance Optimization
Information Technology,Operating Systems,OpenBSD Migration
Information Technology,Operating Systems,OpenBSD Automation
Information Technology,Operating Systems,OpenBSD Support & Maintenance
Information Technology,Operating Systems,OpenBSD Monitoring
Information Technology,Operating Systems,OpenBSD Architecture Design
Information Technology,Operating Systems,OpenBSD Upgrade & Patching
Information Technology,Operating Systems,OpenBSD Scripting
Information Technology,Operating Systems,OpenBSD Best Practices
Information Technology,Operating Systems,Solaris
Information Technology,Operating Systems,Solaris Administration
Information Technology,Operating Systems,Solaris Development
Information Technology,Operating Systems,Solaris Configuration
Information Technology,Operating Systems,Solaris Troubleshooting
Information Technology,Operating Systems,Solaris Integration
Information Technology,Operating Systems,Solaris Deployment
Information Technology,Operating Systems,Solaris Security Hardening
Information Technology,Operating Systems,Solaris Performance Optimization
Information Technology,Operating Systems,Solaris Migration
Information Technology,Operating Systems,Solaris Automation
Information Technology,Operating Systems,Solaris Support & Maintenance
Information Technology,Operating Systems,Solaris Monitoring
Information Technology,Operating Systems,Solaris Architecture Design
Information Technology,Operating Systems,Solaris Upgrade & Patching
Information Technology,Operating Systems,Solaris Scripting
Information Technology,Operating Systems,Solaris Best Practices
Information Technology,Operating Systems,IBM AIX
Information Technology,Operating Systems,IBM AIX Administration
Information Technology,Operating Systems,IBM AIX Development
Information Technology,Operating Systems,IBM AIX Configuration
Information Technology,Operating Systems,IBM AIX Troubleshooting
Information Technology,Operating Systems,IBM AIX Integration
Information Technology,Operating Systems,IBM AIX Deployment
Information Technology,Operating Systems,IBM AIX Security Hardening
Information Technology,Operating Systems,IBM AIX Performance Optimization
Information Technology,Operating Systems,IBM AIX Migration
Information Technology,Operating Systems,IBM AIX Automation
Information Technology,Operating Systems,IBM AIX Support & Maintenance
Information Technology,Operating Systems,IBM AIX Monitoring
Information Technology,Operating Systems,IBM AIX Architecture Design
Information Technology,Operating Systems,IBM AIX Upgrade & Patching
Information Technology,Operating Systems,IBM AIX Scripting
Information Technology,Operating Systems,IBM AIX Best Practices
Information Technology,Operating Systems,HP-UX
Information Technology,Operating Systems,HP-UX Administration
Information Technology,Operating Systems,HP-UX Development
Information Technology,Operating Systems,HP-UX Configuration
Information Technology,Operating Systems,HP-UX Troubleshooting
Information Technology,Operating Systems,HP-UX Integration
Information Technology,Operating Systems,HP-UX Deployment
Information Technology,Operating Systems,HP-UX Security Hardening
Information Technology,Operating Systems,HP-UX Performance Optimization
Information Technology,Operating Systems,HP-UX Migration
Information Technology,Operating Systems,HP-UX Automation
Information Technology,Operating Systems,HP-UX Support & Maintenance
Information Technology,Operating Systems,HP-UX Monitoring
Information Technology,Operating Systems,HP-UX Architecture Design
Information Technology,Operating Systems,HP-UX Upgrade & Patching
Information Technology,Operating Systems,HP-UX Scripting
Information Technology,Operating Systems,HP-UX Best Practices
Information Technology,Operating Systems,VMware ESXi
Information Technology,Operating Systems,VMware ESXi Administration
Information Technology,Operating Systems,VMware ESXi Development
Information Technology,Operating Systems,VMware ESXi Configuration
Information Technology,Operating Systems,VMware ESXi Troubleshooting
Information Technology,Operating Systems,VMware ESXi Integration
Information Technology,Operating Systems,VMware ESXi Deployment
Information Technology,Operating Systems,VMware ESXi Security Hardening
Information Technology,Operating Systems,VMware ESXi Performance Optimization
Information Technology,Operating Systems,VMware ESXi Migration
Information Technology,Operating Systems,VMware ESXi Automation
Information Technology,Operating Systems,VMware ESXi Support & Maintenance
Information Technology,Operating Systems,VMware ESXi Monitoring
Information Technology,Operating Systems,VMware ESXi Architecture Design
Information Technology,Operating Systems,VMware ESXi Upgrade & Patching
Information Technology,Operating Systems,VMware ESXi Scripting
Information Technology,Operating Systems,VMware ESXi Best Practices
Information Technology,Operating Systems,Citrix XenServer
Information Technology,Operating Systems,Citrix XenServer Administration
Information Technology,Operating Systems,Citrix XenServer Development
Information Technology,Operating Systems,Citrix XenServer Configuration
Information Technology,Operating Systems,Citrix XenServer Troubleshooting
Information Technology,Operating Systems,Citrix XenServer Integration
Information Technology,Operating Systems,Citrix XenServer Deployment
Information Technology,Operating Systems,Citrix XenServer Security Hardening
Information Technology,Operating Systems,Citrix XenServer Performance Optimization
Information Technology,Operating Systems,Citrix XenServer Migration
Information Technology,Operating Systems,Citrix XenServer Automation
Information Technology,Operating Systems,Citrix XenServer Support & Maintenance
Information Technology,Operating Systems,Citrix XenServer Monitoring
Information Technology,Operating Systems,Citrix XenServer Architecture Design
Information Technology,Operating Systems,Citrix XenServer Upgrade & Patching
Information Technology,Operating Systems,Citrix XenServer Scripting
Information Technology,Operating Systems,Citrix XenServer Best Practices
Information Technology,Operating Systems,Proxmox VE
Information Technology,Operating Systems,Proxmox VE Administration
Information Technology,Operating Systems,Proxmox VE Development
Information Technology,Operating Systems,Proxmox VE Configuration
Information Technology,Operating Systems,Proxmox VE Troubleshooting
Information Technology,Operating Systems,Proxmox VE Integration
Information Technology,Operating Systems,Proxmox VE Deployment
Information Technology,Operating Systems,Proxmox VE Security Hardening
Information Technology,Operating Systems,Proxmox VE Performance Optimization
Information Technology,Operating Systems,Proxmox VE Migration
Information Technology,Operating Systems,Proxmox VE Automation
Information Technology,Operating Systems,Proxmox VE Support & Maintenance
Information Technology,Operating Systems,Proxmox VE Monitoring
Information Technology,Operating Systems,Proxmox VE Architecture Design
Information Technology,Operating Systems,Proxmox VE Upgrade & Patching
Information Technology,Operating Systems,Proxmox VE Scripting
Information Technology,Operating Systems,Proxmox VE Best Practices
Information Technology,Operating Systems,Microsoft Hyper-V
Information Technology,Operating Systems,Microsoft Hyper-V Administration
Information Technology,Operating Systems,Microsoft Hyper-V Development
Information Technology,Operating Systems,Microsoft Hyper-V Configuration
Information Technology,Operating Systems,Microsoft Hyper-V Troubleshooting
Information Technology,Operating Systems,Microsoft Hyper-V Integration
Information Technology,Operating Systems,Microsoft Hyper-V Deployment
Information Technology,Operating Systems,Microsoft Hyper-V Security Hardening
Information Technology,Operating Systems,Microsoft Hyper-V Performance Optimization
Information Technology,Operating Systems,Microsoft Hyper-V Migration
Information Technology,Operating Systems,Microsoft Hyper-V Automation
Information Technology,Operating Systems,Microsoft Hyper-V Support & Maintenance
Information Technology,Operating Systems,Microsoft Hyper-V Monitoring
Information Technology,Operating Systems,Microsoft Hyper-V Architecture Design
Information Technology,Operating Systems,Microsoft Hyper-V Upgrade & Patching
Information Technology,Operating Systems,Microsoft Hyper-V Scripting
Information Technology,Operating Systems,Microsoft Hyper-V Best Practices
Information Technology,Operating Systems,KVM Virtualization
Information Technology,Operating Systems,KVM Virtualization Administration
Information Technology,Operating Systems,KVM Virtualization Development
Information Technology,Operating Systems,KVM Virtualization Configuration
Information Technology,Operating Systems,KVM Virtualization Troubleshooting
Information Technology,Operating Systems,KVM Virtualization Integration
Information Technology,Operating Systems,KVM Virtualization Deployment
Information Technology,Operating Systems,KVM Virtualization Security Hardening
Information Technology,Operating Systems,KVM Virtualization Performance Optimization
Information Technology,Operating Systems,KVM Virtualization Migration
Information Technology,Operating Systems,KVM Virtualization Automation
Information Technology,Operating Systems,KVM Virtualization Support & Maintenance
Information Technology,Operating Systems,KVM Virtualization Monitoring
Information Technology,Operating Systems,KVM Virtualization Architecture Design
Information Technology,Operating Systems,KVM Virtualization Upgrade & Patching
Information Technology,Operating Systems,KVM Virtualization Scripting
Information Technology,Operating Systems,KVM Virtualization Best Practices
Information Technology,Operating Systems,Chrome OS
Information Technology,Operating Systems,Chrome OS Administration
Information Technology,Operating Systems,Chrome OS Development
Information Technology,Operating Systems,Chrome OS Configuration
Information Technology,Operating Systems,Chrome OS Troubleshooting
Information Technology,Operating Systems,Chrome OS Integration
Information Technology,Operating Systems,Chrome OS Deployment
Information Technology,Operating Systems,Chrome OS Security Hardening
Information Technology,Operating Systems,Chrome OS Performance Optimization
Information Technology,Operating Systems,Chrome OS Migration
Information Technology,Operating Systems,Chrome OS Automation
Information Technology,Operating Systems,Chrome OS Support & Maintenance
Information Technology,Operating Systems,Chrome OS Monitoring
Information Technology,Operating Systems,Chrome OS Architecture Design
Information Technology,Operating Systems,Chrome OS Upgrade & Patching
Information Technology,Operating Systems,Chrome OS Scripting
Information Technology,Operating Systems,Chrome OS Best Practices
Information Technology,Operating Systems,Android OS
Information Technology,Operating Systems,Android OS Administration
Information Technology,Operating Systems,Android OS Development
Information Technology,Operating Systems,Android OS Configuration
Information Technology,Operating Systems,Android OS Troubleshooting
Information Technology,Operating Systems,Android OS Integration
Information Technology,Operating Systems,Android OS Deployment
Information Technology,Operating Systems,Android OS Security Hardening
Information Technology,Operating Systems,Android OS Performance Optimization
Information Technology,Operating Systems,Android OS Migration
Information Technology,Operating Systems,Android OS Automation
Information Technology,Operating Systems,Android OS Support & Maintenance
Information Technology,Operating Systems,Android OS Monitoring
Information Technology,Operating Systems,Android OS Architecture Design
Information Technology,Operating Systems,Android OS Upgrade & Patching
Information Technology,Operating Systems,Android OS Scripting
Information Technology,Operating Systems,Android OS Best Practices
Information Technology,Operating Systems,iOS Device Management
Information Technology,Operating Systems,iOS Device Management Administration
Information Technology,Operating Systems,iOS Device Management Development
Information Technology,Operating Systems,iOS Device Management Configuration
Information Technology,Operating Systems,iOS Device Management Troubleshooting
Information Technology,Operating Systems,iOS Device Management Integration
Information Technology,Operating Systems,iOS Device Management Deployment
Information Technology,Operating Systems,iOS Device Management Security Hardening
Information Technology,Operating Systems,iOS Device Management Performance Optimization
Information Technology,Operating Systems,iOS Device Management Migration
Information Technology,Operating Systems,iOS Device Management Automation
Information Technology,Operating Systems,iOS Device Management Support & Maintenance
Information Technology,Operating Systems,iOS Device Management Monitoring
Information Technology,Operating Systems,iOS Device Management Architecture Design
Information Technology,Operating Systems,iOS Device Management Upgrade & Patching
Information Technology,Operating Systems,iOS Device Management Scripting
Information Technology,Operating Systems,iOS Device Management Best Practices
Information Technology,Operating Systems,Windows Registry
Information Technology,Operating Systems,Windows Registry Administration
Information Technology,Operating Systems,Windows Registry Development
Information Technology,Operating Systems,Windows Registry Configuration
Information Technology,Operating Systems,Windows Registry Troubleshooting
Information Technology,Operating Systems,Windows Registry Integration
Information Technology,Operating Systems,Windows Registry Deployment
Information Technology,Operating Systems,Windows Registry Security Hardening
Information Technology,Operating Systems,Windows Registry Performance Optimization
Information Technology,Operating Systems,Windows Registry Migration
Information Technology,Operating Systems,Windows Registry Automation
Information Technology,Operating Systems,Windows Registry Support & Maintenance
Information Technology,Operating Systems,Windows Registry Monitoring
Information Technology,Operating Systems,Windows Registry Architecture Design
Information Technology,Operating Systems,Windows Registry Upgrade & Patching
Information Technology,Operating Systems,Windows Registry Scripting
Information Technology,Operating Systems,Windows Registry Best Practices
Information Technology,Operating Systems,Group Policy
Information Technology,Operating Systems,Group Policy Administration
Information Technology,Operating Systems,Group Policy Development
Information Technology,Operating Systems,Group Policy Configuration
Information Technology,Operating Systems,Group Policy Troubleshooting
Information Technology,Operating Systems,Group Policy Integration
Information Technology,Operating Systems,Group Policy Deployment
Information Technology,Operating Systems,Group Policy Security Hardening
Information Technology,Operating Systems,Group Policy Performance Optimization
Information Technology,Operating Systems,Group Policy Migration
Information Technology,Operating Systems,Group Policy Automation
Information Technology,Operating Systems,Group Policy Support & Maintenance
Information Technology,Operating Systems,Group Policy Monitoring
Information Technology,Operating Systems,Group Policy Architecture Design
Information Technology,Operating Systems,Group Policy Upgrade & Patching
Information Technology,Operating Systems,Group Policy Scripting
Information Technology,Operating Systems,Group Policy Best Practices
Information Technology,Operating Systems,Active Directory Domain Services
Information Technology,Operating Systems,Active Directory Domain Services Administration
Information Technology,Operating Systems,Active Directory Domain Services Development
Information Technology,Operating Systems,Active Directory Domain Services Configuration
Information Technology,Operating Systems,Active Directory Domain Services Troubleshooting
Information Technology,Operating Systems,Active Directory Domain Services Integration
Information Technology,Operating Systems,Active Directory Domain Services Deployment
Information Technology,Operating Systems,Active Directory Domain Services Security Hardening
Information Technology,Operating Systems,Active Directory Domain Services Performance Optimization
Information Technology,Operating Systems,Active Directory Domain Services Migration
Information Technology,Operating Systems,Active Directory Domain Services Automation
Information Technology,Operating Systems,Active Directory Domain Services Support & Maintenance
Information Technology,Operating Systems,Active Directory Domain Services Monitoring
Information Technology,Operating Systems,Active Directory Domain Services Architecture Design
Information Technology,Operating Systems,Active Directory Domain Services Upgrade & Patching
Information Technology,Operating Systems,Active Directory Domain Services Scripting
Information Technology,Operating Systems,Active Directory Domain Services Best Practices
Information Technology,Operating Systems,Linux Kernel
Information Technology,Operating Systems,Linux Kernel Administration
Information Technology,Operating Systems,Linux Kernel Development
Information Technology,Operating Systems,Linux Kernel Configuration
Information Technology,Operating Systems,Linux Kernel Troubleshooting
Information Technology,Operating Systems,Linux Kernel Integration
Information Technology,Operating Systems,Linux Kernel Deployment
Information Technology,Operating Systems,Linux Kernel Security Hardening
Information Technology,Operating Systems,Linux Kernel Performance Optimization
Information Technology,Operating Systems,Linux Kernel Migration
Information Technology,Operating Systems,Linux Kernel Automation
Information Technology,Operating Systems,Linux Kernel Support & Maintenance
Information Technology,Operating Systems,Linux Kernel Monitoring
Information Technology,Operating Systems,Linux Kernel Architecture Design
Information Technology,Operating Systems,Linux Kernel Upgrade & Patching
Information Technology,Operating Systems,Linux Kernel Scripting
Information Technology,Operating Systems,Linux Kernel Best Practices
Information Technology,Operating Systems,LVM
Information Technology,Operating Systems,LVM Administration
Information Technology,Operating Systems,LVM Development
Information Technology,Operating Systems,LVM Configuration
Information Technology,Operating Systems,LVM Troubleshooting
Information Technology,Operating Systems,LVM Integration
Information Technology,Operating Systems,LVM Deployment
Information Technology,Operating Systems,LVM Security Hardening
Information Technology,Operating Systems,LVM Performance Optimization
Information Technology,Operating Systems,LVM Migration
Information Technology,Operating Systems,LVM Automation
Information Technology,Operating Systems,LVM Support & Maintenance
Information Technology,Operating Systems,LVM Monitoring
Information Technology,Operating Systems,LVM Architecture Design
Information Technology,Operating Systems,LVM Upgrade & Patching
Information Technology,Operating Systems,LVM Scripting
Information Technology,Operating Systems,LVM Best Practices
Information Technology,Operating Systems,RAID Arrays
Information Technology,Operating Systems,RAID Arrays Administration
Information Technology,Operating Systems,RAID Arrays Development
Information Technology,Operating Systems,RAID Arrays Configuration
Information Technology,Operating Systems,RAID Arrays Troubleshooting
Information Technology,Operating Systems,RAID Arrays Integration
Information Technology,Operating Systems,RAID Arrays Deployment
Information Technology,Operating Systems,RAID Arrays Security Hardening
Information Technology,Operating Systems,RAID Arrays Performance Optimization
Information Technology,Operating Systems,RAID Arrays Migration
Information Technology,Operating Systems,RAID Arrays Automation
Information Technology,Operating Systems,RAID Arrays Support & Maintenance
Information Technology,Operating Systems,RAID Arrays Monitoring
Information Technology,Operating Systems,RAID Arrays Architecture Design
Information Technology,Operating Systems,RAID Arrays Upgrade & Patching
Information Technology,Operating Systems,RAID Arrays Scripting
Information Technology,Operating Systems,RAID Arrays Best Practices
Information Technology,Operating Systems,Systemd
Information Technology,Operating Systems,Systemd Administration
Information Technology,Operating Systems,Systemd Development
Information Technology,Operating Systems,Systemd Configuration
Information Technology,Operating Systems,Systemd Troubleshooting
Information Technology,Operating Systems,Systemd Integration
Information Technology,Operating Systems,Systemd Deployment
Information Technology,Operating Systems,Systemd Security Hardening
Information Technology,Operating Systems,Systemd Performance Optimization
Information Technology,Operating Systems,Systemd Migration
Information Technology,Operating Systems,Systemd Automation
Information Technology,Operating Systems,Systemd Support & Maintenance
Information Technology,Operating Systems,Systemd Monitoring
Information Technology,Operating Systems,Systemd Architecture Design
Information Technology,Operating Systems,Systemd Upgrade & Patching
Information Technology,Operating Systems,Systemd Scripting
Information Technology,Operating Systems,Systemd Best Practices
Information Technology,Operating Systems,Cron Scheduling
Information Technology,Operating Systems,Cron Scheduling Administration
Information Technology,Operating Systems,Cron Scheduling Development
Information Technology,Operating Systems,Cron Scheduling Configuration
Information Technology,Operating Systems,Cron Scheduling Troubleshooting
Information Technology,Operating Systems,Cron Scheduling Integration
Information Technology,Operating Systems,Cron Scheduling Deployment
Information Technology,Operating Systems,Cron Scheduling Security Hardening
Information Technology,Operating Systems,Cron Scheduling Performance Optimization
Information Technology,Operating Systems,Cron Scheduling Migration
Information Technology,Operating Systems,Cron Scheduling Automation
Information Technology,Operating Systems,Cron Scheduling Support & Maintenance
Information Technology,Operating Systems,Cron Scheduling Monitoring
Information Technology,Operating Systems,Cron Scheduling Architecture Design
Information Technology,Operating Systems,Cron Scheduling Upgrade & Patching
Information Technology,Operating Systems,Cron Scheduling Scripting
Information Technology,Operating Systems,Cron Scheduling Best Practices
Information Technology,"Data Science, ML & AI Tools",TensorFlow
Information Technology,"Data Science, ML & AI Tools",TensorFlow Administration
Information Technology,"Data Science, ML & AI Tools",TensorFlow Development
Information Technology,"Data Science, ML & AI Tools",TensorFlow Configuration
Information Technology,"Data Science, ML & AI Tools",TensorFlow Troubleshooting
Information Technology,"Data Science, ML & AI Tools",TensorFlow Integration
Information Technology,"Data Science, ML & AI Tools",TensorFlow Deployment
Information Technology,"Data Science, ML & AI Tools",TensorFlow Security Hardening
Information Technology,"Data Science, ML & AI Tools",TensorFlow Performance Optimization
Information Technology,"Data Science, ML & AI Tools",TensorFlow Migration
Information Technology,"Data Science, ML & AI Tools",TensorFlow Automation
Information Technology,"Data Science, ML & AI Tools",TensorFlow Support & Maintenance
Information Technology,"Data Science, ML & AI Tools",TensorFlow Monitoring
Information Technology,"Data Science, ML & AI Tools",TensorFlow Architecture Design
Information Technology,"Data Science, ML & AI Tools",TensorFlow Upgrade & Patching
Information Technology,"Data Science, ML & AI Tools",TensorFlow Scripting
Information Technology,"Data Science, ML & AI Tools",TensorFlow Best Practices
Information Technology,"Data Science, ML & AI Tools",PyTorch
Information Technology,"Data Science, ML & AI Tools",PyTorch Administration
Information Technology,"Data Science, ML & AI Tools",PyTorch Development
Information Technology,"Data Science, ML & AI Tools",PyTorch Configuration
Information Technology,"Data Science, ML & AI Tools",PyTorch Troubleshooting
Information Technology,"Data Science, ML & AI Tools",PyTorch Integration
Information Technology,"Data Science, ML & AI Tools",PyTorch Deployment
Information Technology,"Data Science, ML & AI Tools",PyTorch Security Hardening
Information Technology,"Data Science, ML & AI Tools",PyTorch Performance Optimization
Information Technology,"Data Science, ML & AI Tools",PyTorch Migration
Information Technology,"Data Science, ML & AI Tools",PyTorch Automation
Information Technology,"Data Science, ML & AI Tools",PyTorch Support & Maintenance
Information Technology,"Data Science, ML & AI Tools",PyTorch Monitoring
Information Technology,"Data Science, ML & AI Tools",PyTorch Architecture Design
Information Technology,"Data Science, ML & AI Tools",PyTorch Upgrade & Patching
Information Technology,"Data Science, ML & AI Tools",PyTorch Scripting
Information Technology,"Data Science, ML & AI Tools",PyTorch Best Practices
Information Technology,"Data Science, ML & AI Tools",Keras
Information Technology,"Data Science, ML & AI Tools",Keras Administration
Information Technology,"Data Science, ML & AI Tools",Keras Development
Information Technology,"Data Science, ML & AI Tools",Keras Configuration
Information Technology,"Data Science, ML & AI Tools",Keras Troubleshooting
Information Technology,"Data Science, ML & AI Tools",Keras Integration
Information Technology,"Data Science, ML & AI Tools",Keras Deployment
Information Technology,"Data Science, ML & AI Tools",Keras Security Hardening
Information Technology,"Data Science, ML & AI Tools",Keras Performance Optimization
Information Technology,"Data Science, ML & AI Tools",Keras Migration
Information Technology,"Data Science, ML & AI Tools",Keras Automation
Information Technology,"Data Science, ML & AI Tools",Keras Support & Maintenance
Information Technology,"Data Science, ML & AI Tools",Keras Monitoring
Information Technology,"Data Science, ML & AI Tools",Keras Architecture Design
Information Technology,"Data Science, ML & AI Tools",Keras Upgrade & Patching
Information Technology,"Data Science, ML & AI Tools",Keras Scripting
Information Technology,"Data Science, ML & AI Tools",Keras Best Practices
Information Technology,"Data Science, ML & AI Tools",Scikit-learn
Information Technology,"Data Science, ML & AI Tools",Scikit-learn Administration
Information Technology,"Data Science, ML & AI Tools",Scikit-learn Development
Information Technology,"Data Science, ML & AI Tools",Scikit-learn Configuration
Information Technology,"Data Science, ML & AI Tools",Scikit-learn Troubleshooting
Information Technology,"Data Science, ML & AI Tools",Scikit-learn Integration
Information Technology,"Data Science, ML & AI Tools",Scikit-learn Deployment
Information Technology,"Data Science, ML & AI Tools",Scikit-learn Security Hardening
Information Technology,"Data Science, ML & AI Tools",Scikit-learn Performance Optimization
Information Technology,"Data Science, ML & AI Tools",Scikit-learn Migration
Information Technology,"Data Science, ML & AI Tools",Scikit-learn Automation
Information Technology,"Data Science, ML & AI Tools",Scikit-learn Support & Maintenance
Information Technology,"Data Science, ML & AI Tools",Scikit-learn Monitoring
Information Technology,"Data Science, ML & AI Tools",Scikit-learn Architecture Design
Information Technology,"Data Science, ML & AI Tools",Scikit-learn Upgrade & Patching
Information Technology,"Data Science, ML & AI Tools",Scikit-learn Scripting
Information Technology,"Data Science, ML & AI Tools",Scikit-learn Best Practices
Information Technology,"Data Science, ML & AI Tools",Pandas
Information Technology,"Data Science, ML & AI Tools",Pandas Administration
Information Technology,"Data Science, ML & AI Tools",Pandas Development
Information Technology,"Data Science, ML & AI Tools",Pandas Configuration
Information Technology,"Data Science, ML & AI Tools",Pandas Troubleshooting
Information Technology,"Data Science, ML & AI Tools",Pandas Integration
Information Technology,"Data Science, ML & AI Tools",Pandas Deployment
Information Technology,"Data Science, ML & AI Tools",Pandas Security Hardening
Information Technology,"Data Science, ML & AI Tools",Pandas Performance Optimization
Information Technology,"Data Science, ML & AI Tools",Pandas Migration
Information Technology,"Data Science, ML & AI Tools",Pandas Automation
Information Technology,"Data Science, ML & AI Tools",Pandas Support & Maintenance
Information Technology,"Data Science, ML & AI Tools",Pandas Monitoring
Information Technology,"Data Science, ML & AI Tools",Pandas Architecture Design
Information Technology,"Data Science, ML & AI Tools",Pandas Upgrade & Patching
Information Technology,"Data Science, ML & AI Tools",Pandas Scripting
Information Technology,"Data Science, ML & AI Tools",Pandas Best Practices
Information Technology,"Data Science, ML & AI Tools",NumPy
Information Technology,"Data Science, ML & AI Tools",NumPy Administration
Information Technology,"Data Science, ML & AI Tools",NumPy Development
Information Technology,"Data Science, ML & AI Tools",NumPy Configuration
Information Technology,"Data Science, ML & AI Tools",NumPy Troubleshooting
Information Technology,"Data Science, ML & AI Tools",NumPy Integration
Information Technology,"Data Science, ML & AI Tools",NumPy Deployment
Information Technology,"Data Science, ML & AI Tools",NumPy Security Hardening
Information Technology,"Data Science, ML & AI Tools",NumPy Performance Optimization
Information Technology,"Data Science, ML & AI Tools",NumPy Migration
Information Technology,"Data Science, ML & AI Tools",NumPy Automation
Information Technology,"Data Science, ML & AI Tools",NumPy Support & Maintenance
Information Technology,"Data Science, ML & AI Tools",NumPy Monitoring
Information Technology,"Data Science, ML & AI Tools",NumPy Architecture Design
Information Technology,"Data Science, ML & AI Tools",NumPy Upgrade & Patching
Information Technology,"Data Science, ML & AI Tools",NumPy Scripting
Information Technology,"Data Science, ML & AI Tools",NumPy Best Practices
Information Technology,"Data Science, ML & AI Tools",SciPy
Information Technology,"Data Science, ML & AI Tools",SciPy Administration
Information Technology,"Data Science, ML & AI Tools",SciPy Development
Information Technology,"Data Science, ML & AI Tools",SciPy Configuration
Information Technology,"Data Science, ML & AI Tools",SciPy Troubleshooting
Information Technology,"Data Science, ML & AI Tools",SciPy Integration
Information Technology,"Data Science, ML & AI Tools",SciPy Deployment
Information Technology,"Data Science, ML & AI Tools",SciPy Security Hardening
Information Technology,"Data Science, ML & AI Tools",SciPy Performance Optimization
Information Technology,"Data Science, ML & AI Tools",SciPy Migration
Information Technology,"Data Science, ML & AI Tools",SciPy Automation
Information Technology,"Data Science, ML & AI Tools",SciPy Support & Maintenance
Information Technology,"Data Science, ML & AI Tools",SciPy Monitoring
Information Technology,"Data Science, ML & AI Tools",SciPy Architecture Design
Information Technology,"Data Science, ML & AI Tools",SciPy Upgrade & Patching
Information Technology,"Data Science, ML & AI Tools",SciPy Scripting
Information Technology,"Data Science, ML & AI Tools",SciPy Best Practices
Information Technology,"Data Science, ML & AI Tools",XGBoost
Information Technology,"Data Science, ML & AI Tools",XGBoost Administration
Information Technology,"Data Science, ML & AI Tools",XGBoost Development
Information Technology,"Data Science, ML & AI Tools",XGBoost Configuration
Information Technology,"Data Science, ML & AI Tools",XGBoost Troubleshooting
Information Technology,"Data Science, ML & AI Tools",XGBoost Integration
Information Technology,"Data Science, ML & AI Tools",XGBoost Deployment
Information Technology,"Data Science, ML & AI Tools",XGBoost Security Hardening
Information Technology,"Data Science, ML & AI Tools",XGBoost Performance Optimization
Information Technology,"Data Science, ML & AI Tools",XGBoost Migration
Information Technology,"Data Science, ML & AI Tools",XGBoost Automation
Information Technology,"Data Science, ML & AI Tools",XGBoost Support & Maintenance
Information Technology,"Data Science, ML & AI Tools",XGBoost Monitoring
Information Technology,"Data Science, ML & AI Tools",XGBoost Architecture Design
Information Technology,"Data Science, ML & AI Tools",XGBoost Upgrade & Patching
Information Technology,"Data Science, ML & AI Tools",XGBoost Scripting
Information Technology,"Data Science, ML & AI Tools",XGBoost Best Practices
Information Technology,"Data Science, ML & AI Tools",LightGBM
Information Technology,"Data Science, ML & AI Tools",LightGBM Administration
Information Technology,"Data Science, ML & AI Tools",LightGBM Development
Information Technology,"Data Science, ML & AI Tools",LightGBM Configuration
Information Technology,"Data Science, ML & AI Tools",LightGBM Troubleshooting
Information Technology,"Data Science, ML & AI Tools",LightGBM Integration
Information Technology,"Data Science, ML & AI Tools",LightGBM Deployment
Information Technology,"Data Science, ML & AI Tools",LightGBM Security Hardening
Information Technology,"Data Science, ML & AI Tools",LightGBM Performance Optimization
Information Technology,"Data Science, ML & AI Tools",LightGBM Migration
Information Technology,"Data Science, ML & AI Tools",LightGBM Automation
Information Technology,"Data Science, ML & AI Tools",LightGBM Support & Maintenance
Information Technology,"Data Science, ML & AI Tools",LightGBM Monitoring
Information Technology,"Data Science, ML & AI Tools",LightGBM Architecture Design
Information Technology,"Data Science, ML & AI Tools",LightGBM Upgrade & Patching
Information Technology,"Data Science, ML & AI Tools",LightGBM Scripting
Information Technology,"Data Science, ML & AI Tools",LightGBM Best Practices
Information Technology,"Data Science, ML & AI Tools",CatBoost
Information Technology,"Data Science, ML & AI Tools",CatBoost Administration
Information Technology,"Data Science, ML & AI Tools",CatBoost Development
Information Technology,"Data Science, ML & AI Tools",CatBoost Configuration
Information Technology,"Data Science, ML & AI Tools",CatBoost Troubleshooting
Information Technology,"Data Science, ML & AI Tools",CatBoost Integration
Information Technology,"Data Science, ML & AI Tools",CatBoost Deployment
Information Technology,"Data Science, ML & AI Tools",CatBoost Security Hardening
Information Technology,"Data Science, ML & AI Tools",CatBoost Performance Optimization
Information Technology,"Data Science, ML & AI Tools",CatBoost Migration
Information Technology,"Data Science, ML & AI Tools",CatBoost Automation
Information Technology,"Data Science, ML & AI Tools",CatBoost Support & Maintenance
Information Technology,"Data Science, ML & AI Tools",CatBoost Monitoring
Information Technology,"Data Science, ML & AI Tools",CatBoost Architecture Design
Information Technology,"Data Science, ML & AI Tools",CatBoost Upgrade & Patching
Information Technology,"Data Science, ML & AI Tools",CatBoost Scripting
Information Technology,"Data Science, ML & AI Tools",CatBoost Best Practices
Information Technology,"Data Science, ML & AI Tools",Hugging Face Transformers
Information Technology,"Data Science, ML & AI Tools",Hugging Face Transformers Administration
Information Technology,"Data Science, ML & AI Tools",Hugging Face Transformers Development
Information Technology,"Data Science, ML & AI Tools",Hugging Face Transformers Configuration
Information Technology,"Data Science, ML & AI Tools",Hugging Face Transformers Troubleshooting
Information Technology,"Data Science, ML & AI Tools",Hugging Face Transformers Integration
Information Technology,"Data Science, ML & AI Tools",Hugging Face Transformers Deployment
Information Technology,"Data Science, ML & AI Tools",Hugging Face Transformers Security Hardening
Information Technology,"Data Science, ML & AI Tools",Hugging Face Transformers Performance Optimization
Information Technology,"Data Science, ML & AI Tools",Hugging Face Transformers Migration
Information Technology,"Data Science, ML & AI Tools",Hugging Face Transformers Automation
Information Technology,"Data Science, ML & AI Tools",Hugging Face Transformers Support & Maintenance
Information Technology,"Data Science, ML & AI Tools",Hugging Face Transformers Monitoring
Information Technology,"Data Science, ML & AI Tools",Hugging Face Transformers Architecture Design
Information Technology,"Data Science, ML & AI Tools",Hugging Face Transformers Upgrade & Patching
Information Technology,"Data Science, ML & AI Tools",Hugging Face Transformers Scripting
Information Technology,"Data Science, ML & AI Tools",Hugging Face Transformers Best Practices
Information Technology,"Data Science, ML & AI Tools",OpenCV
Information Technology,"Data Science, ML & AI Tools",OpenCV Administration
Information Technology,"Data Science, ML & AI Tools",OpenCV Development
Information Technology,"Data Science, ML & AI Tools",OpenCV Configuration
Information Technology,"Data Science, ML & AI Tools",OpenCV Troubleshooting
Information Technology,"Data Science, ML & AI Tools",OpenCV Integration
Information Technology,"Data Science, ML & AI Tools",OpenCV Deployment
Information Technology,"Data Science, ML & AI Tools",OpenCV Security Hardening
Information Technology,"Data Science, ML & AI Tools",OpenCV Performance Optimization
Information Technology,"Data Science, ML & AI Tools",OpenCV Migration
Information Technology,"Data Science, ML & AI Tools",OpenCV Automation
Information Technology,"Data Science, ML & AI Tools",OpenCV Support & Maintenance
Information Technology,"Data Science, ML & AI Tools",OpenCV Monitoring
Information Technology,"Data Science, ML & AI Tools",OpenCV Architecture Design
Information Technology,"Data Science, ML & AI Tools",OpenCV Upgrade & Patching
Information Technology,"Data Science, ML & AI Tools",OpenCV Scripting
Information Technology,"Data Science, ML & AI Tools",OpenCV Best Practices
Information Technology,"Data Science, ML & AI Tools",NLTK
Information Technology,"Data Science, ML & AI Tools",NLTK Administration
Information Technology,"Data Science, ML & AI Tools",NLTK Development
Information Technology,"Data Science, ML & AI Tools",NLTK Configuration
Information Technology,"Data Science, ML & AI Tools",NLTK Troubleshooting
Information Technology,"Data Science, ML & AI Tools",NLTK Integration
Information Technology,"Data Science, ML & AI Tools",NLTK Deployment
Information Technology,"Data Science, ML & AI Tools",NLTK Security Hardening
Information Technology,"Data Science, ML & AI Tools",NLTK Performance Optimization
Information Technology,"Data Science, ML & AI Tools",NLTK Migration
Information Technology,"Data Science, ML & AI Tools",NLTK Automation
Information Technology,"Data Science, ML & AI Tools",NLTK Support & Maintenance
Information Technology,"Data Science, ML & AI Tools",NLTK Monitoring
Information Technology,"Data Science, ML & AI Tools",NLTK Architecture Design
Information Technology,"Data Science, ML & AI Tools",NLTK Upgrade & Patching
Information Technology,"Data Science, ML & AI Tools",NLTK Scripting
Information Technology,"Data Science, ML & AI Tools",NLTK Best Practices
Information Technology,"Data Science, ML & AI Tools",spaCy
Information Technology,"Data Science, ML & AI Tools",spaCy Administration
Information Technology,"Data Science, ML & AI Tools",spaCy Development
Information Technology,"Data Science, ML & AI Tools",spaCy Configuration
Information Technology,"Data Science, ML & AI Tools",spaCy Troubleshooting
Information Technology,"Data Science, ML & AI Tools",spaCy Integration
Information Technology,"Data Science, ML & AI Tools",spaCy Deployment
Information Technology,"Data Science, ML & AI Tools",spaCy Security Hardening
Information Technology,"Data Science, ML & AI Tools",spaCy Performance Optimization
Information Technology,"Data Science, ML & AI Tools",spaCy Migration
Information Technology,"Data Science, ML & AI Tools",spaCy Automation
Information Technology,"Data Science, ML & AI Tools",spaCy Support & Maintenance
Information Technology,"Data Science, ML & AI Tools",spaCy Monitoring
Information Technology,"Data Science, ML & AI Tools",spaCy Architecture Design
Information Technology,"Data Science, ML & AI Tools",spaCy Upgrade & Patching
Information Technology,"Data Science, ML & AI Tools",spaCy Scripting
Information Technology,"Data Science, ML & AI Tools",spaCy Best Practices
Information Technology,"Data Science, ML & AI Tools",Gensim
Information Technology,"Data Science, ML & AI Tools",Gensim Administration
Information Technology,"Data Science, ML & AI Tools",Gensim Development
Information Technology,"Data Science, ML & AI Tools",Gensim Configuration
Information Technology,"Data Science, ML & AI Tools",Gensim Troubleshooting
Information Technology,"Data Science, ML & AI Tools",Gensim Integration
Information Technology,"Data Science, ML & AI Tools",Gensim Deployment
Information Technology,"Data Science, ML & AI Tools",Gensim Security Hardening
Information Technology,"Data Science, ML & AI Tools",Gensim Performance Optimization
Information Technology,"Data Science, ML & AI Tools",Gensim Migration
Information Technology,"Data Science, ML & AI Tools",Gensim Automation
Information Technology,"Data Science, ML & AI Tools",Gensim Support & Maintenance
Information Technology,"Data Science, ML & AI Tools",Gensim Monitoring
Information Technology,"Data Science, ML & AI Tools",Gensim Architecture Design
Information Technology,"Data Science, ML & AI Tools",Gensim Upgrade & Patching
Information Technology,"Data Science, ML & AI Tools",Gensim Scripting
Information Technology,"Data Science, ML & AI Tools",Gensim Best Practices
Information Technology,"Data Science, ML & AI Tools",Matplotlib
Information Technology,"Data Science, ML & AI Tools",Matplotlib Administration
Information Technology,"Data Science, ML & AI Tools",Matplotlib Development
Information Technology,"Data Science, ML & AI Tools",Matplotlib Configuration
Information Technology,"Data Science, ML & AI Tools",Matplotlib Troubleshooting
Information Technology,"Data Science, ML & AI Tools",Matplotlib Integration
Information Technology,"Data Science, ML & AI Tools",Matplotlib Deployment
Information Technology,"Data Science, ML & AI Tools",Matplotlib Security Hardening
Information Technology,"Data Science, ML & AI Tools",Matplotlib Performance Optimization
Information Technology,"Data Science, ML & AI Tools",Matplotlib Migration
Information Technology,"Data Science, ML & AI Tools",Matplotlib Automation
Information Technology,"Data Science, ML & AI Tools",Matplotlib Support & Maintenance
Information Technology,"Data Science, ML & AI Tools",Matplotlib Monitoring
Information Technology,"Data Science, ML & AI Tools",Matplotlib Architecture Design
Information Technology,"Data Science, ML & AI Tools",Matplotlib Upgrade & Patching
Information Technology,"Data Science, ML & AI Tools",Matplotlib Scripting
Information Technology,"Data Science, ML & AI Tools",Matplotlib Best Practices
Information Technology,"Data Science, ML & AI Tools",Seaborn
Information Technology,"Data Science, ML & AI Tools",Seaborn Administration
Information Technology,"Data Science, ML & AI Tools",Seaborn Development
Information Technology,"Data Science, ML & AI Tools",Seaborn Configuration
Information Technology,"Data Science, ML & AI Tools",Seaborn Troubleshooting
Information Technology,"Data Science, ML & AI Tools",Seaborn Integration
Information Technology,"Data Science, ML & AI Tools",Seaborn Deployment
Information Technology,"Data Science, ML & AI Tools",Seaborn Security Hardening
Information Technology,"Data Science, ML & AI Tools",Seaborn Performance Optimization
Information Technology,"Data Science, ML & AI Tools",Seaborn Migration
Information Technology,"Data Science, ML & AI Tools",Seaborn Automation
Information Technology,"Data Science, ML & AI Tools",Seaborn Support & Maintenance
Information Technology,"Data Science, ML & AI Tools",Seaborn Monitoring
Information Technology,"Data Science, ML & AI Tools",Seaborn Architecture Design
Information Technology,"Data Science, ML & AI Tools",Seaborn Upgrade & Patching
Information Technology,"Data Science, ML & AI Tools",Seaborn Scripting
Information Technology,"Data Science, ML & AI Tools",Seaborn Best Practices
Information Technology,"Data Science, ML & AI Tools",Plotly
Information Technology,"Data Science, ML & AI Tools",Plotly Administration
Information Technology,"Data Science, ML & AI Tools",Plotly Development
Information Technology,"Data Science, ML & AI Tools",Plotly Configuration
Information Technology,"Data Science, ML & AI Tools",Plotly Troubleshooting
Information Technology,"Data Science, ML & AI Tools",Plotly Integration
Information Technology,"Data Science, ML & AI Tools",Plotly Deployment
Information Technology,"Data Science, ML & AI Tools",Plotly Security Hardening
Information Technology,"Data Science, ML & AI Tools",Plotly Performance Optimization
Information Technology,"Data Science, ML & AI Tools",Plotly Migration
Information Technology,"Data Science, ML & AI Tools",Plotly Automation
Information Technology,"Data Science, ML & AI Tools",Plotly Support & Maintenance
Information Technology,"Data Science, ML & AI Tools",Plotly Monitoring
Information Technology,"Data Science, ML & AI Tools",Plotly Architecture Design
Information Technology,"Data Science, ML & AI Tools",Plotly Upgrade & Patching
Information Technology,"Data Science, ML & AI Tools",Plotly Scripting
Information Technology,"Data Science, ML & AI Tools",Plotly Best Practices
Information Technology,"Data Science, ML & AI Tools",Jupyter Notebook
Information Technology,"Data Science, ML & AI Tools",Jupyter Notebook Administration
Information Technology,"Data Science, ML & AI Tools",Jupyter Notebook Development
Information Technology,"Data Science, ML & AI Tools",Jupyter Notebook Configuration
Information Technology,"Data Science, ML & AI Tools",Jupyter Notebook Troubleshooting
Information Technology,"Data Science, ML & AI Tools",Jupyter Notebook Integration
Information Technology,"Data Science, ML & AI Tools",Jupyter Notebook Deployment
Information Technology,"Data Science, ML & AI Tools",Jupyter Notebook Security Hardening
Information Technology,"Data Science, ML & AI Tools",Jupyter Notebook Performance Optimization
Information Technology,"Data Science, ML & AI Tools",Jupyter Notebook Migration
Information Technology,"Data Science, ML & AI Tools",Jupyter Notebook Automation
Information Technology,"Data Science, ML & AI Tools",Jupyter Notebook Support & Maintenance
Information Technology,"Data Science, ML & AI Tools",Jupyter Notebook Monitoring
Information Technology,"Data Science, ML & AI Tools",Jupyter Notebook Architecture Design
Information Technology,"Data Science, ML & AI Tools",Jupyter Notebook Upgrade & Patching
Information Technology,"Data Science, ML & AI Tools",Jupyter Notebook Scripting
Information Technology,"Data Science, ML & AI Tools",Jupyter Notebook Best Practices
Information Technology,"Data Science, ML & AI Tools",Apache Spark
Information Technology,"Data Science, ML & AI Tools",Apache Spark Administration
Information Technology,"Data Science, ML & AI Tools",Apache Spark Development
Information Technology,"Data Science, ML & AI Tools",Apache Spark Configuration
Information Technology,"Data Science, ML & AI Tools",Apache Spark Troubleshooting
Information Technology,"Data Science, ML & AI Tools",Apache Spark Integration
Information Technology,"Data Science, ML & AI Tools",Apache Spark Deployment
Information Technology,"Data Science, ML & AI Tools",Apache Spark Security Hardening
Information Technology,"Data Science, ML & AI Tools",Apache Spark Performance Optimization
Information Technology,"Data Science, ML & AI Tools",Apache Spark Migration
Information Technology,"Data Science, ML & AI Tools",Apache Spark Automation
Information Technology,"Data Science, ML & AI Tools",Apache Spark Support & Maintenance
Information Technology,"Data Science, ML & AI Tools",Apache Spark Monitoring
Information Technology,"Data Science, ML & AI Tools",Apache Spark Architecture Design
Information Technology,"Data Science, ML & AI Tools",Apache Spark Upgrade & Patching
Information Technology,"Data Science, ML & AI Tools",Apache Spark Scripting
Information Technology,"Data Science, ML & AI Tools",Apache Spark Best Practices
Information Technology,"Data Science, ML & AI Tools",Apache Hadoop
Information Technology,"Data Science, ML & AI Tools",Apache Hadoop Administration
Information Technology,"Data Science, ML & AI Tools",Apache Hadoop Development
Information Technology,"Data Science, ML & AI Tools",Apache Hadoop Configuration
Information Technology,"Data Science, ML & AI Tools",Apache Hadoop Troubleshooting
Information Technology,"Data Science, ML & AI Tools",Apache Hadoop Integration
Information Technology,"Data Science, ML & AI Tools",Apache Hadoop Deployment
Information Technology,"Data Science, ML & AI Tools",Apache Hadoop Security Hardening
Information Technology,"Data Science, ML & AI Tools",Apache Hadoop Performance Optimization
Information Technology,"Data Science, ML & AI Tools",Apache Hadoop Migration
Information Technology,"Data Science, ML & AI Tools",Apache Hadoop Automation
Information Technology,"Data Science, ML & AI Tools",Apache Hadoop Support & Maintenance
Information Technology,"Data Science, ML & AI Tools",Apache Hadoop Monitoring
Information Technology,"Data Science, ML & AI Tools",Apache Hadoop Architecture Design
Information Technology,"Data Science, ML & AI Tools",Apache Hadoop Upgrade & Patching
Information Technology,"Data Science, ML & AI Tools",Apache Hadoop Scripting
Information Technology,"Data Science, ML & AI Tools",Apache Hadoop Best Practices
Information Technology,"Data Science, ML & AI Tools",Apache Kafka
Information Technology,"Data Science, ML & AI Tools",Apache Kafka Administration
Information Technology,"Data Science, ML & AI Tools",Apache Kafka Development
Information Technology,"Data Science, ML & AI Tools",Apache Kafka Configuration
Information Technology,"Data Science, ML & AI Tools",Apache Kafka Troubleshooting
Information Technology,"Data Science, ML & AI Tools",Apache Kafka Integration
Information Technology,"Data Science, ML & AI Tools",Apache Kafka Deployment
Information Technology,"Data Science, ML & AI Tools",Apache Kafka Security Hardening
Information Technology,"Data Science, ML & AI Tools",Apache Kafka Performance Optimization
Information Technology,"Data Science, ML & AI Tools",Apache Kafka Migration
Information Technology,"Data Science, ML & AI Tools",Apache Kafka Automation
Information Technology,"Data Science, ML & AI Tools",Apache Kafka Support & Maintenance
Information Technology,"Data Science, ML & AI Tools",Apache Kafka Monitoring
Information Technology,"Data Science, ML & AI Tools",Apache Kafka Architecture Design
Information Technology,"Data Science, ML & AI Tools",Apache Kafka Upgrade & Patching
Information Technology,"Data Science, ML & AI Tools",Apache Kafka Scripting
Information Technology,"Data Science, ML & AI Tools",Apache Kafka Best Practices
Information Technology,"Data Science, ML & AI Tools",Apache Flink
Information Technology,"Data Science, ML & AI Tools",Apache Flink Administration
Information Technology,"Data Science, ML & AI Tools",Apache Flink Development
Information Technology,"Data Science, ML & AI Tools",Apache Flink Configuration
Information Technology,"Data Science, ML & AI Tools",Apache Flink Troubleshooting
Information Technology,"Data Science, ML & AI Tools",Apache Flink Integration
Information Technology,"Data Science, ML & AI Tools",Apache Flink Deployment
Information Technology,"Data Science, ML & AI Tools",Apache Flink Security Hardening
Information Technology,"Data Science, ML & AI Tools",Apache Flink Performance Optimization
Information Technology,"Data Science, ML & AI Tools",Apache Flink Migration
Information Technology,"Data Science, ML & AI Tools",Apache Flink Automation
Information Technology,"Data Science, ML & AI Tools",Apache Flink Support & Maintenance
Information Technology,"Data Science, ML & AI Tools",Apache Flink Monitoring
Information Technology,"Data Science, ML & AI Tools",Apache Flink Architecture Design
Information Technology,"Data Science, ML & AI Tools",Apache Flink Upgrade & Patching
Information Technology,"Data Science, ML & AI Tools",Apache Flink Scripting
Information Technology,"Data Science, ML & AI Tools",Apache Flink Best Practices
Information Technology,"Data Science, ML & AI Tools",Apache Airflow
Information Technology,"Data Science, ML & AI Tools",Apache Airflow Administration
Information Technology,"Data Science, ML & AI Tools",Apache Airflow Development
Information Technology,"Data Science, ML & AI Tools",Apache Airflow Configuration
Information Technology,"Data Science, ML & AI Tools",Apache Airflow Troubleshooting
Information Technology,"Data Science, ML & AI Tools",Apache Airflow Integration
Information Technology,"Data Science, ML & AI Tools",Apache Airflow Deployment
Information Technology,"Data Science, ML & AI Tools",Apache Airflow Security Hardening
Information Technology,"Data Science, ML & AI Tools",Apache Airflow Performance Optimization
Information Technology,"Data Science, ML & AI Tools",Apache Airflow Migration
Information Technology,"Data Science, ML & AI Tools",Apache Airflow Automation
Information Technology,"Data Science, ML & AI Tools",Apache Airflow Support & Maintenance
Information Technology,"Data Science, ML & AI Tools",Apache Airflow Monitoring
Information Technology,"Data Science, ML & AI Tools",Apache Airflow Architecture Design
Information Technology,"Data Science, ML & AI Tools",Apache Airflow Upgrade & Patching
Information Technology,"Data Science, ML & AI Tools",Apache Airflow Scripting
Information Technology,"Data Science, ML & AI Tools",Apache Airflow Best Practices
Information Technology,"Data Science, ML & AI Tools",Apache NiFi
Information Technology,"Data Science, ML & AI Tools",Apache NiFi Administration
Information Technology,"Data Science, ML & AI Tools",Apache NiFi Development
Information Technology,"Data Science, ML & AI Tools",Apache NiFi Configuration
Information Technology,"Data Science, ML & AI Tools",Apache NiFi Troubleshooting
Information Technology,"Data Science, ML & AI Tools",Apache NiFi Integration
Information Technology,"Data Science, ML & AI Tools",Apache NiFi Deployment
Information Technology,"Data Science, ML & AI Tools",Apache NiFi Security Hardening
Information Technology,"Data Science, ML & AI Tools",Apache NiFi Performance Optimization
Information Technology,"Data Science, ML & AI Tools",Apache NiFi Migration
Information Technology,"Data Science, ML & AI Tools",Apache NiFi Automation
Information Technology,"Data Science, ML & AI Tools",Apache NiFi Support & Maintenance
Information Technology,"Data Science, ML & AI Tools",Apache NiFi Monitoring
Information Technology,"Data Science, ML & AI Tools",Apache NiFi Architecture Design
Information Technology,"Data Science, ML & AI Tools",Apache NiFi Upgrade & Patching
Information Technology,"Data Science, ML & AI Tools",Apache NiFi Scripting
Information Technology,"Data Science, ML & AI Tools",Apache NiFi Best Practices
Information Technology,"Data Science, ML & AI Tools",MLflow
Information Technology,"Data Science, ML & AI Tools",MLflow Administration
Information Technology,"Data Science, ML & AI Tools",MLflow Development
Information Technology,"Data Science, ML & AI Tools",MLflow Configuration
Information Technology,"Data Science, ML & AI Tools",MLflow Troubleshooting
Information Technology,"Data Science, ML & AI Tools",MLflow Integration
Information Technology,"Data Science, ML & AI Tools",MLflow Deployment
Information Technology,"Data Science, ML & AI Tools",MLflow Security Hardening
Information Technology,"Data Science, ML & AI Tools",MLflow Performance Optimization
Information Technology,"Data Science, ML & AI Tools",MLflow Migration
Information Technology,"Data Science, ML & AI Tools",MLflow Automation
Information Technology,"Data Science, ML & AI Tools",MLflow Support & Maintenance
Information Technology,"Data Science, ML & AI Tools",MLflow Monitoring
Information Technology,"Data Science, ML & AI Tools",MLflow Architecture Design
Information Technology,"Data Science, ML & AI Tools",MLflow Upgrade & Patching
Information Technology,"Data Science, ML & AI Tools",MLflow Scripting
Information Technology,"Data Science, ML & AI Tools",MLflow Best Practices
Information Technology,"Data Science, ML & AI Tools",Kubeflow
Information Technology,"Data Science, ML & AI Tools",Kubeflow Administration
Information Technology,"Data Science, ML & AI Tools",Kubeflow Development
Information Technology,"Data Science, ML & AI Tools",Kubeflow Configuration
Information Technology,"Data Science, ML & AI Tools",Kubeflow Troubleshooting
Information Technology,"Data Science, ML & AI Tools",Kubeflow Integration
Information Technology,"Data Science, ML & AI Tools",Kubeflow Deployment
Information Technology,"Data Science, ML & AI Tools",Kubeflow Security Hardening
Information Technology,"Data Science, ML & AI Tools",Kubeflow Performance Optimization
Information Technology,"Data Science, ML & AI Tools",Kubeflow Migration
Information Technology,"Data Science, ML & AI Tools",Kubeflow Automation
Information Technology,"Data Science, ML & AI Tools",Kubeflow Support & Maintenance
Information Technology,"Data Science, ML & AI Tools",Kubeflow Monitoring
Information Technology,"Data Science, ML & AI Tools",Kubeflow Architecture Design
Information Technology,"Data Science, ML & AI Tools",Kubeflow Upgrade & Patching
Information Technology,"Data Science, ML & AI Tools",Kubeflow Scripting
Information Technology,"Data Science, ML & AI Tools",Kubeflow Best Practices
Information Technology,"Data Science, ML & AI Tools",DVC
Information Technology,"Data Science, ML & AI Tools",DVC Administration
Information Technology,"Data Science, ML & AI Tools",DVC Development
Information Technology,"Data Science, ML & AI Tools",DVC Configuration
Information Technology,"Data Science, ML & AI Tools",DVC Troubleshooting
Information Technology,"Data Science, ML & AI Tools",DVC Integration
Information Technology,"Data Science, ML & AI Tools",DVC Deployment
Information Technology,"Data Science, ML & AI Tools",DVC Security Hardening
Information Technology,"Data Science, ML & AI Tools",DVC Performance Optimization
Information Technology,"Data Science, ML & AI Tools",DVC Migration
Information Technology,"Data Science, ML & AI Tools",DVC Automation
Information Technology,"Data Science, ML & AI Tools",DVC Support & Maintenance
Information Technology,"Data Science, ML & AI Tools",DVC Monitoring
Information Technology,"Data Science, ML & AI Tools",DVC Architecture Design
Information Technology,"Data Science, ML & AI Tools",DVC Upgrade & Patching
Information Technology,"Data Science, ML & AI Tools",DVC Scripting
Information Technology,"Data Science, ML & AI Tools",DVC Best Practices
Information Technology,"Data Science, ML & AI Tools",Weights & Biases
Information Technology,"Data Science, ML & AI Tools",Weights & Biases Administration
Information Technology,"Data Science, ML & AI Tools",Weights & Biases Development
Information Technology,"Data Science, ML & AI Tools",Weights & Biases Configuration
Information Technology,"Data Science, ML & AI Tools",Weights & Biases Troubleshooting
Information Technology,"Data Science, ML & AI Tools",Weights & Biases Integration
Information Technology,"Data Science, ML & AI Tools",Weights & Biases Deployment
Information Technology,"Data Science, ML & AI Tools",Weights & Biases Security Hardening
Information Technology,"Data Science, ML & AI Tools",Weights & Biases Performance Optimization
Information Technology,"Data Science, ML & AI Tools",Weights & Biases Migration
Information Technology,"Data Science, ML & AI Tools",Weights & Biases Automation
Information Technology,"Data Science, ML & AI Tools",Weights & Biases Support & Maintenance
Information Technology,"Data Science, ML & AI Tools",Weights & Biases Monitoring
Information Technology,"Data Science, ML & AI Tools",Weights & Biases Architecture Design
Information Technology,"Data Science, ML & AI Tools",Weights & Biases Upgrade & Patching
Information Technology,"Data Science, ML & AI Tools",Weights & Biases Scripting
Information Technology,"Data Science, ML & AI Tools",Weights & Biases Best Practices
Information Technology,"Data Science, ML & AI Tools",LangChain
Information Technology,"Data Science, ML & AI Tools",LangChain Administration
Information Technology,"Data Science, ML & AI Tools",LangChain Development
Information Technology,"Data Science, ML & AI Tools",LangChain Configuration
Information Technology,"Data Science, ML & AI Tools",LangChain Troubleshooting
Information Technology,"Data Science, ML & AI Tools",LangChain Integration
Information Technology,"Data Science, ML & AI Tools",LangChain Deployment
Information Technology,"Data Science, ML & AI Tools",LangChain Security Hardening
Information Technology,"Data Science, ML & AI Tools",LangChain Performance Optimization
Information Technology,"Data Science, ML & AI Tools",LangChain Migration
Information Technology,"Data Science, ML & AI Tools",LangChain Automation
Information Technology,"Data Science, ML & AI Tools",LangChain Support & Maintenance
Information Technology,"Data Science, ML & AI Tools",LangChain Monitoring
Information Technology,"Data Science, ML & AI Tools",LangChain Architecture Design
Information Technology,"Data Science, ML & AI Tools",LangChain Upgrade & Patching
Information Technology,"Data Science, ML & AI Tools",LangChain Scripting
Information Technology,"Data Science, ML & AI Tools",LangChain Best Practices
Information Technology,"Data Science, ML & AI Tools",LlamaIndex
Information Technology,"Data Science, ML & AI Tools",LlamaIndex Administration
Information Technology,"Data Science, ML & AI Tools",LlamaIndex Development
Information Technology,"Data Science, ML & AI Tools",LlamaIndex Configuration
Information Technology,"Data Science, ML & AI Tools",LlamaIndex Troubleshooting
Information Technology,"Data Science, ML & AI Tools",LlamaIndex Integration
Information Technology,"Data Science, ML & AI Tools",LlamaIndex Deployment
Information Technology,"Data Science, ML & AI Tools",LlamaIndex Security Hardening
Information Technology,"Data Science, ML & AI Tools",LlamaIndex Performance Optimization
Information Technology,"Data Science, ML & AI Tools",LlamaIndex Migration
Information Technology,"Data Science, ML & AI Tools",LlamaIndex Automation
Information Technology,"Data Science, ML & AI Tools",LlamaIndex Support & Maintenance
Information Technology,"Data Science, ML & AI Tools",LlamaIndex Monitoring
Information Technology,"Data Science, ML & AI Tools",LlamaIndex Architecture Design
Information Technology,"Data Science, ML & AI Tools",LlamaIndex Upgrade & Patching
Information Technology,"Data Science, ML & AI Tools",LlamaIndex Scripting
Information Technology,"Data Science, ML & AI Tools",LlamaIndex Best Practices
Information Technology,"Data Science, ML & AI Tools",OpenAI API
Information Technology,"Data Science, ML & AI Tools",OpenAI API Administration
Information Technology,"Data Science, ML & AI Tools",OpenAI API Development
Information Technology,"Data Science, ML & AI Tools",OpenAI API Configuration
Information Technology,"Data Science, ML & AI Tools",OpenAI API Troubleshooting
Information Technology,"Data Science, ML & AI Tools",OpenAI API Integration
Information Technology,"Data Science, ML & AI Tools",OpenAI API Deployment
Information Technology,"Data Science, ML & AI Tools",OpenAI API Security Hardening
Information Technology,"Data Science, ML & AI Tools",OpenAI API Performance Optimization
Information Technology,"Data Science, ML & AI Tools",OpenAI API Migration
Information Technology,"Data Science, ML & AI Tools",OpenAI API Automation
Information Technology,"Data Science, ML & AI Tools",OpenAI API Support & Maintenance
Information Technology,"Data Science, ML & AI Tools",OpenAI API Monitoring
Information Technology,"Data Science, ML & AI Tools",OpenAI API Architecture Design
Information Technology,"Data Science, ML & AI Tools",OpenAI API Upgrade & Patching
Information Technology,"Data Science, ML & AI Tools",OpenAI API Scripting
Information Technology,"Data Science, ML & AI Tools",OpenAI API Best Practices
Information Technology,"Data Science, ML & AI Tools",Anthropic Claude API
Information Technology,"Data Science, ML & AI Tools",Anthropic Claude API Administration
Information Technology,"Data Science, ML & AI Tools",Anthropic Claude API Development
Information Technology,"Data Science, ML & AI Tools",Anthropic Claude API Configuration
Information Technology,"Data Science, ML & AI Tools",Anthropic Claude API Troubleshooting
Information Technology,"Data Science, ML & AI Tools",Anthropic Claude API Integration
Information Technology,"Data Science, ML & AI Tools",Anthropic Claude API Deployment
Information Technology,"Data Science, ML & AI Tools",Anthropic Claude API Security Hardening
Information Technology,"Data Science, ML & AI Tools",Anthropic Claude API Performance Optimization
Information Technology,"Data Science, ML & AI Tools",Anthropic Claude API Migration
Information Technology,"Data Science, ML & AI Tools",Anthropic Claude API Automation
Information Technology,"Data Science, ML & AI Tools",Anthropic Claude API Support & Maintenance
Information Technology,"Data Science, ML & AI Tools",Anthropic Claude API Monitoring
Information Technology,"Data Science, ML & AI Tools",Anthropic Claude API Architecture Design
Information Technology,"Data Science, ML & AI Tools",Anthropic Claude API Upgrade & Patching
Information Technology,"Data Science, ML & AI Tools",Anthropic Claude API Scripting
Information Technology,"Data Science, ML & AI Tools",Anthropic Claude API Best Practices
Information Technology,"Data Science, ML & AI Tools",Power BI
Information Technology,"Data Science, ML & AI Tools",Power BI Administration
Information Technology,"Data Science, ML & AI Tools",Power BI Development
Information Technology,"Data Science, ML & AI Tools",Power BI Configuration
Information Technology,"Data Science, ML & AI Tools",Power BI Troubleshooting
Information Technology,"Data Science, ML & AI Tools",Power BI Integration
Information Technology,"Data Science, ML & AI Tools",Power BI Deployment
Information Technology,"Data Science, ML & AI Tools",Power BI Security Hardening
Information Technology,"Data Science, ML & AI Tools",Power BI Performance Optimization
Information Technology,"Data Science, ML & AI Tools",Power BI Migration
Information Technology,"Data Science, ML & AI Tools",Power BI Automation
Information Technology,"Data Science, ML & AI Tools",Power BI Support & Maintenance
Information Technology,"Data Science, ML & AI Tools",Power BI Monitoring
Information Technology,"Data Science, ML & AI Tools",Power BI Architecture Design
Information Technology,"Data Science, ML & AI Tools",Power BI Upgrade & Patching
Information Technology,"Data Science, ML & AI Tools",Power BI Scripting
Information Technology,"Data Science, ML & AI Tools",Power BI Best Practices
Information Technology,"Data Science, ML & AI Tools",Tableau
Information Technology,"Data Science, ML & AI Tools",Tableau Administration
Information Technology,"Data Science, ML & AI Tools",Tableau Development
Information Technology,"Data Science, ML & AI Tools",Tableau Configuration
Information Technology,"Data Science, ML & AI Tools",Tableau Troubleshooting
Information Technology,"Data Science, ML & AI Tools",Tableau Integration
Information Technology,"Data Science, ML & AI Tools",Tableau Deployment
Information Technology,"Data Science, ML & AI Tools",Tableau Security Hardening
Information Technology,"Data Science, ML & AI Tools",Tableau Performance Optimization
Information Technology,"Data Science, ML & AI Tools",Tableau Migration
Information Technology,"Data Science, ML & AI Tools",Tableau Automation
Information Technology,"Data Science, ML & AI Tools",Tableau Support & Maintenance
Information Technology,"Data Science, ML & AI Tools",Tableau Monitoring
Information Technology,"Data Science, ML & AI Tools",Tableau Architecture Design
Information Technology,"Data Science, ML & AI Tools",Tableau Upgrade & Patching
Information Technology,"Data Science, ML & AI Tools",Tableau Scripting
Information Technology,"Data Science, ML & AI Tools",Tableau Best Practices
Information Technology,"Data Science, ML & AI Tools",Looker
Information Technology,"Data Science, ML & AI Tools",Looker Administration
Information Technology,"Data Science, ML & AI Tools",Looker Development
Information Technology,"Data Science, ML & AI Tools",Looker Configuration
Information Technology,"Data Science, ML & AI Tools",Looker Troubleshooting
Information Technology,"Data Science, ML & AI Tools",Looker Integration
Information Technology,"Data Science, ML & AI Tools",Looker Deployment
Information Technology,"Data Science, ML & AI Tools",Looker Security Hardening
Information Technology,"Data Science, ML & AI Tools",Looker Performance Optimization
Information Technology,"Data Science, ML & AI Tools",Looker Migration
Information Technology,"Data Science, ML & AI Tools",Looker Automation
Information Technology,"Data Science, ML & AI Tools",Looker Support & Maintenance
Information Technology,"Data Science, ML & AI Tools",Looker Monitoring
Information Technology,"Data Science, ML & AI Tools",Looker Architecture Design
Information Technology,"Data Science, ML & AI Tools",Looker Upgrade & Patching
Information Technology,"Data Science, ML & AI Tools",Looker Scripting
Information Technology,"Data Science, ML & AI Tools",Looker Best Practices
Information Technology,"Data Science, ML & AI Tools",QlikView
Information Technology,"Data Science, ML & AI Tools",QlikView Administration
Information Technology,"Data Science, ML & AI Tools",QlikView Development
Information Technology,"Data Science, ML & AI Tools",QlikView Configuration
Information Technology,"Data Science, ML & AI Tools",QlikView Troubleshooting
Information Technology,"Data Science, ML & AI Tools",QlikView Integration
Information Technology,"Data Science, ML & AI Tools",QlikView Deployment
Information Technology,"Data Science, ML & AI Tools",QlikView Security Hardening
Information Technology,"Data Science, ML & AI Tools",QlikView Performance Optimization
Information Technology,"Data Science, ML & AI Tools",QlikView Migration
Information Technology,"Data Science, ML & AI Tools",QlikView Automation
Information Technology,"Data Science, ML & AI Tools",QlikView Support & Maintenance
Information Technology,"Data Science, ML & AI Tools",QlikView Monitoring
Information Technology,"Data Science, ML & AI Tools",QlikView Architecture Design
Information Technology,"Data Science, ML & AI Tools",QlikView Upgrade & Patching
Information Technology,"Data Science, ML & AI Tools",QlikView Scripting
Information Technology,"Data Science, ML & AI Tools",QlikView Best Practices
Information Technology,"Data Science, ML & AI Tools",Google Data Studio
Information Technology,"Data Science, ML & AI Tools",Google Data Studio Administration
Information Technology,"Data Science, ML & AI Tools",Google Data Studio Development
Information Technology,"Data Science, ML & AI Tools",Google Data Studio Configuration
Information Technology,"Data Science, ML & AI Tools",Google Data Studio Troubleshooting
Information Technology,"Data Science, ML & AI Tools",Google Data Studio Integration
Information Technology,"Data Science, ML & AI Tools",Google Data Studio Deployment
Information Technology,"Data Science, ML & AI Tools",Google Data Studio Security Hardening
Information Technology,"Data Science, ML & AI Tools",Google Data Studio Performance Optimization
Information Technology,"Data Science, ML & AI Tools",Google Data Studio Migration
Information Technology,"Data Science, ML & AI Tools",Google Data Studio Automation
Information Technology,"Data Science, ML & AI Tools",Google Data Studio Support & Maintenance
Information Technology,"Data Science, ML & AI Tools",Google Data Studio Monitoring
Information Technology,"Data Science, ML & AI Tools",Google Data Studio Architecture Design
Information Technology,"Data Science, ML & AI Tools",Google Data Studio Upgrade & Patching
Information Technology,"Data Science, ML & AI Tools",Google Data Studio Scripting
Information Technology,"Data Science, ML & AI Tools",Google Data Studio Best Practices
Information Technology,"Data Science, ML & AI Tools",Vector Databases
Information Technology,"Data Science, ML & AI Tools",Vector Databases Administration
Information Technology,"Data Science, ML & AI Tools",Vector Databases Development
Information Technology,"Data Science, ML & AI Tools",Vector Databases Configuration
Information Technology,"Data Science, ML & AI Tools",Vector Databases Troubleshooting
Information Technology,"Data Science, ML & AI Tools",Vector Databases Integration
Information Technology,"Data Science, ML & AI Tools",Vector Databases Deployment
Information Technology,"Data Science, ML & AI Tools",Vector Databases Security Hardening
Information Technology,"Data Science, ML & AI Tools",Vector Databases Performance Optimization
Information Technology,"Data Science, ML & AI Tools",Vector Databases Migration
Information Technology,"Data Science, ML & AI Tools",Vector Databases Automation
Information Technology,"Data Science, ML & AI Tools",Vector Databases Support & Maintenance
Information Technology,"Data Science, ML & AI Tools",Vector Databases Monitoring
Information Technology,"Data Science, ML & AI Tools",Vector Databases Architecture Design
Information Technology,"Data Science, ML & AI Tools",Vector Databases Upgrade & Patching
Information Technology,"Data Science, ML & AI Tools",Vector Databases Scripting
Information Technology,"Data Science, ML & AI Tools",Vector Databases Best Practices
Information Technology,"Data Science, ML & AI Tools",Pinecone
Information Technology,"Data Science, ML & AI Tools",Pinecone Administration
Information Technology,"Data Science, ML & AI Tools",Pinecone Development
Information Technology,"Data Science, ML & AI Tools",Pinecone Configuration
Information Technology,"Data Science, ML & AI Tools",Pinecone Troubleshooting
Information Technology,"Data Science, ML & AI Tools",Pinecone Integration
Information Technology,"Data Science, ML & AI Tools",Pinecone Deployment
Information Technology,"Data Science, ML & AI Tools",Pinecone Security Hardening
Information Technology,"Data Science, ML & AI Tools",Pinecone Performance Optimization
Information Technology,"Data Science, ML & AI Tools",Pinecone Migration
Information Technology,"Data Science, ML & AI Tools",Pinecone Automation
Information Technology,"Data Science, ML & AI Tools",Pinecone Support & Maintenance
Information Technology,"Data Science, ML & AI Tools",Pinecone Monitoring
Information Technology,"Data Science, ML & AI Tools",Pinecone Architecture Design
Information Technology,"Data Science, ML & AI Tools",Pinecone Upgrade & Patching
Information Technology,"Data Science, ML & AI Tools",Pinecone Scripting
Information Technology,"Data Science, ML & AI Tools",Pinecone Best Practices
Information Technology,"Data Science, ML & AI Tools",Weaviate
Information Technology,"Data Science, ML & AI Tools",Weaviate Administration
Information Technology,"Data Science, ML & AI Tools",Weaviate Development
Information Technology,"Data Science, ML & AI Tools",Weaviate Configuration
Information Technology,"Data Science, ML & AI Tools",Weaviate Troubleshooting
Information Technology,"Data Science, ML & AI Tools",Weaviate Integration
Information Technology,"Data Science, ML & AI Tools",Weaviate Deployment
Information Technology,"Data Science, ML & AI Tools",Weaviate Security Hardening
Information Technology,"Data Science, ML & AI Tools",Weaviate Performance Optimization
Information Technology,"Data Science, ML & AI Tools",Weaviate Migration
Information Technology,"Data Science, ML & AI Tools",Weaviate Automation
Information Technology,"Data Science, ML & AI Tools",Weaviate Support & Maintenance
Information Technology,"Data Science, ML & AI Tools",Weaviate Monitoring
Information Technology,"Data Science, ML & AI Tools",Weaviate Architecture Design
Information Technology,"Data Science, ML & AI Tools",Weaviate Upgrade & Patching
Information Technology,"Data Science, ML & AI Tools",Weaviate Scripting
Information Technology,"Data Science, ML & AI Tools",Weaviate Best Practices
Information Technology,"Data Science, ML & AI Tools",Milvus
Information Technology,"Data Science, ML & AI Tools",Milvus Administration
Information Technology,"Data Science, ML & AI Tools",Milvus Development
Information Technology,"Data Science, ML & AI Tools",Milvus Configuration
Information Technology,"Data Science, ML & AI Tools",Milvus Troubleshooting
Information Technology,"Data Science, ML & AI Tools",Milvus Integration
Information Technology,"Data Science, ML & AI Tools",Milvus Deployment
Information Technology,"Data Science, ML & AI Tools",Milvus Security Hardening
Information Technology,"Data Science, ML & AI Tools",Milvus Performance Optimization
Information Technology,"Data Science, ML & AI Tools",Milvus Migration
Information Technology,"Data Science, ML & AI Tools",Milvus Automation
Information Technology,"Data Science, ML & AI Tools",Milvus Support & Maintenance
Information Technology,"Data Science, ML & AI Tools",Milvus Monitoring
Information Technology,"Data Science, ML & AI Tools",Milvus Architecture Design
Information Technology,"Data Science, ML & AI Tools",Milvus Upgrade & Patching
Information Technology,"Data Science, ML & AI Tools",Milvus Scripting
Information Technology,"Data Science, ML & AI Tools",Milvus Best Practices
Information Technology,"Data Science, ML & AI Tools",Chroma DB
Information Technology,"Data Science, ML & AI Tools",Chroma DB Administration
Information Technology,"Data Science, ML & AI Tools",Chroma DB Development
Information Technology,"Data Science, ML & AI Tools",Chroma DB Configuration
Information Technology,"Data Science, ML & AI Tools",Chroma DB Troubleshooting
Information Technology,"Data Science, ML & AI Tools",Chroma DB Integration
Information Technology,"Data Science, ML & AI Tools",Chroma DB Deployment
Information Technology,"Data Science, ML & AI Tools",Chroma DB Security Hardening
Information Technology,"Data Science, ML & AI Tools",Chroma DB Performance Optimization
Information Technology,"Data Science, ML & AI Tools",Chroma DB Migration
Information Technology,"Data Science, ML & AI Tools",Chroma DB Automation
Information Technology,"Data Science, ML & AI Tools",Chroma DB Support & Maintenance
Information Technology,"Data Science, ML & AI Tools",Chroma DB Monitoring
Information Technology,"Data Science, ML & AI Tools",Chroma DB Architecture Design
Information Technology,"Data Science, ML & AI Tools",Chroma DB Upgrade & Patching
Information Technology,"Data Science, ML & AI Tools",Chroma DB Scripting
Information Technology,"Data Science, ML & AI Tools",Chroma DB Best Practices
Information Technology,"Data Science, ML & AI Tools",Ray Framework
Information Technology,"Data Science, ML & AI Tools",Ray Framework Administration
Information Technology,"Data Science, ML & AI Tools",Ray Framework Development
Information Technology,"Data Science, ML & AI Tools",Ray Framework Configuration
Information Technology,"Data Science, ML & AI Tools",Ray Framework Troubleshooting
Information Technology,"Data Science, ML & AI Tools",Ray Framework Integration
Information Technology,"Data Science, ML & AI Tools",Ray Framework Deployment
Information Technology,"Data Science, ML & AI Tools",Ray Framework Security Hardening
Information Technology,"Data Science, ML & AI Tools",Ray Framework Performance Optimization
Information Technology,"Data Science, ML & AI Tools",Ray Framework Migration
Information Technology,"Data Science, ML & AI Tools",Ray Framework Automation
Information Technology,"Data Science, ML & AI Tools",Ray Framework Support & Maintenance
Information Technology,"Data Science, ML & AI Tools",Ray Framework Monitoring
Information Technology,"Data Science, ML & AI Tools",Ray Framework Architecture Design
Information Technology,"Data Science, ML & AI Tools",Ray Framework Upgrade & Patching
Information Technology,"Data Science, ML & AI Tools",Ray Framework Scripting
Information Technology,"Data Science, ML & AI Tools",Ray Framework Best Practices
Information Technology,"Data Science, ML & AI Tools",Dask
Information Technology,"Data Science, ML & AI Tools",Dask Administration
Information Technology,"Data Science, ML & AI Tools",Dask Development
Information Technology,"Data Science, ML & AI Tools",Dask Configuration
Information Technology,"Data Science, ML & AI Tools",Dask Troubleshooting
Information Technology,"Data Science, ML & AI Tools",Dask Integration
Information Technology,"Data Science, ML & AI Tools",Dask Deployment
Information Technology,"Data Science, ML & AI Tools",Dask Security Hardening
Information Technology,"Data Science, ML & AI Tools",Dask Performance Optimization
Information Technology,"Data Science, ML & AI Tools",Dask Migration
Information Technology,"Data Science, ML & AI Tools",Dask Automation
Information Technology,"Data Science, ML & AI Tools",Dask Support & Maintenance
Information Technology,"Data Science, ML & AI Tools",Dask Monitoring
Information Technology,"Data Science, ML & AI Tools",Dask Architecture Design
Information Technology,"Data Science, ML & AI Tools",Dask Upgrade & Patching
Information Technology,"Data Science, ML & AI Tools",Dask Scripting
Information Technology,"Data Science, ML & AI Tools",Dask Best Practices
Information Technology,"Data Science, ML & AI Tools",Optuna
Information Technology,"Data Science, ML & AI Tools",Optuna Administration
Information Technology,"Data Science, ML & AI Tools",Optuna Development
Information Technology,"Data Science, ML & AI Tools",Optuna Configuration
Information Technology,"Data Science, ML & AI Tools",Optuna Troubleshooting
Information Technology,"Data Science, ML & AI Tools",Optuna Integration
Information Technology,"Data Science, ML & AI Tools",Optuna Deployment
Information Technology,"Data Science, ML & AI Tools",Optuna Security Hardening
Information Technology,"Data Science, ML & AI Tools",Optuna Performance Optimization
Information Technology,"Data Science, ML & AI Tools",Optuna Migration
Information Technology,"Data Science, ML & AI Tools",Optuna Automation
Information Technology,"Data Science, ML & AI Tools",Optuna Support & Maintenance
Information Technology,"Data Science, ML & AI Tools",Optuna Monitoring
Information Technology,"Data Science, ML & AI Tools",Optuna Architecture Design
Information Technology,"Data Science, ML & AI Tools",Optuna Upgrade & Patching
Information Technology,"Data Science, ML & AI Tools",Optuna Scripting
Information Technology,"Data Science, ML & AI Tools",Optuna Best Practices
Information Technology,"Data Science, ML & AI Tools",H2O.ai
Information Technology,"Data Science, ML & AI Tools",H2O.ai Administration
Information Technology,"Data Science, ML & AI Tools",H2O.ai Development
Information Technology,"Data Science, ML & AI Tools",H2O.ai Configuration
Information Technology,"Data Science, ML & AI Tools",H2O.ai Troubleshooting
Information Technology,"Data Science, ML & AI Tools",H2O.ai Integration
Information Technology,"Data Science, ML & AI Tools",H2O.ai Deployment
Information Technology,"Data Science, ML & AI Tools",H2O.ai Security Hardening
Information Technology,"Data Science, ML & AI Tools",H2O.ai Performance Optimization
Information Technology,"Data Science, ML & AI Tools",H2O.ai Migration
Information Technology,"Data Science, ML & AI Tools",H2O.ai Automation
Information Technology,"Data Science, ML & AI Tools",H2O.ai Support & Maintenance
Information Technology,"Data Science, ML & AI Tools",H2O.ai Monitoring
Information Technology,"Data Science, ML & AI Tools",H2O.ai Architecture Design
Information Technology,"Data Science, ML & AI Tools",H2O.ai Upgrade & Patching
Information Technology,"Data Science, ML & AI Tools",H2O.ai Scripting
Information Technology,"Data Science, ML & AI Tools",H2O.ai Best Practices
Information Technology,Mobile Development,iOS SDK
Information Technology,Mobile Development,iOS SDK Administration
Information Technology,Mobile Development,iOS SDK Development
Information Technology,Mobile Development,iOS SDK Configuration
Information Technology,Mobile Development,iOS SDK Troubleshooting
Information Technology,Mobile Development,iOS SDK Integration
Information Technology,Mobile Development,iOS SDK Deployment
Information Technology,Mobile Development,iOS SDK Security Hardening
Information Technology,Mobile Development,iOS SDK Performance Optimization
Information Technology,Mobile Development,iOS SDK Migration
Information Technology,Mobile Development,iOS SDK Automation
Information Technology,Mobile Development,iOS SDK Support & Maintenance
Information Technology,Mobile Development,iOS SDK Monitoring
Information Technology,Mobile Development,iOS SDK Architecture Design
Information Technology,Mobile Development,iOS SDK Upgrade & Patching
Information Technology,Mobile Development,iOS SDK Scripting
Information Technology,Mobile Development,iOS SDK Best Practices
Information Technology,Mobile Development,Android SDK
Information Technology,Mobile Development,Android SDK Administration
Information Technology,Mobile Development,Android SDK Development
Information Technology,Mobile Development,Android SDK Configuration
Information Technology,Mobile Development,Android SDK Troubleshooting
Information Technology,Mobile Development,Android SDK Integration
Information Technology,Mobile Development,Android SDK Deployment
Information Technology,Mobile Development,Android SDK Security Hardening
Information Technology,Mobile Development,Android SDK Performance Optimization
Information Technology,Mobile Development,Android SDK Migration
Information Technology,Mobile Development,Android SDK Automation
Information Technology,Mobile Development,Android SDK Support & Maintenance
Information Technology,Mobile Development,Android SDK Monitoring
Information Technology,Mobile Development,Android SDK Architecture Design
Information Technology,Mobile Development,Android SDK Upgrade & Patching
Information Technology,Mobile Development,Android SDK Scripting
Information Technology,Mobile Development,Android SDK Best Practices
Information Technology,Mobile Development,React Native
Information Technology,Mobile Development,React Native Administration
Information Technology,Mobile Development,React Native Development
Information Technology,Mobile Development,React Native Configuration
Information Technology,Mobile Development,React Native Troubleshooting
Information Technology,Mobile Development,React Native Integration
Information Technology,Mobile Development,React Native Deployment
Information Technology,Mobile Development,React Native Security Hardening
Information Technology,Mobile Development,React Native Performance Optimization
Information Technology,Mobile Development,React Native Migration
Information Technology,Mobile Development,React Native Automation
Information Technology,Mobile Development,React Native Support & Maintenance
Information Technology,Mobile Development,React Native Monitoring
Information Technology,Mobile Development,React Native Architecture Design
Information Technology,Mobile Development,React Native Upgrade & Patching
Information Technology,Mobile Development,React Native Scripting
Information Technology,Mobile Development,React Native Best Practices
Information Technology,Mobile Development,Flutter
Information Technology,Mobile Development,Flutter Administration
Information Technology,Mobile Development,Flutter Development
Information Technology,Mobile Development,Flutter Configuration
Information Technology,Mobile Development,Flutter Troubleshooting
Information Technology,Mobile Development,Flutter Integration
Information Technology,Mobile Development,Flutter Deployment
Information Technology,Mobile Development,Flutter Security Hardening
Information Technology,Mobile Development,Flutter Performance Optimization
Information Technology,Mobile Development,Flutter Migration
Information Technology,Mobile Development,Flutter Automation
Information Technology,Mobile Development,Flutter Support & Maintenance
Information Technology,Mobile Development,Flutter Monitoring
Information Technology,Mobile Development,Flutter Architecture Design
Information Technology,Mobile Development,Flutter Upgrade & Patching
Information Technology,Mobile Development,Flutter Scripting
Information Technology,Mobile Development,Flutter Best Practices
Information Technology,Mobile Development,Xamarin
Information Technology,Mobile Development,Xamarin Administration
Information Technology,Mobile Development,Xamarin Development
Information Technology,Mobile Development,Xamarin Configuration
Information Technology,Mobile Development,Xamarin Troubleshooting
Information Technology,Mobile Development,Xamarin Integration
Information Technology,Mobile Development,Xamarin Deployment
Information Technology,Mobile Development,Xamarin Security Hardening
Information Technology,Mobile Development,Xamarin Performance Optimization
Information Technology,Mobile Development,Xamarin Migration
Information Technology,Mobile Development,Xamarin Automation
Information Technology,Mobile Development,Xamarin Support & Maintenance
Information Technology,Mobile Development,Xamarin Monitoring
Information Technology,Mobile Development,Xamarin Architecture Design
Information Technology,Mobile Development,Xamarin Upgrade & Patching
Information Technology,Mobile Development,Xamarin Scripting
Information Technology,Mobile Development,Xamarin Best Practices
Information Technology,Mobile Development,Ionic Framework
Information Technology,Mobile Development,Ionic Framework Administration
Information Technology,Mobile Development,Ionic Framework Development
Information Technology,Mobile Development,Ionic Framework Configuration
Information Technology,Mobile Development,Ionic Framework Troubleshooting
Information Technology,Mobile Development,Ionic Framework Integration
Information Technology,Mobile Development,Ionic Framework Deployment
Information Technology,Mobile Development,Ionic Framework Security Hardening
Information Technology,Mobile Development,Ionic Framework Performance Optimization
Information Technology,Mobile Development,Ionic Framework Migration
Information Technology,Mobile Development,Ionic Framework Automation
Information Technology,Mobile Development,Ionic Framework Support & Maintenance
Information Technology,Mobile Development,Ionic Framework Monitoring
Information Technology,Mobile Development,Ionic Framework Architecture Design
Information Technology,Mobile Development,Ionic Framework Upgrade & Patching
Information Technology,Mobile Development,Ionic Framework Scripting
Information Technology,Mobile Development,Ionic Framework Best Practices
Information Technology,Mobile Development,Apache Cordova
Information Technology,Mobile Development,Apache Cordova Administration
Information Technology,Mobile Development,Apache Cordova Development
Information Technology,Mobile Development,Apache Cordova Configuration
Information Technology,Mobile Development,Apache Cordova Troubleshooting
Information Technology,Mobile Development,Apache Cordova Integration
Information Technology,Mobile Development,Apache Cordova Deployment
Information Technology,Mobile Development,Apache Cordova Security Hardening
Information Technology,Mobile Development,Apache Cordova Performance Optimization
Information Technology,Mobile Development,Apache Cordova Migration
Information Technology,Mobile Development,Apache Cordova Automation
Information Technology,Mobile Development,Apache Cordova Support & Maintenance
Information Technology,Mobile Development,Apache Cordova Monitoring
Information Technology,Mobile Development,Apache Cordova Architecture Design
Information Technology,Mobile Development,Apache Cordova Upgrade & Patching
Information Technology,Mobile Development,Apache Cordova Scripting
Information Technology,Mobile Development,Apache Cordova Best Practices
Information Technology,Mobile Development,SwiftUI
Information Technology,Mobile Development,SwiftUI Administration
Information Technology,Mobile Development,SwiftUI Development
Information Technology,Mobile Development,SwiftUI Configuration
Information Technology,Mobile Development,SwiftUI Troubleshooting
Information Technology,Mobile Development,SwiftUI Integration
Information Technology,Mobile Development,SwiftUI Deployment
Information Technology,Mobile Development,SwiftUI Security Hardening
Information Technology,Mobile Development,SwiftUI Performance Optimization
Information Technology,Mobile Development,SwiftUI Migration
Information Technology,Mobile Development,SwiftUI Automation
Information Technology,Mobile Development,SwiftUI Support & Maintenance
Information Technology,Mobile Development,SwiftUI Monitoring
Information Technology,Mobile Development,SwiftUI Architecture Design
Information Technology,Mobile Development,SwiftUI Upgrade & Patching
Information Technology,Mobile Development,SwiftUI Scripting
Information Technology,Mobile Development,SwiftUI Best Practices
Information Technology,Mobile Development,Jetpack Compose
Information Technology,Mobile Development,Jetpack Compose Administration
Information Technology,Mobile Development,Jetpack Compose Development
Information Technology,Mobile Development,Jetpack Compose Configuration
Information Technology,Mobile Development,Jetpack Compose Troubleshooting
Information Technology,Mobile Development,Jetpack Compose Integration
Information Technology,Mobile Development,Jetpack Compose Deployment
Information Technology,Mobile Development,Jetpack Compose Security Hardening
Information Technology,Mobile Development,Jetpack Compose Performance Optimization
Information Technology,Mobile Development,Jetpack Compose Migration
Information Technology,Mobile Development,Jetpack Compose Automation
Information Technology,Mobile Development,Jetpack Compose Support & Maintenance
Information Technology,Mobile Development,Jetpack Compose Monitoring
Information Technology,Mobile Development,Jetpack Compose Architecture Design
Information Technology,Mobile Development,Jetpack Compose Upgrade & Patching
Information Technology,Mobile Development,Jetpack Compose Scripting
Information Technology,Mobile Development,Jetpack Compose Best Practices
Information Technology,Mobile Development,Android Studio
Information Technology,Mobile Development,Android Studio Administration
Information Technology,Mobile Development,Android Studio Development
Information Technology,Mobile Development,Android Studio Configuration
Information Technology,Mobile Development,Android Studio Troubleshooting
Information Technology,Mobile Development,Android Studio Integration
Information Technology,Mobile Development,Android Studio Deployment
Information Technology,Mobile Development,Android Studio Security Hardening
Information Technology,Mobile Development,Android Studio Performance Optimization
Information Technology,Mobile Development,Android Studio Migration
Information Technology,Mobile Development,Android Studio Automation
Information Technology,Mobile Development,Android Studio Support & Maintenance
Information Technology,Mobile Development,Android Studio Monitoring
Information Technology,Mobile Development,Android Studio Architecture Design
Information Technology,Mobile Development,Android Studio Upgrade & Patching
Information Technology,Mobile Development,Android Studio Scripting
Information Technology,Mobile Development,Android Studio Best Practices
Information Technology,Mobile Development,Xcode
Information Technology,Mobile Development,Xcode Administration
Information Technology,Mobile Development,Xcode Development
Information Technology,Mobile Development,Xcode Configuration
Information Technology,Mobile Development,Xcode Troubleshooting
Information Technology,Mobile Development,Xcode Integration
Information Technology,Mobile Development,Xcode Deployment
Information Technology,Mobile Development,Xcode Security Hardening
Information Technology,Mobile Development,Xcode Performance Optimization
Information Technology,Mobile Development,Xcode Migration
Information Technology,Mobile Development,Xcode Automation
Information Technology,Mobile Development,Xcode Support & Maintenance
Information Technology,Mobile Development,Xcode Monitoring
Information Technology,Mobile Development,Xcode Architecture Design
Information Technology,Mobile Development,Xcode Upgrade & Patching
Information Technology,Mobile Development,Xcode Scripting
Information Technology,Mobile Development,Xcode Best Practices
Information Technology,Mobile Development,Firebase for Mobile
Information Technology,Mobile Development,Firebase for Mobile Administration
Information Technology,Mobile Development,Firebase for Mobile Development
Information Technology,Mobile Development,Firebase for Mobile Configuration
Information Technology,Mobile Development,Firebase for Mobile Troubleshooting
Information Technology,Mobile Development,Firebase for Mobile Integration
Information Technology,Mobile Development,Firebase for Mobile Deployment
Information Technology,Mobile Development,Firebase for Mobile Security Hardening
Information Technology,Mobile Development,Firebase for Mobile Performance Optimization
Information Technology,Mobile Development,Firebase for Mobile Migration
Information Technology,Mobile Development,Firebase for Mobile Automation
Information Technology,Mobile Development,Firebase for Mobile Support & Maintenance
Information Technology,Mobile Development,Firebase for Mobile Monitoring
Information Technology,Mobile Development,Firebase for Mobile Architecture Design
Information Technology,Mobile Development,Firebase for Mobile Upgrade & Patching
Information Technology,Mobile Development,Firebase for Mobile Scripting
Information Technology,Mobile Development,Firebase for Mobile Best Practices
Information Technology,Mobile Development,ARKit
Information Technology,Mobile Development,ARKit Administration
Information Technology,Mobile Development,ARKit Development
Information Technology,Mobile Development,ARKit Configuration
Information Technology,Mobile Development,ARKit Troubleshooting
Information Technology,Mobile Development,ARKit Integration
Information Technology,Mobile Development,ARKit Deployment
Information Technology,Mobile Development,ARKit Security Hardening
Information Technology,Mobile Development,ARKit Performance Optimization
Information Technology,Mobile Development,ARKit Migration
Information Technology,Mobile Development,ARKit Automation
Information Technology,Mobile Development,ARKit Support & Maintenance
Information Technology,Mobile Development,ARKit Monitoring
Information Technology,Mobile Development,ARKit Architecture Design
Information Technology,Mobile Development,ARKit Upgrade & Patching
Information Technology,Mobile Development,ARKit Scripting
Information Technology,Mobile Development,ARKit Best Practices
Information Technology,Mobile Development,ARCore
Information Technology,Mobile Development,ARCore Administration
Information Technology,Mobile Development,ARCore Development
Information Technology,Mobile Development,ARCore Configuration
Information Technology,Mobile Development,ARCore Troubleshooting
Information Technology,Mobile Development,ARCore Integration
Information Technology,Mobile Development,ARCore Deployment
Information Technology,Mobile Development,ARCore Security Hardening
Information Technology,Mobile Development,ARCore Performance Optimization
Information Technology,Mobile Development,ARCore Migration
Information Technology,Mobile Development,ARCore Automation
Information Technology,Mobile Development,ARCore Support & Maintenance
Information Technology,Mobile Development,ARCore Monitoring
Information Technology,Mobile Development,ARCore Architecture Design
Information Technology,Mobile Development,ARCore Upgrade & Patching
Information Technology,Mobile Development,ARCore Scripting
Information Technology,Mobile Development,ARCore Best Practices
Information Technology,Mobile Development,Capacitor.js
Information Technology,Mobile Development,Capacitor.js Administration
Information Technology,Mobile Development,Capacitor.js Development
Information Technology,Mobile Development,Capacitor.js Configuration
Information Technology,Mobile Development,Capacitor.js Troubleshooting
Information Technology,Mobile Development,Capacitor.js Integration
Information Technology,Mobile Development,Capacitor.js Deployment
Information Technology,Mobile Development,Capacitor.js Security Hardening
Information Technology,Mobile Development,Capacitor.js Performance Optimization
Information Technology,Mobile Development,Capacitor.js Migration
Information Technology,Mobile Development,Capacitor.js Automation
Information Technology,Mobile Development,Capacitor.js Support & Maintenance
Information Technology,Mobile Development,Capacitor.js Monitoring
Information Technology,Mobile Development,Capacitor.js Architecture Design
Information Technology,Mobile Development,Capacitor.js Upgrade & Patching
Information Technology,Mobile Development,Capacitor.js Scripting
Information Technology,Mobile Development,Capacitor.js Best Practices
Information Technology,Mobile Development,Expo Framework
Information Technology,Mobile Development,Expo Framework Administration
Information Technology,Mobile Development,Expo Framework Development
Information Technology,Mobile Development,Expo Framework Configuration
Information Technology,Mobile Development,Expo Framework Troubleshooting
Information Technology,Mobile Development,Expo Framework Integration
Information Technology,Mobile Development,Expo Framework Deployment
Information Technology,Mobile Development,Expo Framework Security Hardening
Information Technology,Mobile Development,Expo Framework Performance Optimization
Information Technology,Mobile Development,Expo Framework Migration
Information Technology,Mobile Development,Expo Framework Automation
Information Technology,Mobile Development,Expo Framework Support & Maintenance
Information Technology,Mobile Development,Expo Framework Monitoring
Information Technology,Mobile Development,Expo Framework Architecture Design
Information Technology,Mobile Development,Expo Framework Upgrade & Patching
Information Technology,Mobile Development,Expo Framework Scripting
Information Technology,Mobile Development,Expo Framework Best Practices
Information Technology,Mobile Development,RxSwift
Information Technology,Mobile Development,RxSwift Administration
Information Technology,Mobile Development,RxSwift Development
Information Technology,Mobile Development,RxSwift Configuration
Information Technology,Mobile Development,RxSwift Troubleshooting
Information Technology,Mobile Development,RxSwift Integration
Information Technology,Mobile Development,RxSwift Deployment
Information Technology,Mobile Development,RxSwift Security Hardening
Information Technology,Mobile Development,RxSwift Performance Optimization
Information Technology,Mobile Development,RxSwift Migration
Information Technology,Mobile Development,RxSwift Automation
Information Technology,Mobile Development,RxSwift Support & Maintenance
Information Technology,Mobile Development,RxSwift Monitoring
Information Technology,Mobile Development,RxSwift Architecture Design
Information Technology,Mobile Development,RxSwift Upgrade & Patching
Information Technology,Mobile Development,RxSwift Scripting
Information Technology,Mobile Development,RxSwift Best Practices
Information Technology,Mobile Development,RxJava
Information Technology,Mobile Development,RxJava Administration
Information Technology,Mobile Development,RxJava Development
Information Technology,Mobile Development,RxJava Configuration
Information Technology,Mobile Development,RxJava Troubleshooting
Information Technology,Mobile Development,RxJava Integration
Information Technology,Mobile Development,RxJava Deployment
Information Technology,Mobile Development,RxJava Security Hardening
Information Technology,Mobile Development,RxJava Performance Optimization
Information Technology,Mobile Development,RxJava Migration
Information Technology,Mobile Development,RxJava Automation
Information Technology,Mobile Development,RxJava Support & Maintenance
Information Technology,Mobile Development,RxJava Monitoring
Information Technology,Mobile Development,RxJava Architecture Design
Information Technology,Mobile Development,RxJava Upgrade & Patching
Information Technology,Mobile Development,RxJava Scripting
Information Technology,Mobile Development,RxJava Best Practices
Information Technology,Enterprise Software,SAP ERP
Information Technology,Enterprise Software,SAP ERP Administration
Information Technology,Enterprise Software,SAP ERP Development
Information Technology,Enterprise Software,SAP ERP Configuration
Information Technology,Enterprise Software,SAP ERP Troubleshooting
Information Technology,Enterprise Software,SAP ERP Integration
Information Technology,Enterprise Software,SAP ERP Deployment
Information Technology,Enterprise Software,SAP ERP Security Hardening
Information Technology,Enterprise Software,SAP ERP Performance Optimization
Information Technology,Enterprise Software,SAP ERP Migration
Information Technology,Enterprise Software,SAP ERP Automation
Information Technology,Enterprise Software,SAP ERP Support & Maintenance
Information Technology,Enterprise Software,SAP ERP Monitoring
Information Technology,Enterprise Software,SAP ERP Architecture Design
Information Technology,Enterprise Software,SAP ERP Upgrade & Patching
Information Technology,Enterprise Software,SAP ERP Scripting
Information Technology,Enterprise Software,SAP ERP Best Practices
Information Technology,Enterprise Software,SAP S/4HANA
Information Technology,Enterprise Software,SAP S/4HANA Administration
Information Technology,Enterprise Software,SAP S/4HANA Development
Information Technology,Enterprise Software,SAP S/4HANA Configuration
Information Technology,Enterprise Software,SAP S/4HANA Troubleshooting
Information Technology,Enterprise Software,SAP S/4HANA Integration
Information Technology,Enterprise Software,SAP S/4HANA Deployment
Information Technology,Enterprise Software,SAP S/4HANA Security Hardening
Information Technology,Enterprise Software,SAP S/4HANA Performance Optimization
Information Technology,Enterprise Software,SAP S/4HANA Migration
Information Technology,Enterprise Software,SAP S/4HANA Automation
Information Technology,Enterprise Software,SAP S/4HANA Support & Maintenance
Information Technology,Enterprise Software,SAP S/4HANA Monitoring
Information Technology,Enterprise Software,SAP S/4HANA Architecture Design
Information Technology,Enterprise Software,SAP S/4HANA Upgrade & Patching
Information Technology,Enterprise Software,SAP S/4HANA Scripting
Information Technology,Enterprise Software,SAP S/4HANA Best Practices
Information Technology,Enterprise Software,SAP FICO
Information Technology,Enterprise Software,SAP FICO Administration
Information Technology,Enterprise Software,SAP FICO Development
Information Technology,Enterprise Software,SAP FICO Configuration
Information Technology,Enterprise Software,SAP FICO Troubleshooting
Information Technology,Enterprise Software,SAP FICO Integration
Information Technology,Enterprise Software,SAP FICO Deployment
Information Technology,Enterprise Software,SAP FICO Security Hardening
Information Technology,Enterprise Software,SAP FICO Performance Optimization
Information Technology,Enterprise Software,SAP FICO Migration
Information Technology,Enterprise Software,SAP FICO Automation
Information Technology,Enterprise Software,SAP FICO Support & Maintenance
Information Technology,Enterprise Software,SAP FICO Monitoring
Information Technology,Enterprise Software,SAP FICO Architecture Design
Information Technology,Enterprise Software,SAP FICO Upgrade & Patching
Information Technology,Enterprise Software,SAP FICO Scripting
Information Technology,Enterprise Software,SAP FICO Best Practices
Information Technology,Enterprise Software,SAP MM
Information Technology,Enterprise Software,SAP MM Administration
Information Technology,Enterprise Software,SAP MM Development
Information Technology,Enterprise Software,SAP MM Configuration
Information Technology,Enterprise Software,SAP MM Troubleshooting
Information Technology,Enterprise Software,SAP MM Integration
Information Technology,Enterprise Software,SAP MM Deployment
Information Technology,Enterprise Software,SAP MM Security Hardening
Information Technology,Enterprise Software,SAP MM Performance Optimization
Information Technology,Enterprise Software,SAP MM Migration
Information Technology,Enterprise Software,SAP MM Automation
Information Technology,Enterprise Software,SAP MM Support & Maintenance
Information Technology,Enterprise Software,SAP MM Monitoring
Information Technology,Enterprise Software,SAP MM Architecture Design
Information Technology,Enterprise Software,SAP MM Upgrade & Patching
Information Technology,Enterprise Software,SAP MM Scripting
Information Technology,Enterprise Software,SAP MM Best Practices
Information Technology,Enterprise Software,SAP SD
Information Technology,Enterprise Software,SAP SD Administration
Information Technology,Enterprise Software,SAP SD Development
Information Technology,Enterprise Software,SAP SD Configuration
Information Technology,Enterprise Software,SAP SD Troubleshooting
Information Technology,Enterprise Software,SAP SD Integration
Information Technology,Enterprise Software,SAP SD Deployment
Information Technology,Enterprise Software,SAP SD Security Hardening
Information Technology,Enterprise Software,SAP SD Performance Optimization
Information Technology,Enterprise Software,SAP SD Migration
Information Technology,Enterprise Software,SAP SD Automation
Information Technology,Enterprise Software,SAP SD Support & Maintenance
Information Technology,Enterprise Software,SAP SD Monitoring
Information Technology,Enterprise Software,SAP SD Architecture Design
Information Technology,Enterprise Software,SAP SD Upgrade & Patching
Information Technology,Enterprise Software,SAP SD Scripting
Information Technology,Enterprise Software,SAP SD Best Practices
Information Technology,Enterprise Software,SAP HCM
Information Technology,Enterprise Software,SAP HCM Administration
Information Technology,Enterprise Software,SAP HCM Development
Information Technology,Enterprise Software,SAP HCM Configuration
Information Technology,Enterprise Software,SAP HCM Troubleshooting
Information Technology,Enterprise Software,SAP HCM Integration
Information Technology,Enterprise Software,SAP HCM Deployment
Information Technology,Enterprise Software,SAP HCM Security Hardening
Information Technology,Enterprise Software,SAP HCM Performance Optimization
Information Technology,Enterprise Software,SAP HCM Migration
Information Technology,Enterprise Software,SAP HCM Automation
Information Technology,Enterprise Software,SAP HCM Support & Maintenance
Information Technology,Enterprise Software,SAP HCM Monitoring
Information Technology,Enterprise Software,SAP HCM Architecture Design
Information Technology,Enterprise Software,SAP HCM Upgrade & Patching
Information Technology,Enterprise Software,SAP HCM Scripting
Information Technology,Enterprise Software,SAP HCM Best Practices
Information Technology,Enterprise Software,Oracle E-Business Suite
Information Technology,Enterprise Software,Oracle E-Business Suite Administration
Information Technology,Enterprise Software,Oracle E-Business Suite Development
Information Technology,Enterprise Software,Oracle E-Business Suite Configuration
Information Technology,Enterprise Software,Oracle E-Business Suite Troubleshooting
Information Technology,Enterprise Software,Oracle E-Business Suite Integration
Information Technology,Enterprise Software,Oracle E-Business Suite Deployment
Information Technology,Enterprise Software,Oracle E-Business Suite Security Hardening
Information Technology,Enterprise Software,Oracle E-Business Suite Performance Optimization
Information Technology,Enterprise Software,Oracle E-Business Suite Migration
Information Technology,Enterprise Software,Oracle E-Business Suite Automation
Information Technology,Enterprise Software,Oracle E-Business Suite Support & Maintenance
Information Technology,Enterprise Software,Oracle E-Business Suite Monitoring
Information Technology,Enterprise Software,Oracle E-Business Suite Architecture Design
Information Technology,Enterprise Software,Oracle E-Business Suite Upgrade & Patching
Information Technology,Enterprise Software,Oracle E-Business Suite Scripting
Information Technology,Enterprise Software,Oracle E-Business Suite Best Practices
Information Technology,Enterprise Software,Oracle NetSuite
Information Technology,Enterprise Software,Oracle NetSuite Administration
Information Technology,Enterprise Software,Oracle NetSuite Development
Information Technology,Enterprise Software,Oracle NetSuite Configuration
Information Technology,Enterprise Software,Oracle NetSuite Troubleshooting
Information Technology,Enterprise Software,Oracle NetSuite Integration
Information Technology,Enterprise Software,Oracle NetSuite Deployment
Information Technology,Enterprise Software,Oracle NetSuite Security Hardening
Information Technology,Enterprise Software,Oracle NetSuite Performance Optimization
Information Technology,Enterprise Software,Oracle NetSuite Migration
Information Technology,Enterprise Software,Oracle NetSuite Automation
Information Technology,Enterprise Software,Oracle NetSuite Support & Maintenance
Information Technology,Enterprise Software,Oracle NetSuite Monitoring
Information Technology,Enterprise Software,Oracle NetSuite Architecture Design
Information Technology,Enterprise Software,Oracle NetSuite Upgrade & Patching
Information Technology,Enterprise Software,Oracle NetSuite Scripting
Information Technology,Enterprise Software,Oracle NetSuite Best Practices
Information Technology,Enterprise Software,Microsoft Dynamics 365
Information Technology,Enterprise Software,Microsoft Dynamics 365 Administration
Information Technology,Enterprise Software,Microsoft Dynamics 365 Development
Information Technology,Enterprise Software,Microsoft Dynamics 365 Configuration
Information Technology,Enterprise Software,Microsoft Dynamics 365 Troubleshooting
Information Technology,Enterprise Software,Microsoft Dynamics 365 Integration
Information Technology,Enterprise Software,Microsoft Dynamics 365 Deployment
Information Technology,Enterprise Software,Microsoft Dynamics 365 Security Hardening
Information Technology,Enterprise Software,Microsoft Dynamics 365 Performance Optimization
Information Technology,Enterprise Software,Microsoft Dynamics 365 Migration
Information Technology,Enterprise Software,Microsoft Dynamics 365 Automation
Information Technology,Enterprise Software,Microsoft Dynamics 365 Support & Maintenance
Information Technology,Enterprise Software,Microsoft Dynamics 365 Monitoring
Information Technology,Enterprise Software,Microsoft Dynamics 365 Architecture Design
Information Technology,Enterprise Software,Microsoft Dynamics 365 Upgrade & Patching
Information Technology,Enterprise Software,Microsoft Dynamics 365 Scripting
Information Technology,Enterprise Software,Microsoft Dynamics 365 Best Practices
Information Technology,Enterprise Software,Salesforce CRM
Information Technology,Enterprise Software,Salesforce CRM Administration
Information Technology,Enterprise Software,Salesforce CRM Development
Information Technology,Enterprise Software,Salesforce CRM Configuration
Information Technology,Enterprise Software,Salesforce CRM Troubleshooting
Information Technology,Enterprise Software,Salesforce CRM Integration
Information Technology,Enterprise Software,Salesforce CRM Deployment
Information Technology,Enterprise Software,Salesforce CRM Security Hardening
Information Technology,Enterprise Software,Salesforce CRM Performance Optimization
Information Technology,Enterprise Software,Salesforce CRM Migration
Information Technology,Enterprise Software,Salesforce CRM Automation
Information Technology,Enterprise Software,Salesforce CRM Support & Maintenance
Information Technology,Enterprise Software,Salesforce CRM Monitoring
Information Technology,Enterprise Software,Salesforce CRM Architecture Design
Information Technology,Enterprise Software,Salesforce CRM Upgrade & Patching
Information Technology,Enterprise Software,Salesforce CRM Scripting
Information Technology,Enterprise Software,Salesforce CRM Best Practices
Information Technology,Enterprise Software,Salesforce Apex
Information Technology,Enterprise Software,Salesforce Apex Administration
Information Technology,Enterprise Software,Salesforce Apex Development
Information Technology,Enterprise Software,Salesforce Apex Configuration
Information Technology,Enterprise Software,Salesforce Apex Troubleshooting
Information Technology,Enterprise Software,Salesforce Apex Integration
Information Technology,Enterprise Software,Salesforce Apex Deployment
Information Technology,Enterprise Software,Salesforce Apex Security Hardening
Information Technology,Enterprise Software,Salesforce Apex Performance Optimization
Information Technology,Enterprise Software,Salesforce Apex Migration
Information Technology,Enterprise Software,Salesforce Apex Automation
Information Technology,Enterprise Software,Salesforce Apex Support & Maintenance
Information Technology,Enterprise Software,Salesforce Apex Monitoring
Information Technology,Enterprise Software,Salesforce Apex Architecture Design
Information Technology,Enterprise Software,Salesforce Apex Upgrade & Patching
Information Technology,Enterprise Software,Salesforce Apex Scripting
Information Technology,Enterprise Software,Salesforce Apex Best Practices
Information Technology,Enterprise Software,Salesforce Lightning
Information Technology,Enterprise Software,Salesforce Lightning Administration
Information Technology,Enterprise Software,Salesforce Lightning Development
Information Technology,Enterprise Software,Salesforce Lightning Configuration
Information Technology,Enterprise Software,Salesforce Lightning Troubleshooting
Information Technology,Enterprise Software,Salesforce Lightning Integration
Information Technology,Enterprise Software,Salesforce Lightning Deployment
Information Technology,Enterprise Software,Salesforce Lightning Security Hardening
Information Technology,Enterprise Software,Salesforce Lightning Performance Optimization
Information Technology,Enterprise Software,Salesforce Lightning Migration
Information Technology,Enterprise Software,Salesforce Lightning Automation
Information Technology,Enterprise Software,Salesforce Lightning Support & Maintenance
Information Technology,Enterprise Software,Salesforce Lightning Monitoring
Information Technology,Enterprise Software,Salesforce Lightning Architecture Design
Information Technology,Enterprise Software,Salesforce Lightning Upgrade & Patching
Information Technology,Enterprise Software,Salesforce Lightning Scripting
Information Technology,Enterprise Software,Salesforce Lightning Best Practices
Information Technology,Enterprise Software,HubSpot CRM
Information Technology,Enterprise Software,HubSpot CRM Administration
Information Technology,Enterprise Software,HubSpot CRM Development
Information Technology,Enterprise Software,HubSpot CRM Configuration
Information Technology,Enterprise Software,HubSpot CRM Troubleshooting
Information Technology,Enterprise Software,HubSpot CRM Integration
Information Technology,Enterprise Software,HubSpot CRM Deployment
Information Technology,Enterprise Software,HubSpot CRM Security Hardening
Information Technology,Enterprise Software,HubSpot CRM Performance Optimization
Information Technology,Enterprise Software,HubSpot CRM Migration
Information Technology,Enterprise Software,HubSpot CRM Automation
Information Technology,Enterprise Software,HubSpot CRM Support & Maintenance
Information Technology,Enterprise Software,HubSpot CRM Monitoring
Information Technology,Enterprise Software,HubSpot CRM Architecture Design
Information Technology,Enterprise Software,HubSpot CRM Upgrade & Patching
Information Technology,Enterprise Software,HubSpot CRM Scripting
Information Technology,Enterprise Software,HubSpot CRM Best Practices
Information Technology,Enterprise Software,Workday
Information Technology,Enterprise Software,Workday Administration
Information Technology,Enterprise Software,Workday Development
Information Technology,Enterprise Software,Workday Configuration
Information Technology,Enterprise Software,Workday Troubleshooting
Information Technology,Enterprise Software,Workday Integration
Information Technology,Enterprise Software,Workday Deployment
Information Technology,Enterprise Software,Workday Security Hardening
Information Technology,Enterprise Software,Workday Performance Optimization
Information Technology,Enterprise Software,Workday Migration
Information Technology,Enterprise Software,Workday Automation
Information Technology,Enterprise Software,Workday Support & Maintenance
Information Technology,Enterprise Software,Workday Monitoring
Information Technology,Enterprise Software,Workday Architecture Design
Information Technology,Enterprise Software,Workday Upgrade & Patching
Information Technology,Enterprise Software,Workday Scripting
Information Technology,Enterprise Software,Workday Best Practices
Information Technology,Enterprise Software,ServiceNow
Information Technology,Enterprise Software,ServiceNow Administration
Information Technology,Enterprise Software,ServiceNow Development
Information Technology,Enterprise Software,ServiceNow Configuration
Information Technology,Enterprise Software,ServiceNow Troubleshooting
Information Technology,Enterprise Software,ServiceNow Integration
Information Technology,Enterprise Software,ServiceNow Deployment
Information Technology,Enterprise Software,ServiceNow Security Hardening
Information Technology,Enterprise Software,ServiceNow Performance Optimization
Information Technology,Enterprise Software,ServiceNow Migration
Information Technology,Enterprise Software,ServiceNow Automation
Information Technology,Enterprise Software,ServiceNow Support & Maintenance
Information Technology,Enterprise Software,ServiceNow Monitoring
Information Technology,Enterprise Software,ServiceNow Architecture Design
Information Technology,Enterprise Software,ServiceNow Upgrade & Patching
Information Technology,Enterprise Software,ServiceNow Scripting
Information Technology,Enterprise Software,ServiceNow Best Practices
Information Technology,Enterprise Software,Zendesk
Information Technology,Enterprise Software,Zendesk Administration
Information Technology,Enterprise Software,Zendesk Development
Information Technology,Enterprise Software,Zendesk Configuration
Information Technology,Enterprise Software,Zendesk Troubleshooting
Information Technology,Enterprise Software,Zendesk Integration
Information Technology,Enterprise Software,Zendesk Deployment
Information Technology,Enterprise Software,Zendesk Security Hardening
Information Technology,Enterprise Software,Zendesk Performance Optimization
Information Technology,Enterprise Software,Zendesk Migration
Information Technology,Enterprise Software,Zendesk Automation
Information Technology,Enterprise Software,Zendesk Support & Maintenance
Information Technology,Enterprise Software,Zendesk Monitoring
Information Technology,Enterprise Software,Zendesk Architecture Design
Information Technology,Enterprise Software,Zendesk Upgrade & Patching
Information Technology,Enterprise Software,Zendesk Scripting
Information Technology,Enterprise Software,Zendesk Best Practices
Information Technology,Enterprise Software,Jira
Information Technology,Enterprise Software,Jira Administration
Information Technology,Enterprise Software,Jira Development
Information Technology,Enterprise Software,Jira Configuration
Information Technology,Enterprise Software,Jira Troubleshooting
Information Technology,Enterprise Software,Jira Integration
Information Technology,Enterprise Software,Jira Deployment
Information Technology,Enterprise Software,Jira Security Hardening
Information Technology,Enterprise Software,Jira Performance Optimization
Information Technology,Enterprise Software,Jira Migration
Information Technology,Enterprise Software,Jira Automation
Information Technology,Enterprise Software,Jira Support & Maintenance
Information Technology,Enterprise Software,Jira Monitoring
Information Technology,Enterprise Software,Jira Architecture Design
Information Technology,Enterprise Software,Jira Upgrade & Patching
Information Technology,Enterprise Software,Jira Scripting
Information Technology,Enterprise Software,Jira Best Practices
Information Technology,Enterprise Software,Confluence
Information Technology,Enterprise Software,Confluence Administration
Information Technology,Enterprise Software,Confluence Development
Information Technology,Enterprise Software,Confluence Configuration
Information Technology,Enterprise Software,Confluence Troubleshooting
Information Technology,Enterprise Software,Confluence Integration
Information Technology,Enterprise Software,Confluence Deployment
Information Technology,Enterprise Software,Confluence Security Hardening
Information Technology,Enterprise Software,Confluence Performance Optimization
Information Technology,Enterprise Software,Confluence Migration
Information Technology,Enterprise Software,Confluence Automation
Information Technology,Enterprise Software,Confluence Support & Maintenance
Information Technology,Enterprise Software,Confluence Monitoring
Information Technology,Enterprise Software,Confluence Architecture Design
Information Technology,Enterprise Software,Confluence Upgrade & Patching
Information Technology,Enterprise Software,Confluence Scripting
Information Technology,Enterprise Software,Confluence Best Practices
Information Technology,Enterprise Software,SharePoint
Information Technology,Enterprise Software,SharePoint Administration
Information Technology,Enterprise Software,SharePoint Development
Information Technology,Enterprise Software,SharePoint Configuration
Information Technology,Enterprise Software,SharePoint Troubleshooting
Information Technology,Enterprise Software,SharePoint Integration
Information Technology,Enterprise Software,SharePoint Deployment
Information Technology,Enterprise Software,SharePoint Security Hardening
Information Technology,Enterprise Software,SharePoint Performance Optimization
Information Technology,Enterprise Software,SharePoint Migration
Information Technology,Enterprise Software,SharePoint Automation
Information Technology,Enterprise Software,SharePoint Support & Maintenance
Information Technology,Enterprise Software,SharePoint Monitoring
Information Technology,Enterprise Software,SharePoint Architecture Design
Information Technology,Enterprise Software,SharePoint Upgrade & Patching
Information Technology,Enterprise Software,SharePoint Scripting
Information Technology,Enterprise Software,SharePoint Best Practices
Information Technology,Enterprise Software,Microsoft Teams
Information Technology,Enterprise Software,Microsoft Teams Administration
Information Technology,Enterprise Software,Microsoft Teams Development
Information Technology,Enterprise Software,Microsoft Teams Configuration
Information Technology,Enterprise Software,Microsoft Teams Troubleshooting
Information Technology,Enterprise Software,Microsoft Teams Integration
Information Technology,Enterprise Software,Microsoft Teams Deployment
Information Technology,Enterprise Software,Microsoft Teams Security Hardening
Information Technology,Enterprise Software,Microsoft Teams Performance Optimization
Information Technology,Enterprise Software,Microsoft Teams Migration
Information Technology,Enterprise Software,Microsoft Teams Automation
Information Technology,Enterprise Software,Microsoft Teams Support & Maintenance
Information Technology,Enterprise Software,Microsoft Teams Monitoring
Information Technology,Enterprise Software,Microsoft Teams Architecture Design
Information Technology,Enterprise Software,Microsoft Teams Upgrade & Patching
Information Technology,Enterprise Software,Microsoft Teams Scripting
Information Technology,Enterprise Software,Microsoft Teams Best Practices
Information Technology,Enterprise Software,Slack
Information Technology,Enterprise Software,Slack Administration
Information Technology,Enterprise Software,Slack Development
Information Technology,Enterprise Software,Slack Configuration
Information Technology,Enterprise Software,Slack Troubleshooting
Information Technology,Enterprise Software,Slack Integration
Information Technology,Enterprise Software,Slack Deployment
Information Technology,Enterprise Software,Slack Security Hardening
Information Technology,Enterprise Software,Slack Performance Optimization
Information Technology,Enterprise Software,Slack Migration
Information Technology,Enterprise Software,Slack Automation
Information Technology,Enterprise Software,Slack Support & Maintenance
Information Technology,Enterprise Software,Slack Monitoring
Information Technology,Enterprise Software,Slack Architecture Design
Information Technology,Enterprise Software,Slack Upgrade & Patching
Information Technology,Enterprise Software,Slack Scripting
Information Technology,Enterprise Software,Slack Best Practices
Information Technology,Enterprise Software,Zoom
Information Technology,Enterprise Software,Zoom Administration
Information Technology,Enterprise Software,Zoom Development
Information Technology,Enterprise Software,Zoom Configuration
Information Technology,Enterprise Software,Zoom Troubleshooting
Information Technology,Enterprise Software,Zoom Integration
Information Technology,Enterprise Software,Zoom Deployment
Information Technology,Enterprise Software,Zoom Security Hardening
Information Technology,Enterprise Software,Zoom Performance Optimization
Information Technology,Enterprise Software,Zoom Migration
Information Technology,Enterprise Software,Zoom Automation
Information Technology,Enterprise Software,Zoom Support & Maintenance
Information Technology,Enterprise Software,Zoom Monitoring
Information Technology,Enterprise Software,Zoom Architecture Design
Information Technology,Enterprise Software,Zoom Upgrade & Patching
Information Technology,Enterprise Software,Zoom Scripting
Information Technology,Enterprise Software,Zoom Best Practices
Information Technology,Enterprise Software,Asana
Information Technology,Enterprise Software,Asana Administration
Information Technology,Enterprise Software,Asana Development
Information Technology,Enterprise Software,Asana Configuration
Information Technology,Enterprise Software,Asana Troubleshooting
Information Technology,Enterprise Software,Asana Integration
Information Technology,Enterprise Software,Asana Deployment
Information Technology,Enterprise Software,Asana Security Hardening
Information Technology,Enterprise Software,Asana Performance Optimization
Information Technology,Enterprise Software,Asana Migration
Information Technology,Enterprise Software,Asana Automation
Information Technology,Enterprise Software,Asana Support & Maintenance
Information Technology,Enterprise Software,Asana Monitoring
Information Technology,Enterprise Software,Asana Architecture Design
Information Technology,Enterprise Software,Asana Upgrade & Patching
Information Technology,Enterprise Software,Asana Scripting
Information Technology,Enterprise Software,Asana Best Practices
Information Technology,Enterprise Software,Trello
Information Technology,Enterprise Software,Trello Administration
Information Technology,Enterprise Software,Trello Development
Information Technology,Enterprise Software,Trello Configuration
Information Technology,Enterprise Software,Trello Troubleshooting
Information Technology,Enterprise Software,Trello Integration
Information Technology,Enterprise Software,Trello Deployment
Information Technology,Enterprise Software,Trello Security Hardening
Information Technology,Enterprise Software,Trello Performance Optimization
Information Technology,Enterprise Software,Trello Migration
Information Technology,Enterprise Software,Trello Automation
Information Technology,Enterprise Software,Trello Support & Maintenance
Information Technology,Enterprise Software,Trello Monitoring
Information Technology,Enterprise Software,Trello Architecture Design
Information Technology,Enterprise Software,Trello Upgrade & Patching
Information Technology,Enterprise Software,Trello Scripting
Information Technology,Enterprise Software,Trello Best Practices
Information Technology,Enterprise Software,Monday.com
Information Technology,Enterprise Software,Monday.com Administration
Information Technology,Enterprise Software,Monday.com Development
Information Technology,Enterprise Software,Monday.com Configuration
Information Technology,Enterprise Software,Monday.com Troubleshooting
Information Technology,Enterprise Software,Monday.com Integration
Information Technology,Enterprise Software,Monday.com Deployment
Information Technology,Enterprise Software,Monday.com Security Hardening
Information Technology,Enterprise Software,Monday.com Performance Optimization
Information Technology,Enterprise Software,Monday.com Migration
Information Technology,Enterprise Software,Monday.com Automation
Information Technology,Enterprise Software,Monday.com Support & Maintenance
Information Technology,Enterprise Software,Monday.com Monitoring
Information Technology,Enterprise Software,Monday.com Architecture Design
Information Technology,Enterprise Software,Monday.com Upgrade & Patching
Information Technology,Enterprise Software,Monday.com Scripting
Information Technology,Enterprise Software,Monday.com Best Practices
Information Technology,Enterprise Software,Smartsheet
Information Technology,Enterprise Software,Smartsheet Administration
Information Technology,Enterprise Software,Smartsheet Development
Information Technology,Enterprise Software,Smartsheet Configuration
Information Technology,Enterprise Software,Smartsheet Troubleshooting
Information Technology,Enterprise Software,Smartsheet Integration
Information Technology,Enterprise Software,Smartsheet Deployment
Information Technology,Enterprise Software,Smartsheet Security Hardening
Information Technology,Enterprise Software,Smartsheet Performance Optimization
Information Technology,Enterprise Software,Smartsheet Migration
Information Technology,Enterprise Software,Smartsheet Automation
Information Technology,Enterprise Software,Smartsheet Support & Maintenance
Information Technology,Enterprise Software,Smartsheet Monitoring
Information Technology,Enterprise Software,Smartsheet Architecture Design
Information Technology,Enterprise Software,Smartsheet Upgrade & Patching
Information Technology,Enterprise Software,Smartsheet Scripting
Information Technology,Enterprise Software,Smartsheet Best Practices
Information Technology,Enterprise Software,DocuSign
Information Technology,Enterprise Software,DocuSign Administration
Information Technology,Enterprise Software,DocuSign Development
Information Technology,Enterprise Software,DocuSign Configuration
Information Technology,Enterprise Software,DocuSign Troubleshooting
Information Technology,Enterprise Software,DocuSign Integration
Information Technology,Enterprise Software,DocuSign Deployment
Information Technology,Enterprise Software,DocuSign Security Hardening
Information Technology,Enterprise Software,DocuSign Performance Optimization
Information Technology,Enterprise Software,DocuSign Migration
Information Technology,Enterprise Software,DocuSign Automation
Information Technology,Enterprise Software,DocuSign Support & Maintenance
Information Technology,Enterprise Software,DocuSign Monitoring
Information Technology,Enterprise Software,DocuSign Architecture Design
Information Technology,Enterprise Software,DocuSign Upgrade & Patching
Information Technology,Enterprise Software,DocuSign Scripting
Information Technology,Enterprise Software,DocuSign Best Practices
Information Technology,Enterprise Software,Adobe Experience Manager
Information Technology,Enterprise Software,Adobe Experience Manager Administration
Information Technology,Enterprise Software,Adobe Experience Manager Development
Information Technology,Enterprise Software,Adobe Experience Manager Configuration
Information Technology,Enterprise Software,Adobe Experience Manager Troubleshooting
Information Technology,Enterprise Software,Adobe Experience Manager Integration
Information Technology,Enterprise Software,Adobe Experience Manager Deployment
Information Technology,Enterprise Software,Adobe Experience Manager Security Hardening
Information Technology,Enterprise Software,Adobe Experience Manager Performance Optimization
Information Technology,Enterprise Software,Adobe Experience Manager Migration
Information Technology,Enterprise Software,Adobe Experience Manager Automation
Information Technology,Enterprise Software,Adobe Experience Manager Support & Maintenance
Information Technology,Enterprise Software,Adobe Experience Manager Monitoring
Information Technology,Enterprise Software,Adobe Experience Manager Architecture Design
Information Technology,Enterprise Software,Adobe Experience Manager Upgrade & Patching
Information Technology,Enterprise Software,Adobe Experience Manager Scripting
Information Technology,Enterprise Software,Adobe Experience Manager Best Practices
Information Technology,Enterprise Software,Adobe Analytics
Information Technology,Enterprise Software,Adobe Analytics Administration
Information Technology,Enterprise Software,Adobe Analytics Development
Information Technology,Enterprise Software,Adobe Analytics Configuration
Information Technology,Enterprise Software,Adobe Analytics Troubleshooting
Information Technology,Enterprise Software,Adobe Analytics Integration
Information Technology,Enterprise Software,Adobe Analytics Deployment
Information Technology,Enterprise Software,Adobe Analytics Security Hardening
Information Technology,Enterprise Software,Adobe Analytics Performance Optimization
Information Technology,Enterprise Software,Adobe Analytics Migration
Information Technology,Enterprise Software,Adobe Analytics Automation
Information Technology,Enterprise Software,Adobe Analytics Support & Maintenance
Information Technology,Enterprise Software,Adobe Analytics Monitoring
Information Technology,Enterprise Software,Adobe Analytics Architecture Design
Information Technology,Enterprise Software,Adobe Analytics Upgrade & Patching
Information Technology,Enterprise Software,Adobe Analytics Scripting
Information Technology,Enterprise Software,Adobe Analytics Best Practices
Information Technology,Enterprise Software,Marketo
Information Technology,Enterprise Software,Marketo Administration
Information Technology,Enterprise Software,Marketo Development
Information Technology,Enterprise Software,Marketo Configuration
Information Technology,Enterprise Software,Marketo Troubleshooting
Information Technology,Enterprise Software,Marketo Integration
Information Technology,Enterprise Software,Marketo Deployment
Information Technology,Enterprise Software,Marketo Security Hardening
Information Technology,Enterprise Software,Marketo Performance Optimization
Information Technology,Enterprise Software,Marketo Migration
Information Technology,Enterprise Software,Marketo Automation
Information Technology,Enterprise Software,Marketo Support & Maintenance
Information Technology,Enterprise Software,Marketo Monitoring
Information Technology,Enterprise Software,Marketo Architecture Design
Information Technology,Enterprise Software,Marketo Upgrade & Patching
Information Technology,Enterprise Software,Marketo Scripting
Information Technology,Enterprise Software,Marketo Best Practices
Information Technology,Enterprise Software,Pardot
Information Technology,Enterprise Software,Pardot Administration
Information Technology,Enterprise Software,Pardot Development
Information Technology,Enterprise Software,Pardot Configuration
Information Technology,Enterprise Software,Pardot Troubleshooting
Information Technology,Enterprise Software,Pardot Integration
Information Technology,Enterprise Software,Pardot Deployment
Information Technology,Enterprise Software,Pardot Security Hardening
Information Technology,Enterprise Software,Pardot Performance Optimization
Information Technology,Enterprise Software,Pardot Migration
Information Technology,Enterprise Software,Pardot Automation
Information Technology,Enterprise Software,Pardot Support & Maintenance
Information Technology,Enterprise Software,Pardot Monitoring
Information Technology,Enterprise Software,Pardot Architecture Design
Information Technology,Enterprise Software,Pardot Upgrade & Patching
Information Technology,Enterprise Software,Pardot Scripting
Information Technology,Enterprise Software,Pardot Best Practices
Information Technology,Enterprise Software,Mailchimp
Information Technology,Enterprise Software,Mailchimp Administration
Information Technology,Enterprise Software,Mailchimp Development
Information Technology,Enterprise Software,Mailchimp Configuration
Information Technology,Enterprise Software,Mailchimp Troubleshooting
Information Technology,Enterprise Software,Mailchimp Integration
Information Technology,Enterprise Software,Mailchimp Deployment
Information Technology,Enterprise Software,Mailchimp Security Hardening
Information Technology,Enterprise Software,Mailchimp Performance Optimization
Information Technology,Enterprise Software,Mailchimp Migration
Information Technology,Enterprise Software,Mailchimp Automation
Information Technology,Enterprise Software,Mailchimp Support & Maintenance
Information Technology,Enterprise Software,Mailchimp Monitoring
Information Technology,Enterprise Software,Mailchimp Architecture Design
Information Technology,Enterprise Software,Mailchimp Upgrade & Patching
Information Technology,Enterprise Software,Mailchimp Scripting
Information Technology,Enterprise Software,Mailchimp Best Practices
Information Technology,Enterprise Software,Zapier
Information Technology,Enterprise Software,Zapier Administration
Information Technology,Enterprise Software,Zapier Development
Information Technology,Enterprise Software,Zapier Configuration
Information Technology,Enterprise Software,Zapier Troubleshooting
Information Technology,Enterprise Software,Zapier Integration
Information Technology,Enterprise Software,Zapier Deployment
Information Technology,Enterprise Software,Zapier Security Hardening
Information Technology,Enterprise Software,Zapier Performance Optimization
Information Technology,Enterprise Software,Zapier Migration
Information Technology,Enterprise Software,Zapier Automation
Information Technology,Enterprise Software,Zapier Support & Maintenance
Information Technology,Enterprise Software,Zapier Monitoring
Information Technology,Enterprise Software,Zapier Architecture Design
Information Technology,Enterprise Software,Zapier Upgrade & Patching
Information Technology,Enterprise Software,Zapier Scripting
Information Technology,Enterprise Software,Zapier Best Practices
Information Technology,Enterprise Software,Power Automate
Information Technology,Enterprise Software,Power Automate Administration
Information Technology,Enterprise Software,Power Automate Development
Information Technology,Enterprise Software,Power Automate Configuration
Information Technology,Enterprise Software,Power Automate Troubleshooting
Information Technology,Enterprise Software,Power Automate Integration
Information Technology,Enterprise Software,Power Automate Deployment
Information Technology,Enterprise Software,Power Automate Security Hardening
Information Technology,Enterprise Software,Power Automate Performance Optimization
Information Technology,Enterprise Software,Power Automate Migration
Information Technology,Enterprise Software,Power Automate Automation
Information Technology,Enterprise Software,Power Automate Support & Maintenance
Information Technology,Enterprise Software,Power Automate Monitoring
Information Technology,Enterprise Software,Power Automate Architecture Design
Information Technology,Enterprise Software,Power Automate Upgrade & Patching
Information Technology,Enterprise Software,Power Automate Scripting
Information Technology,Enterprise Software,Power Automate Best Practices
Information Technology,Enterprise Software,UiPath
Information Technology,Enterprise Software,UiPath Administration
Information Technology,Enterprise Software,UiPath Development
Information Technology,Enterprise Software,UiPath Configuration
Information Technology,Enterprise Software,UiPath Troubleshooting
Information Technology,Enterprise Software,UiPath Integration
Information Technology,Enterprise Software,UiPath Deployment
Information Technology,Enterprise Software,UiPath Security Hardening
Information Technology,Enterprise Software,UiPath Performance Optimization
Information Technology,Enterprise Software,UiPath Migration
Information Technology,Enterprise Software,UiPath Automation
Information Technology,Enterprise Software,UiPath Support & Maintenance
Information Technology,Enterprise Software,UiPath Monitoring
Information Technology,Enterprise Software,UiPath Architecture Design
Information Technology,Enterprise Software,UiPath Upgrade & Patching
Information Technology,Enterprise Software,UiPath Scripting
Information Technology,Enterprise Software,UiPath Best Practices
Information Technology,Enterprise Software,Automation Anywhere
Information Technology,Enterprise Software,Automation Anywhere Administration
Information Technology,Enterprise Software,Automation Anywhere Development
Information Technology,Enterprise Software,Automation Anywhere Configuration
Information Technology,Enterprise Software,Automation Anywhere Troubleshooting
Information Technology,Enterprise Software,Automation Anywhere Integration
Information Technology,Enterprise Software,Automation Anywhere Deployment
Information Technology,Enterprise Software,Automation Anywhere Security Hardening
Information Technology,Enterprise Software,Automation Anywhere Performance Optimization
Information Technology,Enterprise Software,Automation Anywhere Migration
Information Technology,Enterprise Software,Automation Anywhere Automation
Information Technology,Enterprise Software,Automation Anywhere Support & Maintenance
Information Technology,Enterprise Software,Automation Anywhere Monitoring
Information Technology,Enterprise Software,Automation Anywhere Architecture Design
Information Technology,Enterprise Software,Automation Anywhere Upgrade & Patching
Information Technology,Enterprise Software,Automation Anywhere Scripting
Information Technology,Enterprise Software,Automation Anywhere Best Practices
Information Technology,Enterprise Software,Blue Prism
Information Technology,Enterprise Software,Blue Prism Administration
Information Technology,Enterprise Software,Blue Prism Development
Information Technology,Enterprise Software,Blue Prism Configuration
Information Technology,Enterprise Software,Blue Prism Troubleshooting
Information Technology,Enterprise Software,Blue Prism Integration
Information Technology,Enterprise Software,Blue Prism Deployment
Information Technology,Enterprise Software,Blue Prism Security Hardening
Information Technology,Enterprise Software,Blue Prism Performance Optimization
Information Technology,Enterprise Software,Blue Prism Migration
Information Technology,Enterprise Software,Blue Prism Automation
Information Technology,Enterprise Software,Blue Prism Support & Maintenance
Information Technology,Enterprise Software,Blue Prism Monitoring
Information Technology,Enterprise Software,Blue Prism Architecture Design
Information Technology,Enterprise Software,Blue Prism Upgrade & Patching
Information Technology,Enterprise Software,Blue Prism Scripting
Information Technology,Enterprise Software,Blue Prism Best Practices
Information Technology,Enterprise Software,WordPress
Information Technology,Enterprise Software,WordPress Administration
Information Technology,Enterprise Software,WordPress Development
Information Technology,Enterprise Software,WordPress Configuration
Information Technology,Enterprise Software,WordPress Troubleshooting
Information Technology,Enterprise Software,WordPress Integration
Information Technology,Enterprise Software,WordPress Deployment
Information Technology,Enterprise Software,WordPress Security Hardening
Information Technology,Enterprise Software,WordPress Performance Optimization
Information Technology,Enterprise Software,WordPress Migration
Information Technology,Enterprise Software,WordPress Automation
Information Technology,Enterprise Software,WordPress Support & Maintenance
Information Technology,Enterprise Software,WordPress Monitoring
Information Technology,Enterprise Software,WordPress Architecture Design
Information Technology,Enterprise Software,WordPress Upgrade & Patching
Information Technology,Enterprise Software,WordPress Scripting
Information Technology,Enterprise Software,WordPress Best Practices
Information Technology,Enterprise Software,Drupal
Information Technology,Enterprise Software,Drupal Administration
Information Technology,Enterprise Software,Drupal Development
Information Technology,Enterprise Software,Drupal Configuration
Information Technology,Enterprise Software,Drupal Troubleshooting
Information Technology,Enterprise Software,Drupal Integration
Information Technology,Enterprise Software,Drupal Deployment
Information Technology,Enterprise Software,Drupal Security Hardening
Information Technology,Enterprise Software,Drupal Performance Optimization
Information Technology,Enterprise Software,Drupal Migration
Information Technology,Enterprise Software,Drupal Automation
Information Technology,Enterprise Software,Drupal Support & Maintenance
Information Technology,Enterprise Software,Drupal Monitoring
Information Technology,Enterprise Software,Drupal Architecture Design
Information Technology,Enterprise Software,Drupal Upgrade & Patching
Information Technology,Enterprise Software,Drupal Scripting
Information Technology,Enterprise Software,Drupal Best Practices
Information Technology,Enterprise Software,Magento
Information Technology,Enterprise Software,Magento Administration
Information Technology,Enterprise Software,Magento Development
Information Technology,Enterprise Software,Magento Configuration
Information Technology,Enterprise Software,Magento Troubleshooting
Information Technology,Enterprise Software,Magento Integration
Information Technology,Enterprise Software,Magento Deployment
Information Technology,Enterprise Software,Magento Security Hardening
Information Technology,Enterprise Software,Magento Performance Optimization
Information Technology,Enterprise Software,Magento Migration
Information Technology,Enterprise Software,Magento Automation
Information Technology,Enterprise Software,Magento Support & Maintenance
Information Technology,Enterprise Software,Magento Monitoring
Information Technology,Enterprise Software,Magento Architecture Design
Information Technology,Enterprise Software,Magento Upgrade & Patching
Information Technology,Enterprise Software,Magento Scripting
Information Technology,Enterprise Software,Magento Best Practices
Information Technology,Enterprise Software,Shopify
Information Technology,Enterprise Software,Shopify Administration
Information Technology,Enterprise Software,Shopify Development
Information Technology,Enterprise Software,Shopify Configuration
Information Technology,Enterprise Software,Shopify Troubleshooting
Information Technology,Enterprise Software,Shopify Integration
Information Technology,Enterprise Software,Shopify Deployment
Information Technology,Enterprise Software,Shopify Security Hardening
Information Technology,Enterprise Software,Shopify Performance Optimization
Information Technology,Enterprise Software,Shopify Migration
Information Technology,Enterprise Software,Shopify Automation
Information Technology,Enterprise Software,Shopify Support & Maintenance
Information Technology,Enterprise Software,Shopify Monitoring
Information Technology,Enterprise Software,Shopify Architecture Design
Information Technology,Enterprise Software,Shopify Upgrade & Patching
Information Technology,Enterprise Software,Shopify Scripting
Information Technology,Enterprise Software,Shopify Best Practices
Information Technology,Enterprise Software,WooCommerce
Information Technology,Enterprise Software,WooCommerce Administration
Information Technology,Enterprise Software,WooCommerce Development
Information Technology,Enterprise Software,WooCommerce Configuration
Information Technology,Enterprise Software,WooCommerce Troubleshooting
Information Technology,Enterprise Software,WooCommerce Integration
Information Technology,Enterprise Software,WooCommerce Deployment
Information Technology,Enterprise Software,WooCommerce Security Hardening
Information Technology,Enterprise Software,WooCommerce Performance Optimization
Information Technology,Enterprise Software,WooCommerce Migration
Information Technology,Enterprise Software,WooCommerce Automation
Information Technology,Enterprise Software,WooCommerce Support & Maintenance
Information Technology,Enterprise Software,WooCommerce Monitoring
Information Technology,Enterprise Software,WooCommerce Architecture Design
Information Technology,Enterprise Software,WooCommerce Upgrade & Patching
Information Technology,Enterprise Software,WooCommerce Scripting
Information Technology,Enterprise Software,WooCommerce Best Practices
Information Technology,Enterprise Software,BigCommerce
Information Technology,Enterprise Software,BigCommerce Administration
Information Technology,Enterprise Software,BigCommerce Development
Information Technology,Enterprise Software,BigCommerce Configuration
Information Technology,Enterprise Software,BigCommerce Troubleshooting
Information Technology,Enterprise Software,BigCommerce Integration
Information Technology,Enterprise Software,BigCommerce Deployment
Information Technology,Enterprise Software,BigCommerce Security Hardening
Information Technology,Enterprise Software,BigCommerce Performance Optimization
Information Technology,Enterprise Software,BigCommerce Migration
Information Technology,Enterprise Software,BigCommerce Automation
Information Technology,Enterprise Software,BigCommerce Support & Maintenance
Information Technology,Enterprise Software,BigCommerce Monitoring
Information Technology,Enterprise Software,BigCommerce Architecture Design
Information Technology,Enterprise Software,BigCommerce Upgrade & Patching
Information Technology,Enterprise Software,BigCommerce Scripting
Information Technology,Enterprise Software,BigCommerce Best Practices
Information Technology,Enterprise Software,Infor ERP
Information Technology,Enterprise Software,Infor ERP Administration
Information Technology,Enterprise Software,Infor ERP Development
Information Technology,Enterprise Software,Infor ERP Configuration
Information Technology,Enterprise Software,Infor ERP Troubleshooting
Information Technology,Enterprise Software,Infor ERP Integration
Information Technology,Enterprise Software,Infor ERP Deployment
Information Technology,Enterprise Software,Infor ERP Security Hardening
Information Technology,Enterprise Software,Infor ERP Performance Optimization
Information Technology,Enterprise Software,Infor ERP Migration
Information Technology,Enterprise Software,Infor ERP Automation
Information Technology,Enterprise Software,Infor ERP Support & Maintenance
Information Technology,Enterprise Software,Infor ERP Monitoring
Information Technology,Enterprise Software,Infor ERP Architecture Design
Information Technology,Enterprise Software,Infor ERP Upgrade & Patching
Information Technology,Enterprise Software,Infor ERP Scripting
Information Technology,Enterprise Software,Infor ERP Best Practices
Information Technology,Enterprise Software,Epicor ERP
Information Technology,Enterprise Software,Epicor ERP Administration
Information Technology,Enterprise Software,Epicor ERP Development
Information Technology,Enterprise Software,Epicor ERP Configuration
Information Technology,Enterprise Software,Epicor ERP Troubleshooting
Information Technology,Enterprise Software,Epicor ERP Integration
Information Technology,Enterprise Software,Epicor ERP Deployment
Information Technology,Enterprise Software,Epicor ERP Security Hardening
Information Technology,Enterprise Software,Epicor ERP Performance Optimization
Information Technology,Enterprise Software,Epicor ERP Migration
Information Technology,Enterprise Software,Epicor ERP Automation
Information Technology,Enterprise Software,Epicor ERP Support & Maintenance
Information Technology,Enterprise Software,Epicor ERP Monitoring
Information Technology,Enterprise Software,Epicor ERP Architecture Design
Information Technology,Enterprise Software,Epicor ERP Upgrade & Patching
Information Technology,Enterprise Software,Epicor ERP Scripting
Information Technology,Enterprise Software,Epicor ERP Best Practices
Information Technology,Enterprise Software,Sage ERP
Information Technology,Enterprise Software,Sage ERP Administration
Information Technology,Enterprise Software,Sage ERP Development
Information Technology,Enterprise Software,Sage ERP Configuration
Information Technology,Enterprise Software,Sage ERP Troubleshooting
Information Technology,Enterprise Software,Sage ERP Integration
Information Technology,Enterprise Software,Sage ERP Deployment
Information Technology,Enterprise Software,Sage ERP Security Hardening
Information Technology,Enterprise Software,Sage ERP Performance Optimization
Information Technology,Enterprise Software,Sage ERP Migration
Information Technology,Enterprise Software,Sage ERP Automation
Information Technology,Enterprise Software,Sage ERP Support & Maintenance
Information Technology,Enterprise Software,Sage ERP Monitoring
Information Technology,Enterprise Software,Sage ERP Architecture Design
Information Technology,Enterprise Software,Sage ERP Upgrade & Patching
Information Technology,Enterprise Software,Sage ERP Scripting
Information Technology,Enterprise Software,Sage ERP Best Practices
Information Technology,Enterprise Software,QuickBooks
Information Technology,Enterprise Software,QuickBooks Administration
Information Technology,Enterprise Software,QuickBooks Development
Information Technology,Enterprise Software,QuickBooks Configuration
Information Technology,Enterprise Software,QuickBooks Troubleshooting
Information Technology,Enterprise Software,QuickBooks Integration
Information Technology,Enterprise Software,QuickBooks Deployment
Information Technology,Enterprise Software,QuickBooks Security Hardening
Information Technology,Enterprise Software,QuickBooks Performance Optimization
Information Technology,Enterprise Software,QuickBooks Migration
Information Technology,Enterprise Software,QuickBooks Automation
Information Technology,Enterprise Software,QuickBooks Support & Maintenance
Information Technology,Enterprise Software,QuickBooks Monitoring
Information Technology,Enterprise Software,QuickBooks Architecture Design
Information Technology,Enterprise Software,QuickBooks Upgrade & Patching
Information Technology,Enterprise Software,QuickBooks Scripting
Information Technology,Enterprise Software,QuickBooks Best Practices
Information Technology,Enterprise Software,Concur Expense Management
Information Technology,Enterprise Software,Concur Expense Management Administration
Information Technology,Enterprise Software,Concur Expense Management Development
Information Technology,Enterprise Software,Concur Expense Management Configuration
Information Technology,Enterprise Software,Concur Expense Management Troubleshooting
Information Technology,Enterprise Software,Concur Expense Management Integration
Information Technology,Enterprise Software,Concur Expense Management Deployment
Information Technology,Enterprise Software,Concur Expense Management Security Hardening
Information Technology,Enterprise Software,Concur Expense Management Performance Optimization
Information Technology,Enterprise Software,Concur Expense Management Migration
Information Technology,Enterprise Software,Concur Expense Management Automation
Information Technology,Enterprise Software,Concur Expense Management Support & Maintenance
Information Technology,Enterprise Software,Concur Expense Management Monitoring
Information Technology,Enterprise Software,Concur Expense Management Architecture Design
Information Technology,Enterprise Software,Concur Expense Management Upgrade & Patching
Information Technology,Enterprise Software,Concur Expense Management Scripting
Information Technology,Enterprise Software,Concur Expense Management Best Practices
Information Technology,Enterprise Software,ADP Payroll
Information Technology,Enterprise Software,ADP Payroll Administration
Information Technology,Enterprise Software,ADP Payroll Development
Information Technology,Enterprise Software,ADP Payroll Configuration
Information Technology,Enterprise Software,ADP Payroll Troubleshooting
Information Technology,Enterprise Software,ADP Payroll Integration
Information Technology,Enterprise Software,ADP Payroll Deployment
Information Technology,Enterprise Software,ADP Payroll Security Hardening
Information Technology,Enterprise Software,ADP Payroll Performance Optimization
Information Technology,Enterprise Software,ADP Payroll Migration
Information Technology,Enterprise Software,ADP Payroll Automation
Information Technology,Enterprise Software,ADP Payroll Support & Maintenance
Information Technology,Enterprise Software,ADP Payroll Monitoring
Information Technology,Enterprise Software,ADP Payroll Architecture Design
Information Technology,Enterprise Software,ADP Payroll Upgrade & Patching
Information Technology,Enterprise Software,ADP Payroll Scripting
Information Technology,Enterprise Software,ADP Payroll Best Practices
Information Technology,Enterprise Software,Kronos Workforce Management
Information Technology,Enterprise Software,Kronos Workforce Management Administration
Information Technology,Enterprise Software,Kronos Workforce Management Development
Information Technology,Enterprise Software,Kronos Workforce Management Configuration
Information Technology,Enterprise Software,Kronos Workforce Management Troubleshooting
Information Technology,Enterprise Software,Kronos Workforce Management Integration
Information Technology,Enterprise Software,Kronos Workforce Management Deployment
Information Technology,Enterprise Software,Kronos Workforce Management Security Hardening
Information Technology,Enterprise Software,Kronos Workforce Management Performance Optimization
Information Technology,Enterprise Software,Kronos Workforce Management Migration
Information Technology,Enterprise Software,Kronos Workforce Management Automation
Information Technology,Enterprise Software,Kronos Workforce Management Support & Maintenance
Information Technology,Enterprise Software,Kronos Workforce Management Monitoring
Information Technology,Enterprise Software,Kronos Workforce Management Architecture Design
Information Technology,Enterprise Software,Kronos Workforce Management Upgrade & Patching
Information Technology,Enterprise Software,Kronos Workforce Management Scripting
Information Technology,Enterprise Software,Kronos Workforce Management Best Practices
Information Technology,Enterprise Software,PeopleSoft
Information Technology,Enterprise Software,PeopleSoft Administration
Information Technology,Enterprise Software,PeopleSoft Development
Information Technology,Enterprise Software,PeopleSoft Configuration
Information Technology,Enterprise Software,PeopleSoft Troubleshooting
Information Technology,Enterprise Software,PeopleSoft Integration
Information Technology,Enterprise Software,PeopleSoft Deployment
Information Technology,Enterprise Software,PeopleSoft Security Hardening
Information Technology,Enterprise Software,PeopleSoft Performance Optimization
Information Technology,Enterprise Software,PeopleSoft Migration
Information Technology,Enterprise Software,PeopleSoft Automation
Information Technology,Enterprise Software,PeopleSoft Support & Maintenance
Information Technology,Enterprise Software,PeopleSoft Monitoring
Information Technology,Enterprise Software,PeopleSoft Architecture Design
Information Technology,Enterprise Software,PeopleSoft Upgrade & Patching
Information Technology,Enterprise Software,PeopleSoft Scripting
Information Technology,Enterprise Software,PeopleSoft Best Practices
Information Technology,Enterprise Software,JD Edwards
Information Technology,Enterprise Software,JD Edwards Administration
Information Technology,Enterprise Software,JD Edwards Development
Information Technology,Enterprise Software,JD Edwards Configuration
Information Technology,Enterprise Software,JD Edwards Troubleshooting
Information Technology,Enterprise Software,JD Edwards Integration
Information Technology,Enterprise Software,JD Edwards Deployment
Information Technology,Enterprise Software,JD Edwards Security Hardening
Information Technology,Enterprise Software,JD Edwards Performance Optimization
Information Technology,Enterprise Software,JD Edwards Migration
Information Technology,Enterprise Software,JD Edwards Automation
Information Technology,Enterprise Software,JD Edwards Support & Maintenance
Information Technology,Enterprise Software,JD Edwards Monitoring
Information Technology,Enterprise Software,JD Edwards Architecture Design
Information Technology,Enterprise Software,JD Edwards Upgrade & Patching
Information Technology,Enterprise Software,JD Edwards Scripting
Information Technology,Enterprise Software,JD Edwards Best Practices
Information Technology,Enterprise Software,Ariba Procurement
Information Technology,Enterprise Software,Ariba Procurement Administration
Information Technology,Enterprise Software,Ariba Procurement Development
Information Technology,Enterprise Software,Ariba Procurement Configuration
Information Technology,Enterprise Software,Ariba Procurement Troubleshooting
Information Technology,Enterprise Software,Ariba Procurement Integration
Information Technology,Enterprise Software,Ariba Procurement Deployment
Information Technology,Enterprise Software,Ariba Procurement Security Hardening
Information Technology,Enterprise Software,Ariba Procurement Performance Optimization
Information Technology,Enterprise Software,Ariba Procurement Migration
Information Technology,Enterprise Software,Ariba Procurement Automation
Information Technology,Enterprise Software,Ariba Procurement Support & Maintenance
Information Technology,Enterprise Software,Ariba Procurement Monitoring
Information Technology,Enterprise Software,Ariba Procurement Architecture Design
Information Technology,Enterprise Software,Ariba Procurement Upgrade & Patching
Information Technology,Enterprise Software,Ariba Procurement Scripting
Information Technology,Enterprise Software,Ariba Procurement Best Practices
Information Technology,Enterprise Software,Coupa Procurement
Information Technology,Enterprise Software,Coupa Procurement Administration
Information Technology,Enterprise Software,Coupa Procurement Development
Information Technology,Enterprise Software,Coupa Procurement Configuration
Information Technology,Enterprise Software,Coupa Procurement Troubleshooting
Information Technology,Enterprise Software,Coupa Procurement Integration
Information Technology,Enterprise Software,Coupa Procurement Deployment
Information Technology,Enterprise Software,Coupa Procurement Security Hardening
Information Technology,Enterprise Software,Coupa Procurement Performance Optimization
Information Technology,Enterprise Software,Coupa Procurement Migration
Information Technology,Enterprise Software,Coupa Procurement Automation
Information Technology,Enterprise Software,Coupa Procurement Support & Maintenance
Information Technology,Enterprise Software,Coupa Procurement Monitoring
Information Technology,Enterprise Software,Coupa Procurement Architecture Design
Information Technology,Enterprise Software,Coupa Procurement Upgrade & Patching
Information Technology,Enterprise Software,Coupa Procurement Scripting
Information Technology,Enterprise Software,Coupa Procurement Best Practices
Information Technology,Enterprise Software,Blackbaud
Information Technology,Enterprise Software,Blackbaud Administration
Information Technology,Enterprise Software,Blackbaud Development
Information Technology,Enterprise Software,Blackbaud Configuration
Information Technology,Enterprise Software,Blackbaud Troubleshooting
Information Technology,Enterprise Software,Blackbaud Integration
Information Technology,Enterprise Software,Blackbaud Deployment
Information Technology,Enterprise Software,Blackbaud Security Hardening
Information Technology,Enterprise Software,Blackbaud Performance Optimization
Information Technology,Enterprise Software,Blackbaud Migration
Information Technology,Enterprise Software,Blackbaud Automation
Information Technology,Enterprise Software,Blackbaud Support & Maintenance
Information Technology,Enterprise Software,Blackbaud Monitoring
Information Technology,Enterprise Software,Blackbaud Architecture Design
Information Technology,Enterprise Software,Blackbaud Upgrade & Patching
Information Technology,Enterprise Software,Blackbaud Scripting
Information Technology,Enterprise Software,Blackbaud Best Practices
Information Technology,Enterprise Software,Ellucian Banner
Information Technology,Enterprise Software,Ellucian Banner Administration
Information Technology,Enterprise Software,Ellucian Banner Development
Information Technology,Enterprise Software,Ellucian Banner Configuration
Information Technology,Enterprise Software,Ellucian Banner Troubleshooting
Information Technology,Enterprise Software,Ellucian Banner Integration
Information Technology,Enterprise Software,Ellucian Banner Deployment
Information Technology,Enterprise Software,Ellucian Banner Security Hardening
Information Technology,Enterprise Software,Ellucian Banner Performance Optimization
Information Technology,Enterprise Software,Ellucian Banner Migration
Information Technology,Enterprise Software,Ellucian Banner Automation
Information Technology,Enterprise Software,Ellucian Banner Support & Maintenance
Information Technology,Enterprise Software,Ellucian Banner Monitoring
Information Technology,Enterprise Software,Ellucian Banner Architecture Design
Information Technology,Enterprise Software,Ellucian Banner Upgrade & Patching
Information Technology,Enterprise Software,Ellucian Banner Scripting
Information Technology,Enterprise Software,Ellucian Banner Best Practices
Information Technology,Enterprise Software,Cerner
Information Technology,Enterprise Software,Cerner Administration
Information Technology,Enterprise Software,Cerner Development
Information Technology,Enterprise Software,Cerner Configuration
Information Technology,Enterprise Software,Cerner Troubleshooting
Information Technology,Enterprise Software,Cerner Integration
Information Technology,Enterprise Software,Cerner Deployment
Information Technology,Enterprise Software,Cerner Security Hardening
Information Technology,Enterprise Software,Cerner Performance Optimization
Information Technology,Enterprise Software,Cerner Migration
Information Technology,Enterprise Software,Cerner Automation
Information Technology,Enterprise Software,Cerner Support & Maintenance
Information Technology,Enterprise Software,Cerner Monitoring
Information Technology,Enterprise Software,Cerner Architecture Design
Information Technology,Enterprise Software,Cerner Upgrade & Patching
Information Technology,Enterprise Software,Cerner Scripting
Information Technology,Enterprise Software,Cerner Best Practices
Information Technology,Enterprise Software,Epic Systems
Information Technology,Enterprise Software,Epic Systems Administration
Information Technology,Enterprise Software,Epic Systems Development
Information Technology,Enterprise Software,Epic Systems Configuration
Information Technology,Enterprise Software,Epic Systems Troubleshooting
Information Technology,Enterprise Software,Epic Systems Integration
Information Technology,Enterprise Software,Epic Systems Deployment
Information Technology,Enterprise Software,Epic Systems Security Hardening
Information Technology,Enterprise Software,Epic Systems Performance Optimization
Information Technology,Enterprise Software,Epic Systems Migration
Information Technology,Enterprise Software,Epic Systems Automation
Information Technology,Enterprise Software,Epic Systems Support & Maintenance
Information Technology,Enterprise Software,Epic Systems Monitoring
Information Technology,Enterprise Software,Epic Systems Architecture Design
Information Technology,Enterprise Software,Epic Systems Upgrade & Patching
Information Technology,Enterprise Software,Epic Systems Scripting
Information Technology,Enterprise Software,Epic Systems Best Practices
Information Technology,Enterprise Software,Meditech
Information Technology,Enterprise Software,Meditech Administration
Information Technology,Enterprise Software,Meditech Development
Information Technology,Enterprise Software,Meditech Configuration
Information Technology,Enterprise Software,Meditech Troubleshooting
Information Technology,Enterprise Software,Meditech Integration
Information Technology,Enterprise Software,Meditech Deployment
Information Technology,Enterprise Software,Meditech Security Hardening
Information Technology,Enterprise Software,Meditech Performance Optimization
Information Technology,Enterprise Software,Meditech Migration
Information Technology,Enterprise Software,Meditech Automation
Information Technology,Enterprise Software,Meditech Support & Maintenance
Information Technology,Enterprise Software,Meditech Monitoring
Information Technology,Enterprise Software,Meditech Architecture Design
Information Technology,Enterprise Software,Meditech Upgrade & Patching
Information Technology,Enterprise Software,Meditech Scripting
Information Technology,Enterprise Software,Meditech Best Practices
Information Technology,Security Tools,Nmap
Information Technology,Security Tools,Nmap Administration
Information Technology,Security Tools,Nmap Development
Information Technology,Security Tools,Nmap Configuration
Information Technology,Security Tools,Nmap Troubleshooting
Information Technology,Security Tools,Nmap Integration
Information Technology,Security Tools,Nmap Deployment
Information Technology,Security Tools,Nmap Security Hardening
Information Technology,Security Tools,Nmap Performance Optimization
Information Technology,Security Tools,Nmap Migration
Information Technology,Security Tools,Nmap Automation
Information Technology,Security Tools,Nmap Support & Maintenance
Information Technology,Security Tools,Nmap Monitoring
Information Technology,Security Tools,Nmap Architecture Design
Information Technology,Security Tools,Nmap Upgrade & Patching
Information Technology,Security Tools,Nmap Scripting
Information Technology,Security Tools,Nmap Best Practices
Information Technology,Security Tools,Wireshark
Information Technology,Security Tools,Wireshark Administration
Information Technology,Security Tools,Wireshark Development
Information Technology,Security Tools,Wireshark Configuration
Information Technology,Security Tools,Wireshark Troubleshooting
Information Technology,Security Tools,Wireshark Integration
Information Technology,Security Tools,Wireshark Deployment
Information Technology,Security Tools,Wireshark Security Hardening
Information Technology,Security Tools,Wireshark Performance Optimization
Information Technology,Security Tools,Wireshark Migration
Information Technology,Security Tools,Wireshark Automation
Information Technology,Security Tools,Wireshark Support & Maintenance
Information Technology,Security Tools,Wireshark Monitoring
Information Technology,Security Tools,Wireshark Architecture Design
Information Technology,Security Tools,Wireshark Upgrade & Patching
Information Technology,Security Tools,Wireshark Scripting
Information Technology,Security Tools,Wireshark Best Practices
Information Technology,Security Tools,Metasploit
Information Technology,Security Tools,Metasploit Administration
Information Technology,Security Tools,Metasploit Development
Information Technology,Security Tools,Metasploit Configuration
Information Technology,Security Tools,Metasploit Troubleshooting
Information Technology,Security Tools,Metasploit Integration
Information Technology,Security Tools,Metasploit Deployment
Information Technology,Security Tools,Metasploit Security Hardening
Information Technology,Security Tools,Metasploit Performance Optimization
Information Technology,Security Tools,Metasploit Migration
Information Technology,Security Tools,Metasploit Automation
Information Technology,Security Tools,Metasploit Support & Maintenance
Information Technology,Security Tools,Metasploit Monitoring
Information Technology,Security Tools,Metasploit Architecture Design
Information Technology,Security Tools,Metasploit Upgrade & Patching
Information Technology,Security Tools,Metasploit Scripting
Information Technology,Security Tools,Metasploit Best Practices
Information Technology,Security Tools,Burp Suite
Information Technology,Security Tools,Burp Suite Administration
Information Technology,Security Tools,Burp Suite Development
Information Technology,Security Tools,Burp Suite Configuration
Information Technology,Security Tools,Burp Suite Troubleshooting
Information Technology,Security Tools,Burp Suite Integration
Information Technology,Security Tools,Burp Suite Deployment
Information Technology,Security Tools,Burp Suite Security Hardening
Information Technology,Security Tools,Burp Suite Performance Optimization
Information Technology,Security Tools,Burp Suite Migration
Information Technology,Security Tools,Burp Suite Automation
Information Technology,Security Tools,Burp Suite Support & Maintenance
Information Technology,Security Tools,Burp Suite Monitoring
Information Technology,Security Tools,Burp Suite Architecture Design
Information Technology,Security Tools,Burp Suite Upgrade & Patching
Information Technology,Security Tools,Burp Suite Scripting
Information Technology,Security Tools,Burp Suite Best Practices
Information Technology,Security Tools,Nessus
Information Technology,Security Tools,Nessus Administration
Information Technology,Security Tools,Nessus Development
Information Technology,Security Tools,Nessus Configuration
Information Technology,Security Tools,Nessus Troubleshooting
Information Technology,Security Tools,Nessus Integration
Information Technology,Security Tools,Nessus Deployment
Information Technology,Security Tools,Nessus Security Hardening
Information Technology,Security Tools,Nessus Performance Optimization
Information Technology,Security Tools,Nessus Migration
Information Technology,Security Tools,Nessus Automation
Information Technology,Security Tools,Nessus Support & Maintenance
Information Technology,Security Tools,Nessus Monitoring
Information Technology,Security Tools,Nessus Architecture Design
Information Technology,Security Tools,Nessus Upgrade & Patching
Information Technology,Security Tools,Nessus Scripting
Information Technology,Security Tools,Nessus Best Practices
Information Technology,Security Tools,Qualys
Information Technology,Security Tools,Qualys Administration
Information Technology,Security Tools,Qualys Development
Information Technology,Security Tools,Qualys Configuration
Information Technology,Security Tools,Qualys Troubleshooting
Information Technology,Security Tools,Qualys Integration
Information Technology,Security Tools,Qualys Deployment
Information Technology,Security Tools,Qualys Security Hardening
Information Technology,Security Tools,Qualys Performance Optimization
Information Technology,Security Tools,Qualys Migration
Information Technology,Security Tools,Qualys Automation
Information Technology,Security Tools,Qualys Support & Maintenance
Information Technology,Security Tools,Qualys Monitoring
Information Technology,Security Tools,Qualys Architecture Design
Information Technology,Security Tools,Qualys Upgrade & Patching
Information Technology,Security Tools,Qualys Scripting
Information Technology,Security Tools,Qualys Best Practices
Information Technology,Security Tools,OpenVAS
Information Technology,Security Tools,OpenVAS Administration
Information Technology,Security Tools,OpenVAS Development
Information Technology,Security Tools,OpenVAS Configuration
Information Technology,Security Tools,OpenVAS Troubleshooting
Information Technology,Security Tools,OpenVAS Integration
Information Technology,Security Tools,OpenVAS Deployment
Information Technology,Security Tools,OpenVAS Security Hardening
Information Technology,Security Tools,OpenVAS Performance Optimization
Information Technology,Security Tools,OpenVAS Migration
Information Technology,Security Tools,OpenVAS Automation
Information Technology,Security Tools,OpenVAS Support & Maintenance
Information Technology,Security Tools,OpenVAS Monitoring
Information Technology,Security Tools,OpenVAS Architecture Design
Information Technology,Security Tools,OpenVAS Upgrade & Patching
Information Technology,Security Tools,OpenVAS Scripting
Information Technology,Security Tools,OpenVAS Best Practices
Information Technology,Security Tools,Nikto
Information Technology,Security Tools,Nikto Administration
Information Technology,Security Tools,Nikto Development
Information Technology,Security Tools,Nikto Configuration
Information Technology,Security Tools,Nikto Troubleshooting
Information Technology,Security Tools,Nikto Integration
Information Technology,Security Tools,Nikto Deployment
Information Technology,Security Tools,Nikto Security Hardening
Information Technology,Security Tools,Nikto Performance Optimization
Information Technology,Security Tools,Nikto Migration
Information Technology,Security Tools,Nikto Automation
Information Technology,Security Tools,Nikto Support & Maintenance
Information Technology,Security Tools,Nikto Monitoring
Information Technology,Security Tools,Nikto Architecture Design
Information Technology,Security Tools,Nikto Upgrade & Patching
Information Technology,Security Tools,Nikto Scripting
Information Technology,Security Tools,Nikto Best Practices
Information Technology,Security Tools,John the Ripper
Information Technology,Security Tools,John the Ripper Administration
Information Technology,Security Tools,John the Ripper Development
Information Technology,Security Tools,John the Ripper Configuration
Information Technology,Security Tools,John the Ripper Troubleshooting
Information Technology,Security Tools,John the Ripper Integration
Information Technology,Security Tools,John the Ripper Deployment
Information Technology,Security Tools,John the Ripper Security Hardening
Information Technology,Security Tools,John the Ripper Performance Optimization
Information Technology,Security Tools,John the Ripper Migration
Information Technology,Security Tools,John the Ripper Automation
Information Technology,Security Tools,John the Ripper Support & Maintenance
Information Technology,Security Tools,John the Ripper Monitoring
Information Technology,Security Tools,John the Ripper Architecture Design
Information Technology,Security Tools,John the Ripper Upgrade & Patching
Information Technology,Security Tools,John the Ripper Scripting
Information Technology,Security Tools,John the Ripper Best Practices
Information Technology,Security Tools,Hydra
Information Technology,Security Tools,Hydra Administration
Information Technology,Security Tools,Hydra Development
Information Technology,Security Tools,Hydra Configuration
Information Technology,Security Tools,Hydra Troubleshooting
Information Technology,Security Tools,Hydra Integration
Information Technology,Security Tools,Hydra Deployment
Information Technology,Security Tools,Hydra Security Hardening
Information Technology,Security Tools,Hydra Performance Optimization
Information Technology,Security Tools,Hydra Migration
Information Technology,Security Tools,Hydra Automation
Information Technology,Security Tools,Hydra Support & Maintenance
Information Technology,Security Tools,Hydra Monitoring
Information Technology,Security Tools,Hydra Architecture Design
Information Technology,Security Tools,Hydra Upgrade & Patching
Information Technology,Security Tools,Hydra Scripting
Information Technology,Security Tools,Hydra Best Practices
Information Technology,Security Tools,Aircrack-ng
Information Technology,Security Tools,Aircrack-ng Administration
Information Technology,Security Tools,Aircrack-ng Development
Information Technology,Security Tools,Aircrack-ng Configuration
Information Technology,Security Tools,Aircrack-ng Troubleshooting
Information Technology,Security Tools,Aircrack-ng Integration
Information Technology,Security Tools,Aircrack-ng Deployment
Information Technology,Security Tools,Aircrack-ng Security Hardening
Information Technology,Security Tools,Aircrack-ng Performance Optimization
Information Technology,Security Tools,Aircrack-ng Migration
Information Technology,Security Tools,Aircrack-ng Automation
Information Technology,Security Tools,Aircrack-ng Support & Maintenance
Information Technology,Security Tools,Aircrack-ng Monitoring
Information Technology,Security Tools,Aircrack-ng Architecture Design
Information Technology,Security Tools,Aircrack-ng Upgrade & Patching
Information Technology,Security Tools,Aircrack-ng Scripting
Information Technology,Security Tools,Aircrack-ng Best Practices
Information Technology,Security Tools,Kali Linux
Information Technology,Security Tools,Kali Linux Administration
Information Technology,Security Tools,Kali Linux Development
Information Technology,Security Tools,Kali Linux Configuration
Information Technology,Security Tools,Kali Linux Troubleshooting
Information Technology,Security Tools,Kali Linux Integration
Information Technology,Security Tools,Kali Linux Deployment
Information Technology,Security Tools,Kali Linux Security Hardening
Information Technology,Security Tools,Kali Linux Performance Optimization
Information Technology,Security Tools,Kali Linux Migration
Information Technology,Security Tools,Kali Linux Automation
Information Technology,Security Tools,Kali Linux Support & Maintenance
Information Technology,Security Tools,Kali Linux Monitoring
Information Technology,Security Tools,Kali Linux Architecture Design
Information Technology,Security Tools,Kali Linux Upgrade & Patching
Information Technology,Security Tools,Kali Linux Scripting
Information Technology,Security Tools,Kali Linux Best Practices
Information Technology,Security Tools,Snort
Information Technology,Security Tools,Snort Administration
Information Technology,Security Tools,Snort Development
Information Technology,Security Tools,Snort Configuration
Information Technology,Security Tools,Snort Troubleshooting
Information Technology,Security Tools,Snort Integration
Information Technology,Security Tools,Snort Deployment
Information Technology,Security Tools,Snort Security Hardening
Information Technology,Security Tools,Snort Performance Optimization
Information Technology,Security Tools,Snort Migration
Information Technology,Security Tools,Snort Automation
Information Technology,Security Tools,Snort Support & Maintenance
Information Technology,Security Tools,Snort Monitoring
Information Technology,Security Tools,Snort Architecture Design
Information Technology,Security Tools,Snort Upgrade & Patching
Information Technology,Security Tools,Snort Scripting
Information Technology,Security Tools,Snort Best Practices
Information Technology,Security Tools,Suricata
Information Technology,Security Tools,Suricata Administration
Information Technology,Security Tools,Suricata Development
Information Technology,Security Tools,Suricata Configuration
Information Technology,Security Tools,Suricata Troubleshooting
Information Technology,Security Tools,Suricata Integration
Information Technology,Security Tools,Suricata Deployment
Information Technology,Security Tools,Suricata Security Hardening
Information Technology,Security Tools,Suricata Performance Optimization
Information Technology,Security Tools,Suricata Migration
Information Technology,Security Tools,Suricata Automation
Information Technology,Security Tools,Suricata Support & Maintenance
Information Technology,Security Tools,Suricata Monitoring
Information Technology,Security Tools,Suricata Architecture Design
Information Technology,Security Tools,Suricata Upgrade & Patching
Information Technology,Security Tools,Suricata Scripting
Information Technology,Security Tools,Suricata Best Practices
Information Technology,Security Tools,OSSEC
Information Technology,Security Tools,OSSEC Administration
Information Technology,Security Tools,OSSEC Development
Information Technology,Security Tools,OSSEC Configuration
Information Technology,Security Tools,OSSEC Troubleshooting
Information Technology,Security Tools,OSSEC Integration
Information Technology,Security Tools,OSSEC Deployment
Information Technology,Security Tools,OSSEC Security Hardening
Information Technology,Security Tools,OSSEC Performance Optimization
Information Technology,Security Tools,OSSEC Migration
Information Technology,Security Tools,OSSEC Automation
Information Technology,Security Tools,OSSEC Support & Maintenance
Information Technology,Security Tools,OSSEC Monitoring
Information Technology,Security Tools,OSSEC Architecture Design
Information Technology,Security Tools,OSSEC Upgrade & Patching
Information Technology,Security Tools,OSSEC Scripting
Information Technology,Security Tools,OSSEC Best Practices
Information Technology,Security Tools,CrowdStrike Falcon
Information Technology,Security Tools,CrowdStrike Falcon Administration
Information Technology,Security Tools,CrowdStrike Falcon Development
Information Technology,Security Tools,CrowdStrike Falcon Configuration
Information Technology,Security Tools,CrowdStrike Falcon Troubleshooting
Information Technology,Security Tools,CrowdStrike Falcon Integration
Information Technology,Security Tools,CrowdStrike Falcon Deployment
Information Technology,Security Tools,CrowdStrike Falcon Security Hardening
Information Technology,Security Tools,CrowdStrike Falcon Performance Optimization
Information Technology,Security Tools,CrowdStrike Falcon Migration
Information Technology,Security Tools,CrowdStrike Falcon Automation
Information Technology,Security Tools,CrowdStrike Falcon Support & Maintenance
Information Technology,Security Tools,CrowdStrike Falcon Monitoring
Information Technology,Security Tools,CrowdStrike Falcon Architecture Design
Information Technology,Security Tools,CrowdStrike Falcon Upgrade & Patching
Information Technology,Security Tools,CrowdStrike Falcon Scripting
Information Technology,Security Tools,CrowdStrike Falcon Best Practices
Information Technology,Security Tools,Carbon Black
Information Technology,Security Tools,Carbon Black Administration
Information Technology,Security Tools,Carbon Black Development
Information Technology,Security Tools,Carbon Black Configuration
Information Technology,Security Tools,Carbon Black Troubleshooting
Information Technology,Security Tools,Carbon Black Integration
Information Technology,Security Tools,Carbon Black Deployment
Information Technology,Security Tools,Carbon Black Security Hardening
Information Technology,Security Tools,Carbon Black Performance Optimization
Information Technology,Security Tools,Carbon Black Migration
Information Technology,Security Tools,Carbon Black Automation
Information Technology,Security Tools,Carbon Black Support & Maintenance
Information Technology,Security Tools,Carbon Black Monitoring
Information Technology,Security Tools,Carbon Black Architecture Design
Information Technology,Security Tools,Carbon Black Upgrade & Patching
Information Technology,Security Tools,Carbon Black Scripting
Information Technology,Security Tools,Carbon Black Best Practices
Information Technology,Security Tools,SentinelOne
Information Technology,Security Tools,SentinelOne Administration
Information Technology,Security Tools,SentinelOne Development
Information Technology,Security Tools,SentinelOne Configuration
Information Technology,Security Tools,SentinelOne Troubleshooting
Information Technology,Security Tools,SentinelOne Integration
Information Technology,Security Tools,SentinelOne Deployment
Information Technology,Security Tools,SentinelOne Security Hardening
Information Technology,Security Tools,SentinelOne Performance Optimization
Information Technology,Security Tools,SentinelOne Migration
Information Technology,Security Tools,SentinelOne Automation
Information Technology,Security Tools,SentinelOne Support & Maintenance
Information Technology,Security Tools,SentinelOne Monitoring
Information Technology,Security Tools,SentinelOne Architecture Design
Information Technology,Security Tools,SentinelOne Upgrade & Patching
Information Technology,Security Tools,SentinelOne Scripting
Information Technology,Security Tools,SentinelOne Best Practices
Information Technology,Security Tools,McAfee Endpoint Security
Information Technology,Security Tools,McAfee Endpoint Security Administration
Information Technology,Security Tools,McAfee Endpoint Security Development
Information Technology,Security Tools,McAfee Endpoint Security Configuration
Information Technology,Security Tools,McAfee Endpoint Security Troubleshooting
Information Technology,Security Tools,McAfee Endpoint Security Integration
Information Technology,Security Tools,McAfee Endpoint Security Deployment
Information Technology,Security Tools,McAfee Endpoint Security Security Hardening
Information Technology,Security Tools,McAfee Endpoint Security Performance Optimization
Information Technology,Security Tools,McAfee Endpoint Security Migration
Information Technology,Security Tools,McAfee Endpoint Security Automation
Information Technology,Security Tools,McAfee Endpoint Security Support & Maintenance
Information Technology,Security Tools,McAfee Endpoint Security Monitoring
Information Technology,Security Tools,McAfee Endpoint Security Architecture Design
Information Technology,Security Tools,McAfee Endpoint Security Upgrade & Patching
Information Technology,Security Tools,McAfee Endpoint Security Scripting
Information Technology,Security Tools,McAfee Endpoint Security Best Practices
Information Technology,Security Tools,Symantec Endpoint Protection
Information Technology,Security Tools,Symantec Endpoint Protection Administration
Information Technology,Security Tools,Symantec Endpoint Protection Development
Information Technology,Security Tools,Symantec Endpoint Protection Configuration
Information Technology,Security Tools,Symantec Endpoint Protection Troubleshooting
Information Technology,Security Tools,Symantec Endpoint Protection Integration
Information Technology,Security Tools,Symantec Endpoint Protection Deployment
Information Technology,Security Tools,Symantec Endpoint Protection Security Hardening
Information Technology,Security Tools,Symantec Endpoint Protection Performance Optimization
Information Technology,Security Tools,Symantec Endpoint Protection Migration
Information Technology,Security Tools,Symantec Endpoint Protection Automation
Information Technology,Security Tools,Symantec Endpoint Protection Support & Maintenance
Information Technology,Security Tools,Symantec Endpoint Protection Monitoring
Information Technology,Security Tools,Symantec Endpoint Protection Architecture Design
Information Technology,Security Tools,Symantec Endpoint Protection Upgrade & Patching
Information Technology,Security Tools,Symantec Endpoint Protection Scripting
Information Technology,Security Tools,Symantec Endpoint Protection Best Practices
Information Technology,Security Tools,Trend Micro
Information Technology,Security Tools,Trend Micro Administration
Information Technology,Security Tools,Trend Micro Development
Information Technology,Security Tools,Trend Micro Configuration
Information Technology,Security Tools,Trend Micro Troubleshooting
Information Technology,Security Tools,Trend Micro Integration
Information Technology,Security Tools,Trend Micro Deployment
Information Technology,Security Tools,Trend Micro Security Hardening
Information Technology,Security Tools,Trend Micro Performance Optimization
Information Technology,Security Tools,Trend Micro Migration
Information Technology,Security Tools,Trend Micro Automation
Information Technology,Security Tools,Trend Micro Support & Maintenance
Information Technology,Security Tools,Trend Micro Monitoring
Information Technology,Security Tools,Trend Micro Architecture Design
Information Technology,Security Tools,Trend Micro Upgrade & Patching
Information Technology,Security Tools,Trend Micro Scripting
Information Technology,Security Tools,Trend Micro Best Practices
Information Technology,Security Tools,Palo Alto Networks Firewall
Information Technology,Security Tools,Palo Alto Networks Firewall Administration
Information Technology,Security Tools,Palo Alto Networks Firewall Development
Information Technology,Security Tools,Palo Alto Networks Firewall Configuration
Information Technology,Security Tools,Palo Alto Networks Firewall Troubleshooting
Information Technology,Security Tools,Palo Alto Networks Firewall Integration
Information Technology,Security Tools,Palo Alto Networks Firewall Deployment
Information Technology,Security Tools,Palo Alto Networks Firewall Security Hardening
Information Technology,Security Tools,Palo Alto Networks Firewall Performance Optimization
Information Technology,Security Tools,Palo Alto Networks Firewall Migration
Information Technology,Security Tools,Palo Alto Networks Firewall Automation
Information Technology,Security Tools,Palo Alto Networks Firewall Support & Maintenance
Information Technology,Security Tools,Palo Alto Networks Firewall Monitoring
Information Technology,Security Tools,Palo Alto Networks Firewall Architecture Design
Information Technology,Security Tools,Palo Alto Networks Firewall Upgrade & Patching
Information Technology,Security Tools,Palo Alto Networks Firewall Scripting
Information Technology,Security Tools,Palo Alto Networks Firewall Best Practices
Information Technology,Security Tools,Fortinet FortiGate
Information Technology,Security Tools,Fortinet FortiGate Administration
Information Technology,Security Tools,Fortinet FortiGate Development
Information Technology,Security Tools,Fortinet FortiGate Configuration
Information Technology,Security Tools,Fortinet FortiGate Troubleshooting
Information Technology,Security Tools,Fortinet FortiGate Integration
Information Technology,Security Tools,Fortinet FortiGate Deployment
Information Technology,Security Tools,Fortinet FortiGate Security Hardening
Information Technology,Security Tools,Fortinet FortiGate Performance Optimization
Information Technology,Security Tools,Fortinet FortiGate Migration
Information Technology,Security Tools,Fortinet FortiGate Automation
Information Technology,Security Tools,Fortinet FortiGate Support & Maintenance
Information Technology,Security Tools,Fortinet FortiGate Monitoring
Information Technology,Security Tools,Fortinet FortiGate Architecture Design
Information Technology,Security Tools,Fortinet FortiGate Upgrade & Patching
Information Technology,Security Tools,Fortinet FortiGate Scripting
Information Technology,Security Tools,Fortinet FortiGate Best Practices
Information Technology,Security Tools,Cisco ASA
Information Technology,Security Tools,Cisco ASA Administration
Information Technology,Security Tools,Cisco ASA Development
Information Technology,Security Tools,Cisco ASA Configuration
Information Technology,Security Tools,Cisco ASA Troubleshooting
Information Technology,Security Tools,Cisco ASA Integration
Information Technology,Security Tools,Cisco ASA Deployment
Information Technology,Security Tools,Cisco ASA Security Hardening
Information Technology,Security Tools,Cisco ASA Performance Optimization
Information Technology,Security Tools,Cisco ASA Migration
Information Technology,Security Tools,Cisco ASA Automation
Information Technology,Security Tools,Cisco ASA Support & Maintenance
Information Technology,Security Tools,Cisco ASA Monitoring
Information Technology,Security Tools,Cisco ASA Architecture Design
Information Technology,Security Tools,Cisco ASA Upgrade & Patching
Information Technology,Security Tools,Cisco ASA Scripting
Information Technology,Security Tools,Cisco ASA Best Practices
Information Technology,Security Tools,Check Point Firewall
Information Technology,Security Tools,Check Point Firewall Administration
Information Technology,Security Tools,Check Point Firewall Development
Information Technology,Security Tools,Check Point Firewall Configuration
Information Technology,Security Tools,Check Point Firewall Troubleshooting
Information Technology,Security Tools,Check Point Firewall Integration
Information Technology,Security Tools,Check Point Firewall Deployment
Information Technology,Security Tools,Check Point Firewall Security Hardening
Information Technology,Security Tools,Check Point Firewall Performance Optimization
Information Technology,Security Tools,Check Point Firewall Migration
Information Technology,Security Tools,Check Point Firewall Automation
Information Technology,Security Tools,Check Point Firewall Support & Maintenance
Information Technology,Security Tools,Check Point Firewall Monitoring
Information Technology,Security Tools,Check Point Firewall Architecture Design
Information Technology,Security Tools,Check Point Firewall Upgrade & Patching
Information Technology,Security Tools,Check Point Firewall Scripting
Information Technology,Security Tools,Check Point Firewall Best Practices
Information Technology,Security Tools,pfSense
Information Technology,Security Tools,pfSense Administration
Information Technology,Security Tools,pfSense Development
Information Technology,Security Tools,pfSense Configuration
Information Technology,Security Tools,pfSense Troubleshooting
Information Technology,Security Tools,pfSense Integration
Information Technology,Security Tools,pfSense Deployment
Information Technology,Security Tools,pfSense Security Hardening
Information Technology,Security Tools,pfSense Performance Optimization
Information Technology,Security Tools,pfSense Migration
Information Technology,Security Tools,pfSense Automation
Information Technology,Security Tools,pfSense Support & Maintenance
Information Technology,Security Tools,pfSense Monitoring
Information Technology,Security Tools,pfSense Architecture Design
Information Technology,Security Tools,pfSense Upgrade & Patching
Information Technology,Security Tools,pfSense Scripting
Information Technology,Security Tools,pfSense Best Practices
Information Technology,Security Tools,Splunk Enterprise Security
Information Technology,Security Tools,Splunk Enterprise Security Administration
Information Technology,Security Tools,Splunk Enterprise Security Development
Information Technology,Security Tools,Splunk Enterprise Security Configuration
Information Technology,Security Tools,Splunk Enterprise Security Troubleshooting
Information Technology,Security Tools,Splunk Enterprise Security Integration
Information Technology,Security Tools,Splunk Enterprise Security Deployment
Information Technology,Security Tools,Splunk Enterprise Security Security Hardening
Information Technology,Security Tools,Splunk Enterprise Security Performance Optimization
Information Technology,Security Tools,Splunk Enterprise Security Migration
Information Technology,Security Tools,Splunk Enterprise Security Automation
Information Technology,Security Tools,Splunk Enterprise Security Support & Maintenance
Information Technology,Security Tools,Splunk Enterprise Security Monitoring
Information Technology,Security Tools,Splunk Enterprise Security Architecture Design
Information Technology,Security Tools,Splunk Enterprise Security Upgrade & Patching
Information Technology,Security Tools,Splunk Enterprise Security Scripting
Information Technology,Security Tools,Splunk Enterprise Security Best Practices
Information Technology,Security Tools,IBM QRadar
Information Technology,Security Tools,IBM QRadar Administration
Information Technology,Security Tools,IBM QRadar Development
Information Technology,Security Tools,IBM QRadar Configuration
Information Technology,Security Tools,IBM QRadar Troubleshooting
Information Technology,Security Tools,IBM QRadar Integration
Information Technology,Security Tools,IBM QRadar Deployment
Information Technology,Security Tools,IBM QRadar Security Hardening
Information Technology,Security Tools,IBM QRadar Performance Optimization
Information Technology,Security Tools,IBM QRadar Migration
Information Technology,Security Tools,IBM QRadar Automation
Information Technology,Security Tools,IBM QRadar Support & Maintenance
Information Technology,Security Tools,IBM QRadar Monitoring
Information Technology,Security Tools,IBM QRadar Architecture Design
Information Technology,Security Tools,IBM QRadar Upgrade & Patching
Information Technology,Security Tools,IBM QRadar Scripting
Information Technology,Security Tools,IBM QRadar Best Practices
Information Technology,Security Tools,Microsoft Sentinel
Information Technology,Security Tools,Microsoft Sentinel Administration
Information Technology,Security Tools,Microsoft Sentinel Development
Information Technology,Security Tools,Microsoft Sentinel Configuration
Information Technology,Security Tools,Microsoft Sentinel Troubleshooting
Information Technology,Security Tools,Microsoft Sentinel Integration
Information Technology,Security Tools,Microsoft Sentinel Deployment
Information Technology,Security Tools,Microsoft Sentinel Security Hardening
Information Technology,Security Tools,Microsoft Sentinel Performance Optimization
Information Technology,Security Tools,Microsoft Sentinel Migration
Information Technology,Security Tools,Microsoft Sentinel Automation
Information Technology,Security Tools,Microsoft Sentinel Support & Maintenance
Information Technology,Security Tools,Microsoft Sentinel Monitoring
Information Technology,Security Tools,Microsoft Sentinel Architecture Design
Information Technology,Security Tools,Microsoft Sentinel Upgrade & Patching
Information Technology,Security Tools,Microsoft Sentinel Scripting
Information Technology,Security Tools,Microsoft Sentinel Best Practices
Information Technology,Security Tools,Rapid7 InsightVM
Information Technology,Security Tools,Rapid7 InsightVM Administration
Information Technology,Security Tools,Rapid7 InsightVM Development
Information Technology,Security Tools,Rapid7 InsightVM Configuration
Information Technology,Security Tools,Rapid7 InsightVM Troubleshooting
Information Technology,Security Tools,Rapid7 InsightVM Integration
Information Technology,Security Tools,Rapid7 InsightVM Deployment
Information Technology,Security Tools,Rapid7 InsightVM Security Hardening
Information Technology,Security Tools,Rapid7 InsightVM Performance Optimization
Information Technology,Security Tools,Rapid7 InsightVM Migration
Information Technology,Security Tools,Rapid7 InsightVM Automation
Information Technology,Security Tools,Rapid7 InsightVM Support & Maintenance
Information Technology,Security Tools,Rapid7 InsightVM Monitoring
Information Technology,Security Tools,Rapid7 InsightVM Architecture Design
Information Technology,Security Tools,Rapid7 InsightVM Upgrade & Patching
Information Technology,Security Tools,Rapid7 InsightVM Scripting
Information Technology,Security Tools,Rapid7 InsightVM Best Practices
Information Technology,Security Tools,Tenable.io
Information Technology,Security Tools,Tenable.io Administration
Information Technology,Security Tools,Tenable.io Development
Information Technology,Security Tools,Tenable.io Configuration
Information Technology,Security Tools,Tenable.io Troubleshooting
Information Technology,Security Tools,Tenable.io Integration
Information Technology,Security Tools,Tenable.io Deployment
Information Technology,Security Tools,Tenable.io Security Hardening
Information Technology,Security Tools,Tenable.io Performance Optimization
Information Technology,Security Tools,Tenable.io Migration
Information Technology,Security Tools,Tenable.io Automation
Information Technology,Security Tools,Tenable.io Support & Maintenance
Information Technology,Security Tools,Tenable.io Monitoring
Information Technology,Security Tools,Tenable.io Architecture Design
Information Technology,Security Tools,Tenable.io Upgrade & Patching
Information Technology,Security Tools,Tenable.io Scripting
Information Technology,Security Tools,Tenable.io Best Practices
Information Technology,Security Tools,Cobalt Strike
Information Technology,Security Tools,Cobalt Strike Administration
Information Technology,Security Tools,Cobalt Strike Development
Information Technology,Security Tools,Cobalt Strike Configuration
Information Technology,Security Tools,Cobalt Strike Troubleshooting
Information Technology,Security Tools,Cobalt Strike Integration
Information Technology,Security Tools,Cobalt Strike Deployment
Information Technology,Security Tools,Cobalt Strike Security Hardening
Information Technology,Security Tools,Cobalt Strike Performance Optimization
Information Technology,Security Tools,Cobalt Strike Migration
Information Technology,Security Tools,Cobalt Strike Automation
Information Technology,Security Tools,Cobalt Strike Support & Maintenance
Information Technology,Security Tools,Cobalt Strike Monitoring
Information Technology,Security Tools,Cobalt Strike Architecture Design
Information Technology,Security Tools,Cobalt Strike Upgrade & Patching
Information Technology,Security Tools,Cobalt Strike Scripting
Information Technology,Security Tools,Cobalt Strike Best Practices
Information Technology,Security Tools,BloodHound
Information Technology,Security Tools,BloodHound Administration
Information Technology,Security Tools,BloodHound Development
Information Technology,Security Tools,BloodHound Configuration
Information Technology,Security Tools,BloodHound Troubleshooting
Information Technology,Security Tools,BloodHound Integration
Information Technology,Security Tools,BloodHound Deployment
Information Technology,Security Tools,BloodHound Security Hardening
Information Technology,Security Tools,BloodHound Performance Optimization
Information Technology,Security Tools,BloodHound Migration
Information Technology,Security Tools,BloodHound Automation
Information Technology,Security Tools,BloodHound Support & Maintenance
Information Technology,Security Tools,BloodHound Monitoring
Information Technology,Security Tools,BloodHound Architecture Design
Information Technology,Security Tools,BloodHound Upgrade & Patching
Information Technology,Security Tools,BloodHound Scripting
Information Technology,Security Tools,BloodHound Best Practices
Information Technology,Security Tools,OWASP ZAP
Information Technology,Security Tools,OWASP ZAP Administration
Information Technology,Security Tools,OWASP ZAP Development
Information Technology,Security Tools,OWASP ZAP Configuration
Information Technology,Security Tools,OWASP ZAP Troubleshooting
Information Technology,Security Tools,OWASP ZAP Integration
Information Technology,Security Tools,OWASP ZAP Deployment
Information Technology,Security Tools,OWASP ZAP Security Hardening
Information Technology,Security Tools,OWASP ZAP Performance Optimization
Information Technology,Security Tools,OWASP ZAP Migration
Information Technology,Security Tools,OWASP ZAP Automation
Information Technology,Security Tools,OWASP ZAP Support & Maintenance
Information Technology,Security Tools,OWASP ZAP Monitoring
Information Technology,Security Tools,OWASP ZAP Architecture Design
Information Technology,Security Tools,OWASP ZAP Upgrade & Patching
Information Technology,Security Tools,OWASP ZAP Scripting
Information Technology,Security Tools,OWASP ZAP Best Practices
Information Technology,Networking Technologies,Cisco IOS
Information Technology,Networking Technologies,Cisco IOS Administration
Information Technology,Networking Technologies,Cisco IOS Development
Information Technology,Networking Technologies,Cisco IOS Configuration
Information Technology,Networking Technologies,Cisco IOS Troubleshooting
Information Technology,Networking Technologies,Cisco IOS Integration
Information Technology,Networking Technologies,Cisco IOS Deployment
Information Technology,Networking Technologies,Cisco IOS Security Hardening
Information Technology,Networking Technologies,Cisco IOS Performance Optimization
Information Technology,Networking Technologies,Cisco IOS Migration
Information Technology,Networking Technologies,Cisco IOS Automation
Information Technology,Networking Technologies,Cisco IOS Support & Maintenance
Information Technology,Networking Technologies,Cisco IOS Monitoring
Information Technology,Networking Technologies,Cisco IOS Architecture Design
Information Technology,Networking Technologies,Cisco IOS Upgrade & Patching
Information Technology,Networking Technologies,Cisco IOS Scripting
Information Technology,Networking Technologies,Cisco IOS Best Practices
Information Technology,Networking Technologies,Cisco Nexus
Information Technology,Networking Technologies,Cisco Nexus Administration
Information Technology,Networking Technologies,Cisco Nexus Development
Information Technology,Networking Technologies,Cisco Nexus Configuration
Information Technology,Networking Technologies,Cisco Nexus Troubleshooting
Information Technology,Networking Technologies,Cisco Nexus Integration
Information Technology,Networking Technologies,Cisco Nexus Deployment
Information Technology,Networking Technologies,Cisco Nexus Security Hardening
Information Technology,Networking Technologies,Cisco Nexus Performance Optimization
Information Technology,Networking Technologies,Cisco Nexus Migration
Information Technology,Networking Technologies,Cisco Nexus Automation
Information Technology,Networking Technologies,Cisco Nexus Support & Maintenance
Information Technology,Networking Technologies,Cisco Nexus Monitoring
Information Technology,Networking Technologies,Cisco Nexus Architecture Design
Information Technology,Networking Technologies,Cisco Nexus Upgrade & Patching
Information Technology,Networking Technologies,Cisco Nexus Scripting
Information Technology,Networking Technologies,Cisco Nexus Best Practices
Information Technology,Networking Technologies,Juniper Junos
Information Technology,Networking Technologies,Juniper Junos Administration
Information Technology,Networking Technologies,Juniper Junos Development
Information Technology,Networking Technologies,Juniper Junos Configuration
Information Technology,Networking Technologies,Juniper Junos Troubleshooting
Information Technology,Networking Technologies,Juniper Junos Integration
Information Technology,Networking Technologies,Juniper Junos Deployment
Information Technology,Networking Technologies,Juniper Junos Security Hardening
Information Technology,Networking Technologies,Juniper Junos Performance Optimization
Information Technology,Networking Technologies,Juniper Junos Migration
Information Technology,Networking Technologies,Juniper Junos Automation
Information Technology,Networking Technologies,Juniper Junos Support & Maintenance
Information Technology,Networking Technologies,Juniper Junos Monitoring
Information Technology,Networking Technologies,Juniper Junos Architecture Design
Information Technology,Networking Technologies,Juniper Junos Upgrade & Patching
Information Technology,Networking Technologies,Juniper Junos Scripting
Information Technology,Networking Technologies,Juniper Junos Best Practices
Information Technology,Networking Technologies,F5 BIG-IP
Information Technology,Networking Technologies,F5 BIG-IP Administration
Information Technology,Networking Technologies,F5 BIG-IP Development
Information Technology,Networking Technologies,F5 BIG-IP Configuration
Information Technology,Networking Technologies,F5 BIG-IP Troubleshooting
Information Technology,Networking Technologies,F5 BIG-IP Integration
Information Technology,Networking Technologies,F5 BIG-IP Deployment
Information Technology,Networking Technologies,F5 BIG-IP Security Hardening
Information Technology,Networking Technologies,F5 BIG-IP Performance Optimization
Information Technology,Networking Technologies,F5 BIG-IP Migration
Information Technology,Networking Technologies,F5 BIG-IP Automation
Information Technology,Networking Technologies,F5 BIG-IP Support & Maintenance
Information Technology,Networking Technologies,F5 BIG-IP Monitoring
Information Technology,Networking Technologies,F5 BIG-IP Architecture Design
Information Technology,Networking Technologies,F5 BIG-IP Upgrade & Patching
Information Technology,Networking Technologies,F5 BIG-IP Scripting
Information Technology,Networking Technologies,F5 BIG-IP Best Practices
Information Technology,Networking Technologies,Citrix NetScaler
Information Technology,Networking Technologies,Citrix NetScaler Administration
Information Technology,Networking Technologies,Citrix NetScaler Development
Information Technology,Networking Technologies,Citrix NetScaler Configuration
Information Technology,Networking Technologies,Citrix NetScaler Troubleshooting
Information Technology,Networking Technologies,Citrix NetScaler Integration
Information Technology,Networking Technologies,Citrix NetScaler Deployment
Information Technology,Networking Technologies,Citrix NetScaler Security Hardening
Information Technology,Networking Technologies,Citrix NetScaler Performance Optimization
Information Technology,Networking Technologies,Citrix NetScaler Migration
Information Technology,Networking Technologies,Citrix NetScaler Automation
Information Technology,Networking Technologies,Citrix NetScaler Support & Maintenance
Information Technology,Networking Technologies,Citrix NetScaler Monitoring
Information Technology,Networking Technologies,Citrix NetScaler Architecture Design
Information Technology,Networking Technologies,Citrix NetScaler Upgrade & Patching
Information Technology,Networking Technologies,Citrix NetScaler Scripting
Information Technology,Networking Technologies,Citrix NetScaler Best Practices
Information Technology,Networking Technologies,A10 Networks
Information Technology,Networking Technologies,A10 Networks Administration
Information Technology,Networking Technologies,A10 Networks Development
Information Technology,Networking Technologies,A10 Networks Configuration
Information Technology,Networking Technologies,A10 Networks Troubleshooting
Information Technology,Networking Technologies,A10 Networks Integration
Information Technology,Networking Technologies,A10 Networks Deployment
Information Technology,Networking Technologies,A10 Networks Security Hardening
Information Technology,Networking Technologies,A10 Networks Performance Optimization
Information Technology,Networking Technologies,A10 Networks Migration
Information Technology,Networking Technologies,A10 Networks Automation
Information Technology,Networking Technologies,A10 Networks Support & Maintenance
Information Technology,Networking Technologies,A10 Networks Monitoring
Information Technology,Networking Technologies,A10 Networks Architecture Design
Information Technology,Networking Technologies,A10 Networks Upgrade & Patching
Information Technology,Networking Technologies,A10 Networks Scripting
Information Technology,Networking Technologies,A10 Networks Best Practices
Information Technology,Networking Technologies,Cisco Meraki
Information Technology,Networking Technologies,Cisco Meraki Administration
Information Technology,Networking Technologies,Cisco Meraki Development
Information Technology,Networking Technologies,Cisco Meraki Configuration
Information Technology,Networking Technologies,Cisco Meraki Troubleshooting
Information Technology,Networking Technologies,Cisco Meraki Integration
Information Technology,Networking Technologies,Cisco Meraki Deployment
Information Technology,Networking Technologies,Cisco Meraki Security Hardening
Information Technology,Networking Technologies,Cisco Meraki Performance Optimization
Information Technology,Networking Technologies,Cisco Meraki Migration
Information Technology,Networking Technologies,Cisco Meraki Automation
Information Technology,Networking Technologies,Cisco Meraki Support & Maintenance
Information Technology,Networking Technologies,Cisco Meraki Monitoring
Information Technology,Networking Technologies,Cisco Meraki Architecture Design
Information Technology,Networking Technologies,Cisco Meraki Upgrade & Patching
Information Technology,Networking Technologies,Cisco Meraki Scripting
Information Technology,Networking Technologies,Cisco Meraki Best Practices
Information Technology,Networking Technologies,Ubiquiti UniFi
Information Technology,Networking Technologies,Ubiquiti UniFi Administration
Information Technology,Networking Technologies,Ubiquiti UniFi Development
Information Technology,Networking Technologies,Ubiquiti UniFi Configuration
Information Technology,Networking Technologies,Ubiquiti UniFi Troubleshooting
Information Technology,Networking Technologies,Ubiquiti UniFi Integration
Information Technology,Networking Technologies,Ubiquiti UniFi Deployment
Information Technology,Networking Technologies,Ubiquiti UniFi Security Hardening
Information Technology,Networking Technologies,Ubiquiti UniFi Performance Optimization
Information Technology,Networking Technologies,Ubiquiti UniFi Migration
Information Technology,Networking Technologies,Ubiquiti UniFi Automation
Information Technology,Networking Technologies,Ubiquiti UniFi Support & Maintenance
Information Technology,Networking Technologies,Ubiquiti UniFi Monitoring
Information Technology,Networking Technologies,Ubiquiti UniFi Architecture Design
Information Technology,Networking Technologies,Ubiquiti UniFi Upgrade & Patching
Information Technology,Networking Technologies,Ubiquiti UniFi Scripting
Information Technology,Networking Technologies,Ubiquiti UniFi Best Practices
Information Technology,Networking Technologies,Aruba Networks
Information Technology,Networking Technologies,Aruba Networks Administration
Information Technology,Networking Technologies,Aruba Networks Development
Information Technology,Networking Technologies,Aruba Networks Configuration
Information Technology,Networking Technologies,Aruba Networks Troubleshooting
Information Technology,Networking Technologies,Aruba Networks Integration
Information Technology,Networking Technologies,Aruba Networks Deployment
Information Technology,Networking Technologies,Aruba Networks Security Hardening
Information Technology,Networking Technologies,Aruba Networks Performance Optimization
Information Technology,Networking Technologies,Aruba Networks Migration
Information Technology,Networking Technologies,Aruba Networks Automation
Information Technology,Networking Technologies,Aruba Networks Support & Maintenance
Information Technology,Networking Technologies,Aruba Networks Monitoring
Information Technology,Networking Technologies,Aruba Networks Architecture Design
Information Technology,Networking Technologies,Aruba Networks Upgrade & Patching
Information Technology,Networking Technologies,Aruba Networks Scripting
Information Technology,Networking Technologies,Aruba Networks Best Practices
Information Technology,Networking Technologies,HPE Networking
Information Technology,Networking Technologies,HPE Networking Administration
Information Technology,Networking Technologies,HPE Networking Development
Information Technology,Networking Technologies,HPE Networking Configuration
Information Technology,Networking Technologies,HPE Networking Troubleshooting
Information Technology,Networking Technologies,HPE Networking Integration
Information Technology,Networking Technologies,HPE Networking Deployment
Information Technology,Networking Technologies,HPE Networking Security Hardening
Information Technology,Networking Technologies,HPE Networking Performance Optimization
Information Technology,Networking Technologies,HPE Networking Migration
Information Technology,Networking Technologies,HPE Networking Automation
Information Technology,Networking Technologies,HPE Networking Support & Maintenance
Information Technology,Networking Technologies,HPE Networking Monitoring
Information Technology,Networking Technologies,HPE Networking Architecture Design
Information Technology,Networking Technologies,HPE Networking Upgrade & Patching
Information Technology,Networking Technologies,HPE Networking Scripting
Information Technology,Networking Technologies,HPE Networking Best Practices
Information Technology,Networking Technologies,Extreme Networks
Information Technology,Networking Technologies,Extreme Networks Administration
Information Technology,Networking Technologies,Extreme Networks Development
Information Technology,Networking Technologies,Extreme Networks Configuration
Information Technology,Networking Technologies,Extreme Networks Troubleshooting
Information Technology,Networking Technologies,Extreme Networks Integration
Information Technology,Networking Technologies,Extreme Networks Deployment
Information Technology,Networking Technologies,Extreme Networks Security Hardening
Information Technology,Networking Technologies,Extreme Networks Performance Optimization
Information Technology,Networking Technologies,Extreme Networks Migration
Information Technology,Networking Technologies,Extreme Networks Automation
Information Technology,Networking Technologies,Extreme Networks Support & Maintenance
Information Technology,Networking Technologies,Extreme Networks Monitoring
Information Technology,Networking Technologies,Extreme Networks Architecture Design
Information Technology,Networking Technologies,Extreme Networks Upgrade & Patching
Information Technology,Networking Technologies,Extreme Networks Scripting
Information Technology,Networking Technologies,Extreme Networks Best Practices
Information Technology,Networking Technologies,MPLS
Information Technology,Networking Technologies,MPLS Administration
Information Technology,Networking Technologies,MPLS Development
Information Technology,Networking Technologies,MPLS Configuration
Information Technology,Networking Technologies,MPLS Troubleshooting
Information Technology,Networking Technologies,MPLS Integration
Information Technology,Networking Technologies,MPLS Deployment
Information Technology,Networking Technologies,MPLS Security Hardening
Information Technology,Networking Technologies,MPLS Performance Optimization
Information Technology,Networking Technologies,MPLS Migration
Information Technology,Networking Technologies,MPLS Automation
Information Technology,Networking Technologies,MPLS Support & Maintenance
Information Technology,Networking Technologies,MPLS Monitoring
Information Technology,Networking Technologies,MPLS Architecture Design
Information Technology,Networking Technologies,MPLS Upgrade & Patching
Information Technology,Networking Technologies,MPLS Scripting
Information Technology,Networking Technologies,MPLS Best Practices
Information Technology,Networking Technologies,BGP
Information Technology,Networking Technologies,BGP Administration
Information Technology,Networking Technologies,BGP Development
Information Technology,Networking Technologies,BGP Configuration
Information Technology,Networking Technologies,BGP Troubleshooting
Information Technology,Networking Technologies,BGP Integration
Information Technology,Networking Technologies,BGP Deployment
Information Technology,Networking Technologies,BGP Security Hardening
Information Technology,Networking Technologies,BGP Performance Optimization
Information Technology,Networking Technologies,BGP Migration
Information Technology,Networking Technologies,BGP Automation
Information Technology,Networking Technologies,BGP Support & Maintenance
Information Technology,Networking Technologies,BGP Monitoring
Information Technology,Networking Technologies,BGP Architecture Design
Information Technology,Networking Technologies,BGP Upgrade & Patching
Information Technology,Networking Technologies,BGP Scripting
Information Technology,Networking Technologies,BGP Best Practices
Information Technology,Networking Technologies,OSPF
Information Technology,Networking Technologies,OSPF Administration
Information Technology,Networking Technologies,OSPF Development
Information Technology,Networking Technologies,OSPF Configuration
Information Technology,Networking Technologies,OSPF Troubleshooting
Information Technology,Networking Technologies,OSPF Integration
Information Technology,Networking Technologies,OSPF Deployment
Information Technology,Networking Technologies,OSPF Security Hardening
Information Technology,Networking Technologies,OSPF Performance Optimization
Information Technology,Networking Technologies,OSPF Migration
Information Technology,Networking Technologies,OSPF Automation
Information Technology,Networking Technologies,OSPF Support & Maintenance
Information Technology,Networking Technologies,OSPF Monitoring
Information Technology,Networking Technologies,OSPF Architecture Design
Information Technology,Networking Technologies,OSPF Upgrade & Patching
Information Technology,Networking Technologies,OSPF Scripting
Information Technology,Networking Technologies,OSPF Best Practices
Information Technology,Networking Technologies,EIGRP
Information Technology,Networking Technologies,EIGRP Administration
Information Technology,Networking Technologies,EIGRP Development
Information Technology,Networking Technologies,EIGRP Configuration
Information Technology,Networking Technologies,EIGRP Troubleshooting
Information Technology,Networking Technologies,EIGRP Integration
Information Technology,Networking Technologies,EIGRP Deployment
Information Technology,Networking Technologies,EIGRP Security Hardening
Information Technology,Networking Technologies,EIGRP Performance Optimization
Information Technology,Networking Technologies,EIGRP Migration
Information Technology,Networking Technologies,EIGRP Automation
Information Technology,Networking Technologies,EIGRP Support & Maintenance
Information Technology,Networking Technologies,EIGRP Monitoring
Information Technology,Networking Technologies,EIGRP Architecture Design
Information Technology,Networking Technologies,EIGRP Upgrade & Patching
Information Technology,Networking Technologies,EIGRP Scripting
Information Technology,Networking Technologies,EIGRP Best Practices
Information Technology,Networking Technologies,VLAN Configuration
Information Technology,Networking Technologies,VLAN Configuration Administration
Information Technology,Networking Technologies,VLAN Configuration Development
Information Technology,Networking Technologies,VLAN Configuration Configuration
Information Technology,Networking Technologies,VLAN Configuration Troubleshooting
Information Technology,Networking Technologies,VLAN Configuration Integration
Information Technology,Networking Technologies,VLAN Configuration Deployment
Information Technology,Networking Technologies,VLAN Configuration Security Hardening
Information Technology,Networking Technologies,VLAN Configuration Performance Optimization
Information Technology,Networking Technologies,VLAN Configuration Migration
Information Technology,Networking Technologies,VLAN Configuration Automation
Information Technology,Networking Technologies,VLAN Configuration Support & Maintenance
Information Technology,Networking Technologies,VLAN Configuration Monitoring
Information Technology,Networking Technologies,VLAN Configuration Architecture Design
Information Technology,Networking Technologies,VLAN Configuration Upgrade & Patching
Information Technology,Networking Technologies,VLAN Configuration Scripting
Information Technology,Networking Technologies,VLAN Configuration Best Practices
Information Technology,Networking Technologies,IPSec VPN
Information Technology,Networking Technologies,IPSec VPN Administration
Information Technology,Networking Technologies,IPSec VPN Development
Information Technology,Networking Technologies,IPSec VPN Configuration
Information Technology,Networking Technologies,IPSec VPN Troubleshooting
Information Technology,Networking Technologies,IPSec VPN Integration
Information Technology,Networking Technologies,IPSec VPN Deployment
Information Technology,Networking Technologies,IPSec VPN Security Hardening
Information Technology,Networking Technologies,IPSec VPN Performance Optimization
Information Technology,Networking Technologies,IPSec VPN Migration
Information Technology,Networking Technologies,IPSec VPN Automation
Information Technology,Networking Technologies,IPSec VPN Support & Maintenance
Information Technology,Networking Technologies,IPSec VPN Monitoring
Information Technology,Networking Technologies,IPSec VPN Architecture Design
Information Technology,Networking Technologies,IPSec VPN Upgrade & Patching
Information Technology,Networking Technologies,IPSec VPN Scripting
Information Technology,Networking Technologies,IPSec VPN Best Practices
Information Technology,Networking Technologies,SD-WAN
Information Technology,Networking Technologies,SD-WAN Administration
Information Technology,Networking Technologies,SD-WAN Development
Information Technology,Networking Technologies,SD-WAN Configuration
Information Technology,Networking Technologies,SD-WAN Troubleshooting
Information Technology,Networking Technologies,SD-WAN Integration
Information Technology,Networking Technologies,SD-WAN Deployment
Information Technology,Networking Technologies,SD-WAN Security Hardening
Information Technology,Networking Technologies,SD-WAN Performance Optimization
Information Technology,Networking Technologies,SD-WAN Migration
Information Technology,Networking Technologies,SD-WAN Automation
Information Technology,Networking Technologies,SD-WAN Support & Maintenance
Information Technology,Networking Technologies,SD-WAN Monitoring
Information Technology,Networking Technologies,SD-WAN Architecture Design
Information Technology,Networking Technologies,SD-WAN Upgrade & Patching
Information Technology,Networking Technologies,SD-WAN Scripting
Information Technology,Networking Technologies,SD-WAN Best Practices
Information Technology,Networking Technologies,DNS Management
Information Technology,Networking Technologies,DNS Management Administration
Information Technology,Networking Technologies,DNS Management Development
Information Technology,Networking Technologies,DNS Management Configuration
Information Technology,Networking Technologies,DNS Management Troubleshooting
Information Technology,Networking Technologies,DNS Management Integration
Information Technology,Networking Technologies,DNS Management Deployment
Information Technology,Networking Technologies,DNS Management Security Hardening
Information Technology,Networking Technologies,DNS Management Performance Optimization
Information Technology,Networking Technologies,DNS Management Migration
Information Technology,Networking Technologies,DNS Management Automation
Information Technology,Networking Technologies,DNS Management Support & Maintenance
Information Technology,Networking Technologies,DNS Management Monitoring
Information Technology,Networking Technologies,DNS Management Architecture Design
Information Technology,Networking Technologies,DNS Management Upgrade & Patching
Information Technology,Networking Technologies,DNS Management Scripting
Information Technology,Networking Technologies,DNS Management Best Practices
Information Technology,Networking Technologies,DHCP Configuration
Information Technology,Networking Technologies,DHCP Configuration Administration
Information Technology,Networking Technologies,DHCP Configuration Development
Information Technology,Networking Technologies,DHCP Configuration Configuration
Information Technology,Networking Technologies,DHCP Configuration Troubleshooting
Information Technology,Networking Technologies,DHCP Configuration Integration
Information Technology,Networking Technologies,DHCP Configuration Deployment
Information Technology,Networking Technologies,DHCP Configuration Security Hardening
Information Technology,Networking Technologies,DHCP Configuration Performance Optimization
Information Technology,Networking Technologies,DHCP Configuration Migration
Information Technology,Networking Technologies,DHCP Configuration Automation
Information Technology,Networking Technologies,DHCP Configuration Support & Maintenance
Information Technology,Networking Technologies,DHCP Configuration Monitoring
Information Technology,Networking Technologies,DHCP Configuration Architecture Design
Information Technology,Networking Technologies,DHCP Configuration Upgrade & Patching
Information Technology,Networking Technologies,DHCP Configuration Scripting
Information Technology,Networking Technologies,DHCP Configuration Best Practices
Information Technology,Networking Technologies,802.1X Authentication
Information Technology,Networking Technologies,802.1X Authentication Administration
Information Technology,Networking Technologies,802.1X Authentication Development
Information Technology,Networking Technologies,802.1X Authentication Configuration
Information Technology,Networking Technologies,802.1X Authentication Troubleshooting
Information Technology,Networking Technologies,802.1X Authentication Integration
Information Technology,Networking Technologies,802.1X Authentication Deployment
Information Technology,Networking Technologies,802.1X Authentication Security Hardening
Information Technology,Networking Technologies,802.1X Authentication Performance Optimization
Information Technology,Networking Technologies,802.1X Authentication Migration
Information Technology,Networking Technologies,802.1X Authentication Automation
Information Technology,Networking Technologies,802.1X Authentication Support & Maintenance
Information Technology,Networking Technologies,802.1X Authentication Monitoring
Information Technology,Networking Technologies,802.1X Authentication Architecture Design
Information Technology,Networking Technologies,802.1X Authentication Upgrade & Patching
Information Technology,Networking Technologies,802.1X Authentication Scripting
Information Technology,Networking Technologies,802.1X Authentication Best Practices
Information Technology,Networking Technologies,Spanning Tree Protocol
Information Technology,Networking Technologies,Spanning Tree Protocol Administration
Information Technology,Networking Technologies,Spanning Tree Protocol Development
Information Technology,Networking Technologies,Spanning Tree Protocol Configuration
Information Technology,Networking Technologies,Spanning Tree Protocol Troubleshooting
Information Technology,Networking Technologies,Spanning Tree Protocol Integration
Information Technology,Networking Technologies,Spanning Tree Protocol Deployment
Information Technology,Networking Technologies,Spanning Tree Protocol Security Hardening
Information Technology,Networking Technologies,Spanning Tree Protocol Performance Optimization
Information Technology,Networking Technologies,Spanning Tree Protocol Migration
Information Technology,Networking Technologies,Spanning Tree Protocol Automation
Information Technology,Networking Technologies,Spanning Tree Protocol Support & Maintenance
Information Technology,Networking Technologies,Spanning Tree Protocol Monitoring
Information Technology,Networking Technologies,Spanning Tree Protocol Architecture Design
Information Technology,Networking Technologies,Spanning Tree Protocol Upgrade & Patching
Information Technology,Networking Technologies,Spanning Tree Protocol Scripting
Information Technology,Networking Technologies,Spanning Tree Protocol Best Practices
Information Technology,Networking Technologies,IPv6
Information Technology,Networking Technologies,IPv6 Administration
Information Technology,Networking Technologies,IPv6 Development
Information Technology,Networking Technologies,IPv6 Configuration
Information Technology,Networking Technologies,IPv6 Troubleshooting
Information Technology,Networking Technologies,IPv6 Integration
Information Technology,Networking Technologies,IPv6 Deployment
Information Technology,Networking Technologies,IPv6 Security Hardening
Information Technology,Networking Technologies,IPv6 Performance Optimization
Information Technology,Networking Technologies,IPv6 Migration
Information Technology,Networking Technologies,IPv6 Automation
Information Technology,Networking Technologies,IPv6 Support & Maintenance
Information Technology,Networking Technologies,IPv6 Monitoring
Information Technology,Networking Technologies,IPv6 Architecture Design
Information Technology,Networking Technologies,IPv6 Upgrade & Patching
Information Technology,Networking Technologies,IPv6 Scripting
Information Technology,Networking Technologies,IPv6 Best Practices
Information Technology,Networking Technologies,SNMP
Information Technology,Networking Technologies,SNMP Administration
Information Technology,Networking Technologies,SNMP Development
Information Technology,Networking Technologies,SNMP Configuration
Information Technology,Networking Technologies,SNMP Troubleshooting
Information Technology,Networking Technologies,SNMP Integration
Information Technology,Networking Technologies,SNMP Deployment
Information Technology,Networking Technologies,SNMP Security Hardening
Information Technology,Networking Technologies,SNMP Performance Optimization
Information Technology,Networking Technologies,SNMP Migration
Information Technology,Networking Technologies,SNMP Automation
Information Technology,Networking Technologies,SNMP Support & Maintenance
Information Technology,Networking Technologies,SNMP Monitoring
Information Technology,Networking Technologies,SNMP Architecture Design
Information Technology,Networking Technologies,SNMP Upgrade & Patching
Information Technology,Networking Technologies,SNMP Scripting
Information Technology,Networking Technologies,SNMP Best Practices
Information Technology,Networking Technologies,NetFlow
Information Technology,Networking Technologies,NetFlow Administration
Information Technology,Networking Technologies,NetFlow Development
Information Technology,Networking Technologies,NetFlow Configuration
Information Technology,Networking Technologies,NetFlow Troubleshooting
Information Technology,Networking Technologies,NetFlow Integration
Information Technology,Networking Technologies,NetFlow Deployment
Information Technology,Networking Technologies,NetFlow Security Hardening
Information Technology,Networking Technologies,NetFlow Performance Optimization
Information Technology,Networking Technologies,NetFlow Migration
Information Technology,Networking Technologies,NetFlow Automation
Information Technology,Networking Technologies,NetFlow Support & Maintenance
Information Technology,Networking Technologies,NetFlow Monitoring
Information Technology,Networking Technologies,NetFlow Architecture Design
Information Technology,Networking Technologies,NetFlow Upgrade & Patching
Information Technology,Networking Technologies,NetFlow Scripting
Information Technology,Networking Technologies,NetFlow Best Practices
Information Technology,Testing & QA Tools,Selenium WebDriver
Information Technology,Testing & QA Tools,Selenium WebDriver Administration
Information Technology,Testing & QA Tools,Selenium WebDriver Development
Information Technology,Testing & QA Tools,Selenium WebDriver Configuration
Information Technology,Testing & QA Tools,Selenium WebDriver Troubleshooting
Information Technology,Testing & QA Tools,Selenium WebDriver Integration
Information Technology,Testing & QA Tools,Selenium WebDriver Deployment
Information Technology,Testing & QA Tools,Selenium WebDriver Security Hardening
Information Technology,Testing & QA Tools,Selenium WebDriver Performance Optimization
Information Technology,Testing & QA Tools,Selenium WebDriver Migration
Information Technology,Testing & QA Tools,Selenium WebDriver Automation
Information Technology,Testing & QA Tools,Selenium WebDriver Support & Maintenance
Information Technology,Testing & QA Tools,Selenium WebDriver Monitoring
Information Technology,Testing & QA Tools,Selenium WebDriver Architecture Design
Information Technology,Testing & QA Tools,Selenium WebDriver Upgrade & Patching
Information Technology,Testing & QA Tools,Selenium WebDriver Scripting
Information Technology,Testing & QA Tools,Selenium WebDriver Best Practices
Information Technology,Testing & QA Tools,Appium
Information Technology,Testing & QA Tools,Appium Administration
Information Technology,Testing & QA Tools,Appium Development
Information Technology,Testing & QA Tools,Appium Configuration
Information Technology,Testing & QA Tools,Appium Troubleshooting
Information Technology,Testing & QA Tools,Appium Integration
Information Technology,Testing & QA Tools,Appium Deployment
Information Technology,Testing & QA Tools,Appium Security Hardening
Information Technology,Testing & QA Tools,Appium Performance Optimization
Information Technology,Testing & QA Tools,Appium Migration
Information Technology,Testing & QA Tools,Appium Automation
Information Technology,Testing & QA Tools,Appium Support & Maintenance
Information Technology,Testing & QA Tools,Appium Monitoring
Information Technology,Testing & QA Tools,Appium Architecture Design
Information Technology,Testing & QA Tools,Appium Upgrade & Patching
Information Technology,Testing & QA Tools,Appium Scripting
Information Technology,Testing & QA Tools,Appium Best Practices
Information Technology,Testing & QA Tools,TestNG
Information Technology,Testing & QA Tools,TestNG Administration
Information Technology,Testing & QA Tools,TestNG Development
Information Technology,Testing & QA Tools,TestNG Configuration
Information Technology,Testing & QA Tools,TestNG Troubleshooting
Information Technology,Testing & QA Tools,TestNG Integration
Information Technology,Testing & QA Tools,TestNG Deployment
Information Technology,Testing & QA Tools,TestNG Security Hardening
Information Technology,Testing & QA Tools,TestNG Performance Optimization
Information Technology,Testing & QA Tools,TestNG Migration
Information Technology,Testing & QA Tools,TestNG Automation
Information Technology,Testing & QA Tools,TestNG Support & Maintenance
Information Technology,Testing & QA Tools,TestNG Monitoring
Information Technology,Testing & QA Tools,TestNG Architecture Design
Information Technology,Testing & QA Tools,TestNG Upgrade & Patching
Information Technology,Testing & QA Tools,TestNG Scripting
Information Technology,Testing & QA Tools,TestNG Best Practices
Information Technology,Testing & QA Tools,JUnit
Information Technology,Testing & QA Tools,JUnit Administration
Information Technology,Testing & QA Tools,JUnit Development
Information Technology,Testing & QA Tools,JUnit Configuration
Information Technology,Testing & QA Tools,JUnit Troubleshooting
Information Technology,Testing & QA Tools,JUnit Integration
Information Technology,Testing & QA Tools,JUnit Deployment
Information Technology,Testing & QA Tools,JUnit Security Hardening
Information Technology,Testing & QA Tools,JUnit Performance Optimization
Information Technology,Testing & QA Tools,JUnit Migration
Information Technology,Testing & QA Tools,JUnit Automation
Information Technology,Testing & QA Tools,JUnit Support & Maintenance
Information Technology,Testing & QA Tools,JUnit Monitoring
Information Technology,Testing & QA Tools,JUnit Architecture Design
Information Technology,Testing & QA Tools,JUnit Upgrade & Patching
Information Technology,Testing & QA Tools,JUnit Scripting
Information Technology,Testing & QA Tools,JUnit Best Practices
Information Technology,Testing & QA Tools,PyTest
Information Technology,Testing & QA Tools,PyTest Administration
Information Technology,Testing & QA Tools,PyTest Development
Information Technology,Testing & QA Tools,PyTest Configuration
Information Technology,Testing & QA Tools,PyTest Troubleshooting
Information Technology,Testing & QA Tools,PyTest Integration
Information Technology,Testing & QA Tools,PyTest Deployment
Information Technology,Testing & QA Tools,PyTest Security Hardening
Information Technology,Testing & QA Tools,PyTest Performance Optimization
Information Technology,Testing & QA Tools,PyTest Migration
Information Technology,Testing & QA Tools,PyTest Automation
Information Technology,Testing & QA Tools,PyTest Support & Maintenance
Information Technology,Testing & QA Tools,PyTest Monitoring
Information Technology,Testing & QA Tools,PyTest Architecture Design
Information Technology,Testing & QA Tools,PyTest Upgrade & Patching
Information Technology,Testing & QA Tools,PyTest Scripting
Information Technology,Testing & QA Tools,PyTest Best Practices
Information Technology,Testing & QA Tools,Postman
Information Technology,Testing & QA Tools,Postman Administration
Information Technology,Testing & QA Tools,Postman Development
Information Technology,Testing & QA Tools,Postman Configuration
Information Technology,Testing & QA Tools,Postman Troubleshooting
Information Technology,Testing & QA Tools,Postman Integration
Information Technology,Testing & QA Tools,Postman Deployment
Information Technology,Testing & QA Tools,Postman Security Hardening
Information Technology,Testing & QA Tools,Postman Performance Optimization
Information Technology,Testing & QA Tools,Postman Migration
Information Technology,Testing & QA Tools,Postman Automation
Information Technology,Testing & QA Tools,Postman Support & Maintenance
Information Technology,Testing & QA Tools,Postman Monitoring
Information Technology,Testing & QA Tools,Postman Architecture Design
Information Technology,Testing & QA Tools,Postman Upgrade & Patching
Information Technology,Testing & QA Tools,Postman Scripting
Information Technology,Testing & QA Tools,Postman Best Practices
Information Technology,Testing & QA Tools,SoapUI
Information Technology,Testing & QA Tools,SoapUI Administration
Information Technology,Testing & QA Tools,SoapUI Development
Information Technology,Testing & QA Tools,SoapUI Configuration
Information Technology,Testing & QA Tools,SoapUI Troubleshooting
Information Technology,Testing & QA Tools,SoapUI Integration
Information Technology,Testing & QA Tools,SoapUI Deployment
Information Technology,Testing & QA Tools,SoapUI Security Hardening
Information Technology,Testing & QA Tools,SoapUI Performance Optimization
Information Technology,Testing & QA Tools,SoapUI Migration
Information Technology,Testing & QA Tools,SoapUI Automation
Information Technology,Testing & QA Tools,SoapUI Support & Maintenance
Information Technology,Testing & QA Tools,SoapUI Monitoring
Information Technology,Testing & QA Tools,SoapUI Architecture Design
Information Technology,Testing & QA Tools,SoapUI Upgrade & Patching
Information Technology,Testing & QA Tools,SoapUI Scripting
Information Technology,Testing & QA Tools,SoapUI Best Practices
Information Technology,Testing & QA Tools,Apache JMeter
Information Technology,Testing & QA Tools,Apache JMeter Administration
Information Technology,Testing & QA Tools,Apache JMeter Development
Information Technology,Testing & QA Tools,Apache JMeter Configuration
Information Technology,Testing & QA Tools,Apache JMeter Troubleshooting
Information Technology,Testing & QA Tools,Apache JMeter Integration
Information Technology,Testing & QA Tools,Apache JMeter Deployment
Information Technology,Testing & QA Tools,Apache JMeter Security Hardening
Information Technology,Testing & QA Tools,Apache JMeter Performance Optimization
Information Technology,Testing & QA Tools,Apache JMeter Migration
Information Technology,Testing & QA Tools,Apache JMeter Automation
Information Technology,Testing & QA Tools,Apache JMeter Support & Maintenance
Information Technology,Testing & QA Tools,Apache JMeter Monitoring
Information Technology,Testing & QA Tools,Apache JMeter Architecture Design
Information Technology,Testing & QA Tools,Apache JMeter Upgrade & Patching
Information Technology,Testing & QA Tools,Apache JMeter Scripting
Information Technology,Testing & QA Tools,Apache JMeter Best Practices
Information Technology,Testing & QA Tools,LoadRunner
Information Technology,Testing & QA Tools,LoadRunner Administration
Information Technology,Testing & QA Tools,LoadRunner Development
Information Technology,Testing & QA Tools,LoadRunner Configuration
Information Technology,Testing & QA Tools,LoadRunner Troubleshooting
Information Technology,Testing & QA Tools,LoadRunner Integration
Information Technology,Testing & QA Tools,LoadRunner Deployment
Information Technology,Testing & QA Tools,LoadRunner Security Hardening
Information Technology,Testing & QA Tools,LoadRunner Performance Optimization
Information Technology,Testing & QA Tools,LoadRunner Migration
Information Technology,Testing & QA Tools,LoadRunner Automation
Information Technology,Testing & QA Tools,LoadRunner Support & Maintenance
Information Technology,Testing & QA Tools,LoadRunner Monitoring
Information Technology,Testing & QA Tools,LoadRunner Architecture Design
Information Technology,Testing & QA Tools,LoadRunner Upgrade & Patching
Information Technology,Testing & QA Tools,LoadRunner Scripting
Information Technology,Testing & QA Tools,LoadRunner Best Practices
Information Technology,Testing & QA Tools,Gatling
Information Technology,Testing & QA Tools,Gatling Administration
Information Technology,Testing & QA Tools,Gatling Development
Information Technology,Testing & QA Tools,Gatling Configuration
Information Technology,Testing & QA Tools,Gatling Troubleshooting
Information Technology,Testing & QA Tools,Gatling Integration
Information Technology,Testing & QA Tools,Gatling Deployment
Information Technology,Testing & QA Tools,Gatling Security Hardening
Information Technology,Testing & QA Tools,Gatling Performance Optimization
Information Technology,Testing & QA Tools,Gatling Migration
Information Technology,Testing & QA Tools,Gatling Automation
Information Technology,Testing & QA Tools,Gatling Support & Maintenance
Information Technology,Testing & QA Tools,Gatling Monitoring
Information Technology,Testing & QA Tools,Gatling Architecture Design
Information Technology,Testing & QA Tools,Gatling Upgrade & Patching
Information Technology,Testing & QA Tools,Gatling Scripting
Information Technology,Testing & QA Tools,Gatling Best Practices
Information Technology,Testing & QA Tools,Cucumber
Information Technology,Testing & QA Tools,Cucumber Administration
Information Technology,Testing & QA Tools,Cucumber Development
Information Technology,Testing & QA Tools,Cucumber Configuration
Information Technology,Testing & QA Tools,Cucumber Troubleshooting
Information Technology,Testing & QA Tools,Cucumber Integration
Information Technology,Testing & QA Tools,Cucumber Deployment
Information Technology,Testing & QA Tools,Cucumber Security Hardening
Information Technology,Testing & QA Tools,Cucumber Performance Optimization
Information Technology,Testing & QA Tools,Cucumber Migration
Information Technology,Testing & QA Tools,Cucumber Automation
Information Technology,Testing & QA Tools,Cucumber Support & Maintenance
Information Technology,Testing & QA Tools,Cucumber Monitoring
Information Technology,Testing & QA Tools,Cucumber Architecture Design
Information Technology,Testing & QA Tools,Cucumber Upgrade & Patching
Information Technology,Testing & QA Tools,Cucumber Scripting
Information Technology,Testing & QA Tools,Cucumber Best Practices
Information Technology,Testing & QA Tools,Robot Framework
Information Technology,Testing & QA Tools,Robot Framework Administration
Information Technology,Testing & QA Tools,Robot Framework Development
Information Technology,Testing & QA Tools,Robot Framework Configuration
Information Technology,Testing & QA Tools,Robot Framework Troubleshooting
Information Technology,Testing & QA Tools,Robot Framework Integration
Information Technology,Testing & QA Tools,Robot Framework Deployment
Information Technology,Testing & QA Tools,Robot Framework Security Hardening
Information Technology,Testing & QA Tools,Robot Framework Performance Optimization
Information Technology,Testing & QA Tools,Robot Framework Migration
Information Technology,Testing & QA Tools,Robot Framework Automation
Information Technology,Testing & QA Tools,Robot Framework Support & Maintenance
Information Technology,Testing & QA Tools,Robot Framework Monitoring
Information Technology,Testing & QA Tools,Robot Framework Architecture Design
Information Technology,Testing & QA Tools,Robot Framework Upgrade & Patching
Information Technology,Testing & QA Tools,Robot Framework Scripting
Information Technology,Testing & QA Tools,Robot Framework Best Practices
Information Technology,Testing & QA Tools,Katalon Studio
Information Technology,Testing & QA Tools,Katalon Studio Administration
Information Technology,Testing & QA Tools,Katalon Studio Development
Information Technology,Testing & QA Tools,Katalon Studio Configuration
Information Technology,Testing & QA Tools,Katalon Studio Troubleshooting
Information Technology,Testing & QA Tools,Katalon Studio Integration
Information Technology,Testing & QA Tools,Katalon Studio Deployment
Information Technology,Testing & QA Tools,Katalon Studio Security Hardening
Information Technology,Testing & QA Tools,Katalon Studio Performance Optimization
Information Technology,Testing & QA Tools,Katalon Studio Migration
Information Technology,Testing & QA Tools,Katalon Studio Automation
Information Technology,Testing & QA Tools,Katalon Studio Support & Maintenance
Information Technology,Testing & QA Tools,Katalon Studio Monitoring
Information Technology,Testing & QA Tools,Katalon Studio Architecture Design
Information Technology,Testing & QA Tools,Katalon Studio Upgrade & Patching
Information Technology,Testing & QA Tools,Katalon Studio Scripting
Information Technology,Testing & QA Tools,Katalon Studio Best Practices
Information Technology,Testing & QA Tools,TestComplete
Information Technology,Testing & QA Tools,TestComplete Administration
Information Technology,Testing & QA Tools,TestComplete Development
Information Technology,Testing & QA Tools,TestComplete Configuration
Information Technology,Testing & QA Tools,TestComplete Troubleshooting
Information Technology,Testing & QA Tools,TestComplete Integration
Information Technology,Testing & QA Tools,TestComplete Deployment
Information Technology,Testing & QA Tools,TestComplete Security Hardening
Information Technology,Testing & QA Tools,TestComplete Performance Optimization
Information Technology,Testing & QA Tools,TestComplete Migration
Information Technology,Testing & QA Tools,TestComplete Automation
Information Technology,Testing & QA Tools,TestComplete Support & Maintenance
Information Technology,Testing & QA Tools,TestComplete Monitoring
Information Technology,Testing & QA Tools,TestComplete Architecture Design
Information Technology,Testing & QA Tools,TestComplete Upgrade & Patching
Information Technology,Testing & QA Tools,TestComplete Scripting
Information Technology,Testing & QA Tools,TestComplete Best Practices
Information Technology,Testing & QA Tools,BrowserStack
Information Technology,Testing & QA Tools,BrowserStack Administration
Information Technology,Testing & QA Tools,BrowserStack Development
Information Technology,Testing & QA Tools,BrowserStack Configuration
Information Technology,Testing & QA Tools,BrowserStack Troubleshooting
Information Technology,Testing & QA Tools,BrowserStack Integration
Information Technology,Testing & QA Tools,BrowserStack Deployment
Information Technology,Testing & QA Tools,BrowserStack Security Hardening
Information Technology,Testing & QA Tools,BrowserStack Performance Optimization
Information Technology,Testing & QA Tools,BrowserStack Migration
Information Technology,Testing & QA Tools,BrowserStack Automation
Information Technology,Testing & QA Tools,BrowserStack Support & Maintenance
Information Technology,Testing & QA Tools,BrowserStack Monitoring
Information Technology,Testing & QA Tools,BrowserStack Architecture Design
Information Technology,Testing & QA Tools,BrowserStack Upgrade & Patching
Information Technology,Testing & QA Tools,BrowserStack Scripting
Information Technology,Testing & QA Tools,BrowserStack Best Practices
Information Technology,Testing & QA Tools,Sauce Labs
Information Technology,Testing & QA Tools,Sauce Labs Administration
Information Technology,Testing & QA Tools,Sauce Labs Development
Information Technology,Testing & QA Tools,Sauce Labs Configuration
Information Technology,Testing & QA Tools,Sauce Labs Troubleshooting
Information Technology,Testing & QA Tools,Sauce Labs Integration
Information Technology,Testing & QA Tools,Sauce Labs Deployment
Information Technology,Testing & QA Tools,Sauce Labs Security Hardening
Information Technology,Testing & QA Tools,Sauce Labs Performance Optimization
Information Technology,Testing & QA Tools,Sauce Labs Migration
Information Technology,Testing & QA Tools,Sauce Labs Automation
Information Technology,Testing & QA Tools,Sauce Labs Support & Maintenance
Information Technology,Testing & QA Tools,Sauce Labs Monitoring
Information Technology,Testing & QA Tools,Sauce Labs Architecture Design
Information Technology,Testing & QA Tools,Sauce Labs Upgrade & Patching
Information Technology,Testing & QA Tools,Sauce Labs Scripting
Information Technology,Testing & QA Tools,Sauce Labs Best Practices
Information Technology,Testing & QA Tools,Cypress
Information Technology,Testing & QA Tools,Cypress Administration
Information Technology,Testing & QA Tools,Cypress Development
Information Technology,Testing & QA Tools,Cypress Configuration
Information Technology,Testing & QA Tools,Cypress Troubleshooting
Information Technology,Testing & QA Tools,Cypress Integration
Information Technology,Testing & QA Tools,Cypress Deployment
Information Technology,Testing & QA Tools,Cypress Security Hardening
Information Technology,Testing & QA Tools,Cypress Performance Optimization
Information Technology,Testing & QA Tools,Cypress Migration
Information Technology,Testing & QA Tools,Cypress Automation
Information Technology,Testing & QA Tools,Cypress Support & Maintenance
Information Technology,Testing & QA Tools,Cypress Monitoring
Information Technology,Testing & QA Tools,Cypress Architecture Design
Information Technology,Testing & QA Tools,Cypress Upgrade & Patching
Information Technology,Testing & QA Tools,Cypress Scripting
Information Technology,Testing & QA Tools,Cypress Best Practices
Information Technology,Testing & QA Tools,Playwright
Information Technology,Testing & QA Tools,Playwright Administration
Information Technology,Testing & QA Tools,Playwright Development
Information Technology,Testing & QA Tools,Playwright Configuration
Information Technology,Testing & QA Tools,Playwright Troubleshooting
Information Technology,Testing & QA Tools,Playwright Integration
Information Technology,Testing & QA Tools,Playwright Deployment
Information Technology,Testing & QA Tools,Playwright Security Hardening
Information Technology,Testing & QA Tools,Playwright Performance Optimization
Information Technology,Testing & QA Tools,Playwright Migration
Information Technology,Testing & QA Tools,Playwright Automation
Information Technology,Testing & QA Tools,Playwright Support & Maintenance
Information Technology,Testing & QA Tools,Playwright Monitoring
Information Technology,Testing & QA Tools,Playwright Architecture Design
Information Technology,Testing & QA Tools,Playwright Upgrade & Patching
Information Technology,Testing & QA Tools,Playwright Scripting
Information Technology,Testing & QA Tools,Playwright Best Practices
Information Technology,Testing & QA Tools,Mocha
Information Technology,Testing & QA Tools,Mocha Administration
Information Technology,Testing & QA Tools,Mocha Development
Information Technology,Testing & QA Tools,Mocha Configuration
Information Technology,Testing & QA Tools,Mocha Troubleshooting
Information Technology,Testing & QA Tools,Mocha Integration
Information Technology,Testing & QA Tools,Mocha Deployment
Information Technology,Testing & QA Tools,Mocha Security Hardening
Information Technology,Testing & QA Tools,Mocha Performance Optimization
Information Technology,Testing & QA Tools,Mocha Migration
Information Technology,Testing & QA Tools,Mocha Automation
Information Technology,Testing & QA Tools,Mocha Support & Maintenance
Information Technology,Testing & QA Tools,Mocha Monitoring
Information Technology,Testing & QA Tools,Mocha Architecture Design
Information Technology,Testing & QA Tools,Mocha Upgrade & Patching
Information Technology,Testing & QA Tools,Mocha Scripting
Information Technology,Testing & QA Tools,Mocha Best Practices
Information Technology,Testing & QA Tools,Chai
Information Technology,Testing & QA Tools,Chai Administration
Information Technology,Testing & QA Tools,Chai Development
Information Technology,Testing & QA Tools,Chai Configuration
Information Technology,Testing & QA Tools,Chai Troubleshooting
Information Technology,Testing & QA Tools,Chai Integration
Information Technology,Testing & QA Tools,Chai Deployment
Information Technology,Testing & QA Tools,Chai Security Hardening
Information Technology,Testing & QA Tools,Chai Performance Optimization
Information Technology,Testing & QA Tools,Chai Migration
Information Technology,Testing & QA Tools,Chai Automation
Information Technology,Testing & QA Tools,Chai Support & Maintenance
Information Technology,Testing & QA Tools,Chai Monitoring
Information Technology,Testing & QA Tools,Chai Architecture Design
Information Technology,Testing & QA Tools,Chai Upgrade & Patching
Information Technology,Testing & QA Tools,Chai Scripting
Information Technology,Testing & QA Tools,Chai Best Practices
Information Technology,Testing & QA Tools,Karma
Information Technology,Testing & QA Tools,Karma Administration
Information Technology,Testing & QA Tools,Karma Development
Information Technology,Testing & QA Tools,Karma Configuration
Information Technology,Testing & QA Tools,Karma Troubleshooting
Information Technology,Testing & QA Tools,Karma Integration
Information Technology,Testing & QA Tools,Karma Deployment
Information Technology,Testing & QA Tools,Karma Security Hardening
Information Technology,Testing & QA Tools,Karma Performance Optimization
Information Technology,Testing & QA Tools,Karma Migration
Information Technology,Testing & QA Tools,Karma Automation
Information Technology,Testing & QA Tools,Karma Support & Maintenance
Information Technology,Testing & QA Tools,Karma Monitoring
Information Technology,Testing & QA Tools,Karma Architecture Design
Information Technology,Testing & QA Tools,Karma Upgrade & Patching
Information Technology,Testing & QA Tools,Karma Scripting
Information Technology,Testing & QA Tools,Karma Best Practices
Information Technology,Testing & QA Tools,Puppeteer
Information Technology,Testing & QA Tools,Puppeteer Administration
Information Technology,Testing & QA Tools,Puppeteer Development
Information Technology,Testing & QA Tools,Puppeteer Configuration
Information Technology,Testing & QA Tools,Puppeteer Troubleshooting
Information Technology,Testing & QA Tools,Puppeteer Integration
Information Technology,Testing & QA Tools,Puppeteer Deployment
Information Technology,Testing & QA Tools,Puppeteer Security Hardening
Information Technology,Testing & QA Tools,Puppeteer Performance Optimization
Information Technology,Testing & QA Tools,Puppeteer Migration
Information Technology,Testing & QA Tools,Puppeteer Automation
Information Technology,Testing & QA Tools,Puppeteer Support & Maintenance
Information Technology,Testing & QA Tools,Puppeteer Monitoring
Information Technology,Testing & QA Tools,Puppeteer Architecture Design
Information Technology,Testing & QA Tools,Puppeteer Upgrade & Patching
Information Technology,Testing & QA Tools,Puppeteer Scripting
Information Technology,Testing & QA Tools,Puppeteer Best Practices
Information Technology,Cybersecurity Concepts,Firewall Management
Information Technology,Cybersecurity Concepts,Intrusion Detection Systems
Information Technology,Cybersecurity Concepts,Intrusion Prevention Systems
Information Technology,Cybersecurity Concepts,Security Information and Event Management
Information Technology,Cybersecurity Concepts,Penetration Testing
Information Technology,Cybersecurity Concepts,Vulnerability Assessment
Information Technology,Cybersecurity Concepts,Zero Trust Architecture
Information Technology,Cybersecurity Concepts,Multi-Factor Authentication
Information Technology,Cybersecurity Concepts,Identity and Access Management
Information Technology,Cybersecurity Concepts,Privileged Access Management
Information Technology,Cybersecurity Concepts,Public Key Infrastructure
Information Technology,Cybersecurity Concepts,SSL/TLS Configuration
Information Technology,Cybersecurity Concepts,Data Loss Prevention
Information Technology,Cybersecurity Concepts,Endpoint Detection and Response
Information Technology,Cybersecurity Concepts,Security Orchestration Automation and Response
Information Technology,Cybersecurity Concepts,Threat Intelligence Analysis
Information Technology,Cybersecurity Concepts,Threat Hunting
Information Technology,Cybersecurity Concepts,Digital Forensics
Information Technology,Cybersecurity Concepts,Malware Analysis
Information Technology,Cybersecurity Concepts,Reverse Engineering
Information Technology,Cybersecurity Concepts,Social Engineering Awareness
Information Technology,Cybersecurity Concepts,Phishing Simulation
Information Technology,Cybersecurity Concepts,Security Awareness Training
Information Technology,Cybersecurity Concepts,ISO 27001 Compliance
Information Technology,Cybersecurity Concepts,NIST Framework Implementation
Information Technology,Cybersecurity Concepts,PCI DSS Compliance
Information Technology,Cybersecurity Concepts,HIPAA Compliance
Information Technology,Cybersecurity Concepts,GDPR Compliance
Information Technology,Cybersecurity Concepts,SOC 2 Compliance
Information Technology,Cybersecurity Concepts,CIS Benchmarks
Information Technology,Cybersecurity Concepts,OWASP Top 10 Mitigation
Information Technology,Cybersecurity Concepts,Secure Code Review
Information Technology,Cybersecurity Concepts,Static Application Security Testing
Information Technology,Cybersecurity Concepts,Dynamic Application Security Testing
Information Technology,Cybersecurity Concepts,Container Security
Information Technology,Cybersecurity Concepts,Cloud Security Posture Management
Information Technology,Cybersecurity Concepts,Cloud Access Security Broker Management
Information Technology,Cybersecurity Concepts,Network Segmentation
Information Technology,Cybersecurity Concepts,DDoS Mitigation
Information Technology,Cybersecurity Concepts,Web Application Firewall Management
Information Technology,Cybersecurity Concepts,Incident Response Planning
Information Technology,Cybersecurity Concepts,Disaster Recovery Planning
Information Technology,Cybersecurity Concepts,Business Continuity Planning
Information Technology,Cybersecurity Concepts,Risk Assessment
Information Technology,Cybersecurity Concepts,Security Auditing
Information Technology,Cybersecurity Concepts,Ethical Hacking
Information Technology,Cybersecurity Concepts,Bug Bounty Hunting
Information Technology,Cybersecurity Concepts,Cryptography
Information Technology,Cybersecurity Concepts,Blockchain Security
Information Technology,Cybersecurity Concepts,IoT Security
Information Technology,Cybersecurity Concepts,Mobile Security Assessment
Information Technology,Cybersecurity Concepts,API Security Testing
Information Technology,Cybersecurity Concepts,DevSecOps Practices
Information Technology,Cybersecurity Concepts,Red Team Operations
Information Technology,Cybersecurity Concepts,Blue Team Operations
Information Technology,Cybersecurity Concepts,Purple Team Exercises
Information Technology,Cybersecurity Concepts,Security Policy Development
Information Technology,Cybersecurity Concepts,Data Encryption Strategy
Information Technology,Cybersecurity Concepts,Key Management
Information Technology,Cybersecurity Concepts,Certificate Lifecycle Management
Information Technology,Cybersecurity Concepts,Active Directory Security Hardening
Information Technology,Networking Concepts,TCP/IP Fundamentals
Information Technology,Networking Concepts,Subnetting & IP Addressing
Information Technology,Networking Concepts,Quality of Service Configuration
Information Technology,Networking Concepts,Wireless Network Design
Information Technology,Networking Concepts,Network Load Balancing
Information Technology,Networking Concepts,Network Access Control
Information Technology,Networking Concepts,Link Aggregation
Information Technology,Networking Concepts,Network Monitoring & Analysis
Information Technology,Networking Concepts,Packet Capture Analysis
Information Technology,Networking Concepts,Network Troubleshooting
Information Technology,Networking Concepts,WAN Optimization
Information Technology,Networking Concepts,Content Delivery Network Configuration
Information Technology,Networking Concepts,Network Automation Scripting
Information Technology,Networking Concepts,Software Defined Networking
Information Technology,Networking Concepts,Network Function Virtualization
Information Technology,Networking Concepts,Network Capacity Planning
Information Technology,Networking Concepts,Bandwidth Management
Information Technology,Networking Concepts,Traffic Shaping
Information Technology,Networking Concepts,Network Documentation
Information Technology,Networking Concepts,Structured Cabling
Information Technology,Networking Concepts,Fiber Optic Network Design
Information Technology,Networking Concepts,5G Network Technology
Information Technology,Networking Concepts,Voice over IP Configuration
Information Technology,Networking Concepts,Unified Communications
Information Technology,Networking Concepts,Session Border Controller Management
Information Technology,Networking Concepts,Network Penetration Testing
Information Technology,Networking Concepts,Firewall Rule Management
Information Technology,Networking Concepts,Network Change Management
Information Technology,Networking Concepts,Wireless Site Survey
Information Technology,Networking Concepts,Network Segmentation Design
Information Technology,Testing & QA Practices,Manual Testing
Information Technology,Testing & QA Practices,Test Case Design
Information Technology,Testing & QA Practices,Test Plan Development
Information Technology,Testing & QA Practices,Behavior Driven Development
Information Technology,Testing & QA Practices,Test Driven Development
Information Technology,Testing & QA Practices,Continuous Testing
Information Technology,Testing & QA Practices,Cross Browser Testing
Information Technology,Testing & QA Practices,Mobile App Testing
Information Technology,Testing & QA Practices,Accessibility Testing
Information Technology,Testing & QA Practices,Usability Testing
Information Technology,Testing & QA Practices,Regression Testing
Information Technology,Testing & QA Practices,Smoke Testing
Information Technology,Testing & QA Practices,Sanity Testing
Information Technology,Testing & QA Practices,Exploratory Testing
Information Technology,Testing & QA Practices,User Acceptance Testing
Information Technology,Testing & QA Practices,Test Automation Framework Design
Information Technology,Testing & QA Practices,Test Data Management
Information Technology,Testing & QA Practices,Defect Tracking & Triage
Information Technology,Testing & QA Practices,Quality Assurance Process Design
Information Technology,Testing & QA Practices,Performance & Load Testing Strategy
Information Technology,Project Management & Methodology,Agile Methodology
Information Technology,Project Management & Methodology,Scrum Framework
Information Technology,Project Management & Methodology,Kanban Method
Information Technology,Project Management & Methodology,Scaled Agile Framework (SAFe)
Information Technology,Project Management & Methodology,Waterfall Methodology
Information Technology,Project Management & Methodology,Lean Software Development
Information Technology,Project Management & Methodology,ITIL Framework
Information Technology,Project Management & Methodology,PRINCE2 Methodology
Information Technology,Project Management & Methodology,Six Sigma Process Improvement
Information Technology,Project Management & Methodology,Project Scheduling
Information Technology,Project Management & Methodology,Risk Management Planning
Information Technology,Project Management & Methodology,Stakeholder Management
Information Technology,Project Management & Methodology,Sprint Planning
Information Technology,Project Management & Methodology,Backlog Grooming
Information Technology,Project Management & Methodology,Release Management
Information Technology,Project Management & Methodology,Change Management
Information Technology,Project Management & Methodology,Resource Allocation Planning
Information Technology,Project Management & Methodology,Budget Management
Information Technology,Project Management & Methodology,Vendor Management
Information Technology,Project Management & Methodology,Product Owner Responsibilities
Information Technology,Project Management & Methodology,Roadmap Planning
Information Technology,Project Management & Methodology,OKR Framework Implementation
Information Technology,Project Management & Methodology,Capacity Planning
Information Technology,Project Management & Methodology,Retrospective Facilitation
Information Technology,Project Management & Methodology,Requirements Gathering
Information Technology,Project Management & Methodology,Business Analysis
Information Technology,Project Management & Methodology,User Story Writing
Information Technology,Project Management & Methodology,Gantt Chart Development
Information Technology,Project Management & Methodology,Critical Path Method
Information Technology,Project Management & Methodology,Earned Value Management
Information Technology,Project Management & Methodology,Portfolio Management
Information Technology,Project Management & Methodology,Program Management
Information Technology,Project Management & Methodology,Cross-Functional Team Leadership
Information Technology,Project Management & Methodology,Remote Team Management
Information Technology,Project Management & Methodology,Contract Negotiation
Information Technology,Project Management & Methodology,RFP Management
Information Technology,Project Management & Methodology,Compliance Management
Information Technology,Project Management & Methodology,Governance Framework Design
Information Technology,IT Certifications,CompTIA A+
Information Technology,IT Certifications,CompTIA Network+
Information Technology,IT Certifications,CompTIA Security+
Information Technology,IT Certifications,CompTIA Cloud+
Information Technology,IT Certifications,CompTIA Linux+
Information Technology,IT Certifications,CompTIA CySA+
Information Technology,IT Certifications,CompTIA PenTest+
Information Technology,IT Certifications,CISSP
Information Technology,IT Certifications,CISM
Information Technology,IT Certifications,CISA
Information Technology,IT Certifications,Certified Ethical Hacker (CEH)
Information Technology,IT Certifications,OSCP (Offensive Security Certified Professional)
Information Technology,IT Certifications,GIAC Security Essentials (GSEC)
Information Technology,IT Certifications,CCNA
Information Technology,IT Certifications,CCNP
Information Technology,IT Certifications,CCIE
Information Technology,IT Certifications,JNCIA
Information Technology,IT Certifications,JNCIE
Information Technology,IT Certifications,AWS Certified Solutions Architect – Associate
Information Technology,IT Certifications,AWS Certified Solutions Architect – Professional
Information Technology,IT Certifications,AWS Certified Developer – Associate
Information Technology,IT Certifications,AWS Certified SysOps Administrator
Information Technology,IT Certifications,AWS Certified DevOps Engineer
Information Technology,IT Certifications,AWS Certified Security – Specialty
Information Technology,IT Certifications,AWS Certified Machine Learning – Specialty
Information Technology,IT Certifications,Microsoft Certified: Azure Administrator Associate
Information Technology,IT Certifications,Microsoft Certified: Azure Solutions Architect Expert
Information Technology,IT Certifications,Microsoft Certified: Azure Security Engineer Associate
Information Technology,IT Certifications,Microsoft Certified: Azure Data Engineer Associate
Information Technology,IT Certifications,Google Professional Cloud Architect
Information Technology,IT Certifications,Google Professional Data Engineer
Information Technology,IT Certifications,Google Associate Cloud Engineer
Information Technology,IT Certifications,Certified Kubernetes Administrator (CKA)
Information Technology,IT Certifications,Certified Kubernetes Application Developer (CKAD)
Information Technology,IT Certifications,Certified Kubernetes Security Specialist (CKS)
Information Technology,IT Certifications,HashiCorp Certified: Terraform Associate
Information Technology,IT Certifications,Red Hat Certified Engineer (RHCE)
Information Technology,IT Certifications,Red Hat Certified System Administrator (RHCSA)
Information Technology,IT Certifications,VMware Certified Professional (VCP)
Information Technology,IT Certifications,PMP (Project Management Professional)
Information Technology,IT Certifications,CAPM Certification
Information Technology,IT Certifications,PRINCE2 Practitioner
Information Technology,IT Certifications,ITIL Foundation Certification
Information Technology,IT Certifications,ITIL Expert Certification
Information Technology,IT Certifications,Certified ScrumMaster (CSM)
Information Technology,IT Certifications,Certified Scrum Product Owner (CSPO)
Information Technology,IT Certifications,SAFe Agilist Certification
Information Technology,IT Certifications,Six Sigma Green Belt
Information Technology,IT Certifications,Six Sigma Black Belt
Information Technology,IT Certifications,Salesforce Certified Administrator
Information Technology,IT Certifications,Salesforce Certified Platform Developer
Information Technology,IT Certifications,Salesforce Certified Technical Architect
Information Technology,IT Certifications,SAP Certified Application Associate
Information Technology,IT Certifications,Oracle Certified Professional (OCP)
Information Technology,IT Certifications,MongoDB Certified Developer
Information Technology,IT Certifications,MongoDB Certified DBA
Information Technology,IT Certifications,Fortinet Network Security Expert (NSE)
Information Technology,IT Certifications,Palo Alto Networks Certified Network Security Engineer
Information Technology,IT Certifications,Checkpoint Certified Security Administrator (CCSA)
Information Technology,IT Certifications,ISTQB Certified Tester
Information Technology,IT Certifications,Certified Analytics Professional (CAP)
Information Technology,IT Certifications,Tableau Desktop Certified Associate
Information Technology,IT Certifications,Microsoft Certified: Power BI Data Analyst Associate
Information Technology,IT Certifications,Databricks Certified Data Engineer Associate
Information Technology,IT Certifications,Snowflake SnowPro Core Certification
Information Technology,IT Certifications,Lean Six Sigma Yellow Belt
Information Technology,IT Certifications,TOGAF Certification
Information Technology,IT Certifications,COBIT Certification
Information Technology,IT Certifications,CGEIT Certification
Information Technology,IT Certifications,CRISC Certification
Information Technology,IT Certifications,Certified Cloud Security Professional (CCSP)
Information Technology,IT Certifications,GIAC Penetration Tester (GPEN)
Information Technology,IT Certifications,GIAC Certified Incident Handler (GCIH)
Information Technology,IT Certifications,TensorFlow Developer Certificate
Information Technology,IT Certifications,AWS Certified Data Analytics – Specialty
Information Technology,IT Certifications,Azure AI Engineer Associate
Information Technology,IT Certifications,Azure Data Scientist Associate
Information Technology,IT Certifications,Google Professional Machine Learning Engineer
Information Technology,IT Certifications,Certified Information Privacy Professional (CIPP)
Information Technology,IT Certifications,Microsoft 365 Certified: Administrator Expert
Information Technology,IT Certifications,Citrix Certified Associate (CCA)
Information Technology,IT Certifications,Nutanix Certified Professional (NCP)
Information Technology,IT Certifications,Docker Certified Associate
Information Technology,IT Certifications,Linux Foundation Certified Engineer (LFCE)
Information Technology,IT Certifications,Linux Professional Institute Certification (LPIC)
Information Technology,IT Certifications,Certified Wireless Network Administrator (CWNA)
Information Technology,IT Certifications,Aruba Certified Mobility Professional (ACMP)
Information Technology,IT Certifications,F5 Certified Technology Specialist
Information Technology,IT Certifications,Certified Business Analysis Professional (CBAP)
Information Technology,IT Certifications,Certified SAFe DevOps Practitioner
Information Technology,IT Certifications,HashiCorp Certified: Vault Associate
Information Technology,IT Certifications,Confluent Certified Developer for Apache Kafka
Information Technology,IT Certifications,Elastic Certified Engineer
Information Technology,Data & Analytics Concepts,Data Wrangling
Information Technology,Data & Analytics Concepts,Data Cleaning
Information Technology,Data & Analytics Concepts,Data Visualization
Information Technology,Data & Analytics Concepts,ETL Pipeline Development
Information Technology,Data & Analytics Concepts,Data Pipeline Orchestration
Information Technology,Data & Analytics Concepts,Big Data Analytics
Information Technology,Data & Analytics Concepts,Data Mining
Information Technology,Data & Analytics Concepts,Feature Engineering
Information Technology,Data & Analytics Concepts,Model Deployment
Information Technology,Data & Analytics Concepts,Model Monitoring
Information Technology,Data & Analytics Concepts,A/B Testing
Information Technology,Data & Analytics Concepts,Statistical Analysis
Information Technology,Data & Analytics Concepts,Predictive Modeling
Information Technology,Data & Analytics Concepts,Time Series Analysis
Information Technology,Data & Analytics Concepts,Recommendation Systems
Information Technology,Data & Analytics Concepts,Reinforcement Learning
Information Technology,Data & Analytics Concepts,Generative Adversarial Networks
Information Technology,Data & Analytics Concepts,Large Language Model Fine-Tuning
Information Technology,Data & Analytics Concepts,Prompt Engineering
Information Technology,Data & Analytics Concepts,Retrieval Augmented Generation
Information Technology,Data & Analytics Concepts,Neural Network Architecture Design
Information Technology,Data & Analytics Concepts,Convolutional Neural Networks
Information Technology,Data & Analytics Concepts,Recurrent Neural Networks
Information Technology,Data & Analytics Concepts,Transformer Architecture Design
Information Technology,Data & Analytics Concepts,Speech Recognition Systems
Information Technology,Data & Analytics Concepts,Text-to-Speech Systems
Information Technology,Data & Analytics Concepts,Sentiment Analysis
Information Technology,Data & Analytics Concepts,Named Entity Recognition
Information Technology,Data & Analytics Concepts,Topic Modeling
Information Technology,Data & Analytics Concepts,Clustering Algorithms
Information Technology,Data & Analytics Concepts,Regression Analysis
Information Technology,Data & Analytics Concepts,Classification Algorithms
Information Technology,Data & Analytics Concepts,Dimensionality Reduction
Information Technology,Data & Analytics Concepts,Hyperparameter Tuning
Information Technology,Data & Analytics Concepts,Cross Validation Techniques
Information Technology,Data & Analytics Concepts,Ensemble Learning
Information Technology,Data & Analytics Concepts,Bayesian Statistics
Information Technology,Data & Analytics Concepts,Data Governance
Information Technology,Data & Analytics Concepts,Master Data Management
Information Technology,Data & Analytics Concepts,Dimensional Modeling
Information Technology,Data & Analytics Concepts,OLAP Cube Design
Information Technology,Data & Analytics Concepts,Data Lake Architecture
Information Technology,Data & Analytics Concepts,Data Mesh Architecture
Information Technology,Data & Analytics Concepts,MLOps Pipeline Design
Information Technology,Soft Skills,Communication Skills
Information Technology,Soft Skills,Problem Solving
Information Technology,Soft Skills,Critical Thinking
Information Technology,Soft Skills,Team Collaboration
Information Technology,Soft Skills,Time Management
Information Technology,Soft Skills,Adaptability
Information Technology,Soft Skills,Leadership
Information Technology,Soft Skills,Conflict Resolution
Information Technology,Soft Skills,Customer Service Orientation
Information Technology,Soft Skills,Attention to Detail
Information Technology,Soft Skills,Analytical Thinking
Information Technology,Soft Skills,Decision Making
Information Technology,Soft Skills,Creativity
Information Technology,Soft Skills,Emotional Intelligence
Information Technology,Soft Skills,Negotiation Skills
Information Technology,Soft Skills,Presentation Skills
Information Technology,Soft Skills,Technical Writing
Information Technology,Soft Skills,Documentation Skills
Information Technology,Soft Skills,Mentoring
Information Technology,Soft Skills,Coaching
Information Technology,Soft Skills,Cross-Cultural Communication
Information Technology,Soft Skills,Remote Collaboration
Information Technology,Soft Skills,Active Listening
Information Technology,Soft Skills,Stakeholder Communication
Information Technology,Soft Skills,Multitasking
Information Technology,Soft Skills,Prioritization
Information Technology,Soft Skills,Stress Management
Information Technology,Soft Skills,Continuous Learning Mindset
Information Technology,Soft Skills,Innovation
Information Technology,Soft Skills,Strategic Thinking
Information Technology,Soft Skills,Business Acumen
Information Technology,Soft Skills,Client Relationship Management
Information Technology,Soft Skills,Public Speaking
Information Technology,Soft Skills,Report Writing
Information Technology,Soft Skills,Meeting Facilitation
Information Technology,Soft Skills,Delegation
Information Technology,Soft Skills,Feedback Delivery
Information Technology,Soft Skills,Self-Motivation
Information Technology,Soft Skills,Strong Work Ethic
Information Technology,Soft Skills,Resilience
Information Technology,Web Fundamentals & Markup,HTML
Information Technology,Web Fundamentals & Markup,HTML Administration
Information Technology,Web Fundamentals & Markup,HTML Development
Information Technology,Web Fundamentals & Markup,HTML Configuration
Information Technology,Web Fundamentals & Markup,HTML Troubleshooting
Information Technology,Web Fundamentals & Markup,HTML Integration
Information Technology,Web Fundamentals & Markup,HTML Deployment
Information Technology,Web Fundamentals & Markup,HTML Security Hardening
Information Technology,Web Fundamentals & Markup,HTML Performance Optimization
Information Technology,Web Fundamentals & Markup,HTML Migration
Information Technology,Web Fundamentals & Markup,HTML Automation
Information Technology,Web Fundamentals & Markup,HTML Support & Maintenance
Information Technology,Web Fundamentals & Markup,HTML Monitoring
Information Technology,Web Fundamentals & Markup,HTML Architecture Design
Information Technology,Web Fundamentals & Markup,HTML Upgrade & Patching
Information Technology,Web Fundamentals & Markup,HTML Scripting
Information Technology,Web Fundamentals & Markup,HTML Best Practices
Information Technology,Web Fundamentals & Markup,HTML5
Information Technology,Web Fundamentals & Markup,HTML5 Administration
Information Technology,Web Fundamentals & Markup,HTML5 Development
Information Technology,Web Fundamentals & Markup,HTML5 Configuration
Information Technology,Web Fundamentals & Markup,HTML5 Troubleshooting
Information Technology,Web Fundamentals & Markup,HTML5 Integration
Information Technology,Web Fundamentals & Markup,HTML5 Deployment
Information Technology,Web Fundamentals & Markup,HTML5 Security Hardening
Information Technology,Web Fundamentals & Markup,HTML5 Performance Optimization
Information Technology,Web Fundamentals & Markup,HTML5 Migration
Information Technology,Web Fundamentals & Markup,HTML5 Automation
Information Technology,Web Fundamentals & Markup,HTML5 Support & Maintenance
Information Technology,Web Fundamentals & Markup,HTML5 Monitoring
Information Technology,Web Fundamentals & Markup,HTML5 Architecture Design
Information Technology,Web Fundamentals & Markup,HTML5 Upgrade & Patching
Information Technology,Web Fundamentals & Markup,HTML5 Scripting
Information Technology,Web Fundamentals & Markup,HTML5 Best Practices
Information Technology,Web Fundamentals & Markup,CSS
Information Technology,Web Fundamentals & Markup,CSS Administration
Information Technology,Web Fundamentals & Markup,CSS Development
Information Technology,Web Fundamentals & Markup,CSS Configuration
Information Technology,Web Fundamentals & Markup,CSS Troubleshooting
Information Technology,Web Fundamentals & Markup,CSS Integration
Information Technology,Web Fundamentals & Markup,CSS Deployment
Information Technology,Web Fundamentals & Markup,CSS Security Hardening
Information Technology,Web Fundamentals & Markup,CSS Performance Optimization
Information Technology,Web Fundamentals & Markup,CSS Migration
Information Technology,Web Fundamentals & Markup,CSS Automation
Information Technology,Web Fundamentals & Markup,CSS Support & Maintenance
Information Technology,Web Fundamentals & Markup,CSS Monitoring
Information Technology,Web Fundamentals & Markup,CSS Architecture Design
Information Technology,Web Fundamentals & Markup,CSS Upgrade & Patching
Information Technology,Web Fundamentals & Markup,CSS Scripting
Information Technology,Web Fundamentals & Markup,CSS Best Practices
Information Technology,Web Fundamentals & Markup,CSS3
Information Technology,Web Fundamentals & Markup,CSS3 Administration
Information Technology,Web Fundamentals & Markup,CSS3 Development
Information Technology,Web Fundamentals & Markup,CSS3 Configuration
Information Technology,Web Fundamentals & Markup,CSS3 Troubleshooting
Information Technology,Web Fundamentals & Markup,CSS3 Integration
Information Technology,Web Fundamentals & Markup,CSS3 Deployment
Information Technology,Web Fundamentals & Markup,CSS3 Security Hardening
Information Technology,Web Fundamentals & Markup,CSS3 Performance Optimization
Information Technology,Web Fundamentals & Markup,CSS3 Migration
Information Technology,Web Fundamentals & Markup,CSS3 Automation
Information Technology,Web Fundamentals & Markup,CSS3 Support & Maintenance
Information Technology,Web Fundamentals & Markup,CSS3 Monitoring
Information Technology,Web Fundamentals & Markup,CSS3 Architecture Design
Information Technology,Web Fundamentals & Markup,CSS3 Upgrade & Patching
Information Technology,Web Fundamentals & Markup,CSS3 Scripting
Information Technology,Web Fundamentals & Markup,CSS3 Best Practices
Information Technology,Web Fundamentals & Markup,XML
Information Technology,Web Fundamentals & Markup,XML Administration
Information Technology,Web Fundamentals & Markup,XML Development
Information Technology,Web Fundamentals & Markup,XML Configuration
Information Technology,Web Fundamentals & Markup,XML Troubleshooting
Information Technology,Web Fundamentals & Markup,XML Integration
Information Technology,Web Fundamentals & Markup,XML Deployment
Information Technology,Web Fundamentals & Markup,XML Security Hardening
Information Technology,Web Fundamentals & Markup,XML Performance Optimization
Information Technology,Web Fundamentals & Markup,XML Migration
Information Technology,Web Fundamentals & Markup,XML Automation
Information Technology,Web Fundamentals & Markup,XML Support & Maintenance
Information Technology,Web Fundamentals & Markup,XML Monitoring
Information Technology,Web Fundamentals & Markup,XML Architecture Design
Information Technology,Web Fundamentals & Markup,XML Upgrade & Patching
Information Technology,Web Fundamentals & Markup,XML Scripting
Information Technology,Web Fundamentals & Markup,XML Best Practices
Information Technology,Web Fundamentals & Markup,JSON
Information Technology,Web Fundamentals & Markup,JSON Administration
Information Technology,Web Fundamentals & Markup,JSON Development
Information Technology,Web Fundamentals & Markup,JSON Configuration
Information Technology,Web Fundamentals & Markup,JSON Troubleshooting
Information Technology,Web Fundamentals & Markup,JSON Integration
Information Technology,Web Fundamentals & Markup,JSON Deployment
Information Technology,Web Fundamentals & Markup,JSON Security Hardening
Information Technology,Web Fundamentals & Markup,JSON Performance Optimization
Information Technology,Web Fundamentals & Markup,JSON Migration
Information Technology,Web Fundamentals & Markup,JSON Automation
Information Technology,Web Fundamentals & Markup,JSON Support & Maintenance
Information Technology,Web Fundamentals & Markup,JSON Monitoring
Information Technology,Web Fundamentals & Markup,JSON Architecture Design
Information Technology,Web Fundamentals & Markup,JSON Upgrade & Patching
Information Technology,Web Fundamentals & Markup,JSON Scripting
Information Technology,Web Fundamentals & Markup,JSON Best Practices
Information Technology,Web Fundamentals & Markup,YAML
Information Technology,Web Fundamentals & Markup,YAML Administration
Information Technology,Web Fundamentals & Markup,YAML Development
Information Technology,Web Fundamentals & Markup,YAML Configuration
Information Technology,Web Fundamentals & Markup,YAML Troubleshooting
Information Technology,Web Fundamentals & Markup,YAML Integration
Information Technology,Web Fundamentals & Markup,YAML Deployment
Information Technology,Web Fundamentals & Markup,YAML Security Hardening
Information Technology,Web Fundamentals & Markup,YAML Performance Optimization
Information Technology,Web Fundamentals & Markup,YAML Migration
Information Technology,Web Fundamentals & Markup,YAML Automation
Information Technology,Web Fundamentals & Markup,YAML Support & Maintenance
Information Technology,Web Fundamentals & Markup,YAML Monitoring
Information Technology,Web Fundamentals & Markup,YAML Architecture Design
Information Technology,Web Fundamentals & Markup,YAML Upgrade & Patching
Information Technology,Web Fundamentals & Markup,YAML Scripting
Information Technology,Web Fundamentals & Markup,YAML Best Practices
Information Technology,Web Fundamentals & Markup,SVG
Information Technology,Web Fundamentals & Markup,SVG Administration
Information Technology,Web Fundamentals & Markup,SVG Development
Information Technology,Web Fundamentals & Markup,SVG Configuration
Information Technology,Web Fundamentals & Markup,SVG Troubleshooting
Information Technology,Web Fundamentals & Markup,SVG Integration
Information Technology,Web Fundamentals & Markup,SVG Deployment
Information Technology,Web Fundamentals & Markup,SVG Security Hardening
Information Technology,Web Fundamentals & Markup,SVG Performance Optimization
Information Technology,Web Fundamentals & Markup,SVG Migration
Information Technology,Web Fundamentals & Markup,SVG Automation
Information Technology,Web Fundamentals & Markup,SVG Support & Maintenance
Information Technology,Web Fundamentals & Markup,SVG Monitoring
Information Technology,Web Fundamentals & Markup,SVG Architecture Design
Information Technology,Web Fundamentals & Markup,SVG Upgrade & Patching
Information Technology,Web Fundamentals & Markup,SVG Scripting
Information Technology,Web Fundamentals & Markup,SVG Best Practices
Information Technology,Web Fundamentals & Markup,WebAssembly
Information Technology,Web Fundamentals & Markup,WebAssembly Administration
Information Technology,Web Fundamentals & Markup,WebAssembly Development
Information Technology,Web Fundamentals & Markup,WebAssembly Configuration
Information Technology,Web Fundamentals & Markup,WebAssembly Troubleshooting
Information Technology,Web Fundamentals & Markup,WebAssembly Integration
Information Technology,Web Fundamentals & Markup,WebAssembly Deployment
Information Technology,Web Fundamentals & Markup,WebAssembly Security Hardening
Information Technology,Web Fundamentals & Markup,WebAssembly Performance Optimization
Information Technology,Web Fundamentals & Markup,WebAssembly Migration
Information Technology,Web Fundamentals & Markup,WebAssembly Automation
Information Technology,Web Fundamentals & Markup,WebAssembly Support & Maintenance
Information Technology,Web Fundamentals & Markup,WebAssembly Monitoring
Information Technology,Web Fundamentals & Markup,WebAssembly Architecture Design
Information Technology,Web Fundamentals & Markup,WebAssembly Upgrade & Patching
Information Technology,Web Fundamentals & Markup,WebAssembly Scripting
Information Technology,Web Fundamentals & Markup,WebAssembly Best Practices
Information Technology,Web Fundamentals & Markup,GraphQL
Information Technology,Web Fundamentals & Markup,GraphQL Administration
Information Technology,Web Fundamentals & Markup,GraphQL Development
Information Technology,Web Fundamentals & Markup,GraphQL Configuration
Information Technology,Web Fundamentals & Markup,GraphQL Troubleshooting
Information Technology,Web Fundamentals & Markup,GraphQL Integration
Information Technology,Web Fundamentals & Markup,GraphQL Deployment
Information Technology,Web Fundamentals & Markup,GraphQL Security Hardening
Information Technology,Web Fundamentals & Markup,GraphQL Performance Optimization
Information Technology,Web Fundamentals & Markup,GraphQL Migration
Information Technology,Web Fundamentals & Markup,GraphQL Automation
Information Technology,Web Fundamentals & Markup,GraphQL Support & Maintenance
Information Technology,Web Fundamentals & Markup,GraphQL Monitoring
Information Technology,Web Fundamentals & Markup,GraphQL Architecture Design
Information Technology,Web Fundamentals & Markup,GraphQL Upgrade & Patching
Information Technology,Web Fundamentals & Markup,GraphQL Scripting
Information Technology,Web Fundamentals & Markup,GraphQL Best Practices
Information Technology,Web Fundamentals & Markup,REST API
Information Technology,Web Fundamentals & Markup,REST API Administration
Information Technology,Web Fundamentals & Markup,REST API Development
Information Technology,Web Fundamentals & Markup,REST API Configuration
Information Technology,Web Fundamentals & Markup,REST API Troubleshooting
Information Technology,Web Fundamentals & Markup,REST API Integration
Information Technology,Web Fundamentals & Markup,REST API Deployment
Information Technology,Web Fundamentals & Markup,REST API Security Hardening
Information Technology,Web Fundamentals & Markup,REST API Performance Optimization
Information Technology,Web Fundamentals & Markup,REST API Migration
Information Technology,Web Fundamentals & Markup,REST API Automation
Information Technology,Web Fundamentals & Markup,REST API Support & Maintenance
Information Technology,Web Fundamentals & Markup,REST API Monitoring
Information Technology,Web Fundamentals & Markup,REST API Architecture Design
Information Technology,Web Fundamentals & Markup,REST API Upgrade & Patching
Information Technology,Web Fundamentals & Markup,REST API Scripting
Information Technology,Web Fundamentals & Markup,REST API Best Practices
Information Technology,Web Fundamentals & Markup,SOAP API
Information Technology,Web Fundamentals & Markup,SOAP API Administration
Information Technology,Web Fundamentals & Markup,SOAP API Development
Information Technology,Web Fundamentals & Markup,SOAP API Configuration
Information Technology,Web Fundamentals & Markup,SOAP API Troubleshooting
Information Technology,Web Fundamentals & Markup,SOAP API Integration
Information Technology,Web Fundamentals & Markup,SOAP API Deployment
Information Technology,Web Fundamentals & Markup,SOAP API Security Hardening
Information Technology,Web Fundamentals & Markup,SOAP API Performance Optimization
Information Technology,Web Fundamentals & Markup,SOAP API Migration
Information Technology,Web Fundamentals & Markup,SOAP API Automation
Information Technology,Web Fundamentals & Markup,SOAP API Support & Maintenance
Information Technology,Web Fundamentals & Markup,SOAP API Monitoring
Information Technology,Web Fundamentals & Markup,SOAP API Architecture Design
Information Technology,Web Fundamentals & Markup,SOAP API Upgrade & Patching
Information Technology,Web Fundamentals & Markup,SOAP API Scripting
Information Technology,Web Fundamentals & Markup,SOAP API Best Practices
Information Technology,Web Fundamentals & Markup,gRPC
Information Technology,Web Fundamentals & Markup,gRPC Administration
Information Technology,Web Fundamentals & Markup,gRPC Development
Information Technology,Web Fundamentals & Markup,gRPC Configuration
Information Technology,Web Fundamentals & Markup,gRPC Troubleshooting
Information Technology,Web Fundamentals & Markup,gRPC Integration
Information Technology,Web Fundamentals & Markup,gRPC Deployment
Information Technology,Web Fundamentals & Markup,gRPC Security Hardening
Information Technology,Web Fundamentals & Markup,gRPC Performance Optimization
Information Technology,Web Fundamentals & Markup,gRPC Migration
Information Technology,Web Fundamentals & Markup,gRPC Automation
Information Technology,Web Fundamentals & Markup,gRPC Support & Maintenance
Information Technology,Web Fundamentals & Markup,gRPC Monitoring
Information Technology,Web Fundamentals & Markup,gRPC Architecture Design
Information Technology,Web Fundamentals & Markup,gRPC Upgrade & Patching
Information Technology,Web Fundamentals & Markup,gRPC Scripting
Information Technology,Web Fundamentals & Markup,gRPC Best Practices
Information Technology,Web Fundamentals & Markup,WebSockets
Information Technology,Web Fundamentals & Markup,WebSockets Administration
Information Technology,Web Fundamentals & Markup,WebSockets Development
Information Technology,Web Fundamentals & Markup,WebSockets Configuration
Information Technology,Web Fundamentals & Markup,WebSockets Troubleshooting
Information Technology,Web Fundamentals & Markup,WebSockets Integration
Information Technology,Web Fundamentals & Markup,WebSockets Deployment
Information Technology,Web Fundamentals & Markup,WebSockets Security Hardening
Information Technology,Web Fundamentals & Markup,WebSockets Performance Optimization
Information Technology,Web Fundamentals & Markup,WebSockets Migration
Information Technology,Web Fundamentals & Markup,WebSockets Automation
Information Technology,Web Fundamentals & Markup,WebSockets Support & Maintenance
Information Technology,Web Fundamentals & Markup,WebSockets Monitoring
Information Technology,Web Fundamentals & Markup,WebSockets Architecture Design
Information Technology,Web Fundamentals & Markup,WebSockets Upgrade & Patching
Information Technology,Web Fundamentals & Markup,WebSockets Scripting
Information Technology,Web Fundamentals & Markup,WebSockets Best Practices
Information Technology,Web Fundamentals & Markup,OAuth 2.0
Information Technology,Web Fundamentals & Markup,OAuth 2.0 Administration
Information Technology,Web Fundamentals & Markup,OAuth 2.0 Development
Information Technology,Web Fundamentals & Markup,OAuth 2.0 Configuration
Information Technology,Web Fundamentals & Markup,OAuth 2.0 Troubleshooting
Information Technology,Web Fundamentals & Markup,OAuth 2.0 Integration
Information Technology,Web Fundamentals & Markup,OAuth 2.0 Deployment
Information Technology,Web Fundamentals & Markup,OAuth 2.0 Security Hardening
Information Technology,Web Fundamentals & Markup,OAuth 2.0 Performance Optimization
Information Technology,Web Fundamentals & Markup,OAuth 2.0 Migration
Information Technology,Web Fundamentals & Markup,OAuth 2.0 Automation
Information Technology,Web Fundamentals & Markup,OAuth 2.0 Support & Maintenance
Information Technology,Web Fundamentals & Markup,OAuth 2.0 Monitoring
Information Technology,Web Fundamentals & Markup,OAuth 2.0 Architecture Design
Information Technology,Web Fundamentals & Markup,OAuth 2.0 Upgrade & Patching
Information Technology,Web Fundamentals & Markup,OAuth 2.0 Scripting
Information Technology,Web Fundamentals & Markup,OAuth 2.0 Best Practices
Information Technology,Web Fundamentals & Markup,JSON Web Tokens (JWT)
Information Technology,Web Fundamentals & Markup,JSON Web Tokens (JWT) Administration
Information Technology,Web Fundamentals & Markup,JSON Web Tokens (JWT) Development
Information Technology,Web Fundamentals & Markup,JSON Web Tokens (JWT) Configuration
Information Technology,Web Fundamentals & Markup,JSON Web Tokens (JWT) Troubleshooting
Information Technology,Web Fundamentals & Markup,JSON Web Tokens (JWT) Integration
Information Technology,Web Fundamentals & Markup,JSON Web Tokens (JWT) Deployment
Information Technology,Web Fundamentals & Markup,JSON Web Tokens (JWT) Security Hardening
Information Technology,Web Fundamentals & Markup,JSON Web Tokens (JWT) Performance Optimization
Information Technology,Web Fundamentals & Markup,JSON Web Tokens (JWT) Migration
Information Technology,Web Fundamentals & Markup,JSON Web Tokens (JWT) Automation
Information Technology,Web Fundamentals & Markup,JSON Web Tokens (JWT) Support & Maintenance
Information Technology,Web Fundamentals & Markup,JSON Web Tokens (JWT) Monitoring
Information Technology,Web Fundamentals & Markup,JSON Web Tokens (JWT) Architecture Design
Information Technology,Web Fundamentals & Markup,JSON Web Tokens (JWT) Upgrade & Patching
Information Technology,Web Fundamentals & Markup,JSON Web Tokens (JWT) Scripting
Information Technology,Web Fundamentals & Markup,JSON Web Tokens (JWT) Best Practices
Information Technology,Web Fundamentals & Markup,Markdown
Information Technology,Web Fundamentals & Markup,Markdown Administration
Information Technology,Web Fundamentals & Markup,Markdown Development
Information Technology,Web Fundamentals & Markup,Markdown Configuration
Information Technology,Web Fundamentals & Markup,Markdown Troubleshooting
Information Technology,Web Fundamentals & Markup,Markdown Integration
Information Technology,Web Fundamentals & Markup,Markdown Deployment
Information Technology,Web Fundamentals & Markup,Markdown Security Hardening
Information Technology,Web Fundamentals & Markup,Markdown Performance Optimization
Information Technology,Web Fundamentals & Markup,Markdown Migration
Information Technology,Web Fundamentals & Markup,Markdown Automation
Information Technology,Web Fundamentals & Markup,Markdown Support & Maintenance
Information Technology,Web Fundamentals & Markup,Markdown Monitoring
Information Technology,Web Fundamentals & Markup,Markdown Architecture Design
Information Technology,Web Fundamentals & Markup,Markdown Upgrade & Patching
Information Technology,Web Fundamentals & Markup,Markdown Scripting
Information Technology,Web Fundamentals & Markup,Markdown Best Practices
Information Technology,Web Fundamentals & Markup,Sass/SCSS
Information Technology,Web Fundamentals & Markup,Sass/SCSS Administration
Information Technology,Web Fundamentals & Markup,Sass/SCSS Development
Information Technology,Web Fundamentals & Markup,Sass/SCSS Configuration
Information Technology,Web Fundamentals & Markup,Sass/SCSS Troubleshooting
Information Technology,Web Fundamentals & Markup,Sass/SCSS Integration
Information Technology,Web Fundamentals & Markup,Sass/SCSS Deployment
Information Technology,Web Fundamentals & Markup,Sass/SCSS Security Hardening
Information Technology,Web Fundamentals & Markup,Sass/SCSS Performance Optimization
Information Technology,Web Fundamentals & Markup,Sass/SCSS Migration
Information Technology,Web Fundamentals & Markup,Sass/SCSS Automation
Information Technology,Web Fundamentals & Markup,Sass/SCSS Support & Maintenance
Information Technology,Web Fundamentals & Markup,Sass/SCSS Monitoring
Information Technology,Web Fundamentals & Markup,Sass/SCSS Architecture Design
Information Technology,Web Fundamentals & Markup,Sass/SCSS Upgrade & Patching
Information Technology,Web Fundamentals & Markup,Sass/SCSS Scripting
Information Technology,Web Fundamentals & Markup,Sass/SCSS Best Practices
Information Technology,Web Fundamentals & Markup,Pug
Information Technology,Web Fundamentals & Markup,Pug Administration
Information Technology,Web Fundamentals & Markup,Pug Development
Information Technology,Web Fundamentals & Markup,Pug Configuration
Information Technology,Web Fundamentals & Markup,Pug Troubleshooting
Information Technology,Web Fundamentals & Markup,Pug Integration
Information Technology,Web Fundamentals & Markup,Pug Deployment
Information Technology,Web Fundamentals & Markup,Pug Security Hardening
Information Technology,Web Fundamentals & Markup,Pug Performance Optimization
Information Technology,Web Fundamentals & Markup,Pug Migration
Information Technology,Web Fundamentals & Markup,Pug Automation
Information Technology,Web Fundamentals & Markup,Pug Support & Maintenance
Information Technology,Web Fundamentals & Markup,Pug Monitoring
Information Technology,Web Fundamentals & Markup,Pug Architecture Design
Information Technology,Web Fundamentals & Markup,Pug Upgrade & Patching
Information Technology,Web Fundamentals & Markup,Pug Scripting
Information Technology,Web Fundamentals & Markup,Pug Best Practices
Information Technology,Web Fundamentals & Markup,Handlebars.js
Information Technology,Web Fundamentals & Markup,Handlebars.js Administration
Information Technology,Web Fundamentals & Markup,Handlebars.js Development
Information Technology,Web Fundamentals & Markup,Handlebars.js Configuration
Information Technology,Web Fundamentals & Markup,Handlebars.js Troubleshooting
Information Technology,Web Fundamentals & Markup,Handlebars.js Integration
Information Technology,Web Fundamentals & Markup,Handlebars.js Deployment
Information Technology,Web Fundamentals & Markup,Handlebars.js Security Hardening
Information Technology,Web Fundamentals & Markup,Handlebars.js Performance Optimization
Information Technology,Web Fundamentals & Markup,Handlebars.js Migration
Information Technology,Web Fundamentals & Markup,Handlebars.js Automation
Information Technology,Web Fundamentals & Markup,Handlebars.js Support & Maintenance
Information Technology,Web Fundamentals & Markup,Handlebars.js Monitoring
Information Technology,Web Fundamentals & Markup,Handlebars.js Architecture Design
Information Technology,Web Fundamentals & Markup,Handlebars.js Upgrade & Patching
Information Technology,Web Fundamentals & Markup,Handlebars.js Scripting
Information Technology,Web Fundamentals & Markup,Handlebars.js Best Practices
Information Technology,Web Fundamentals & Markup,EJS Templates
Information Technology,Web Fundamentals & Markup,EJS Templates Administration
Information Technology,Web Fundamentals & Markup,EJS Templates Development
Information Technology,Web Fundamentals & Markup,EJS Templates Configuration
Information Technology,Web Fundamentals & Markup,EJS Templates Troubleshooting
Information Technology,Web Fundamentals & Markup,EJS Templates Integration
Information Technology,Web Fundamentals & Markup,EJS Templates Deployment
Information Technology,Web Fundamentals & Markup,EJS Templates Security Hardening
Information Technology,Web Fundamentals & Markup,EJS Templates Performance Optimization
Information Technology,Web Fundamentals & Markup,EJS Templates Migration
Information Technology,Web Fundamentals & Markup,EJS Templates Automation
Information Technology,Web Fundamentals & Markup,EJS Templates Support & Maintenance
Information Technology,Web Fundamentals & Markup,EJS Templates Monitoring
Information Technology,Web Fundamentals & Markup,EJS Templates Architecture Design
Information Technology,Web Fundamentals & Markup,EJS Templates Upgrade & Patching
Information Technology,Web Fundamentals & Markup,EJS Templates Scripting
Information Technology,Web Fundamentals & Markup,EJS Templates Best Practices
Information Technology,Developer Tooling & Version Control,Git
Information Technology,Developer Tooling & Version Control,Git Administration
Information Technology,Developer Tooling & Version Control,Git Development
Information Technology,Developer Tooling & Version Control,Git Configuration
Information Technology,Developer Tooling & Version Control,Git Troubleshooting
Information Technology,Developer Tooling & Version Control,Git Integration
Information Technology,Developer Tooling & Version Control,Git Deployment
Information Technology,Developer Tooling & Version Control,Git Security Hardening
Information Technology,Developer Tooling & Version Control,Git Performance Optimization
Information Technology,Developer Tooling & Version Control,Git Migration
Information Technology,Developer Tooling & Version Control,Git Automation
Information Technology,Developer Tooling & Version Control,Git Support & Maintenance
Information Technology,Developer Tooling & Version Control,Git Monitoring
Information Technology,Developer Tooling & Version Control,Git Architecture Design
Information Technology,Developer Tooling & Version Control,Git Upgrade & Patching
Information Technology,Developer Tooling & Version Control,Git Scripting
Information Technology,Developer Tooling & Version Control,Git Best Practices
Information Technology,Developer Tooling & Version Control,GitHub
Information Technology,Developer Tooling & Version Control,GitHub Administration
Information Technology,Developer Tooling & Version Control,GitHub Development
Information Technology,Developer Tooling & Version Control,GitHub Configuration
Information Technology,Developer Tooling & Version Control,GitHub Troubleshooting
Information Technology,Developer Tooling & Version Control,GitHub Integration
Information Technology,Developer Tooling & Version Control,GitHub Deployment
Information Technology,Developer Tooling & Version Control,GitHub Security Hardening
Information Technology,Developer Tooling & Version Control,GitHub Performance Optimization
Information Technology,Developer Tooling & Version Control,GitHub Migration
Information Technology,Developer Tooling & Version Control,GitHub Automation
Information Technology,Developer Tooling & Version Control,GitHub Support & Maintenance
Information Technology,Developer Tooling & Version Control,GitHub Monitoring
Information Technology,Developer Tooling & Version Control,GitHub Architecture Design
Information Technology,Developer Tooling & Version Control,GitHub Upgrade & Patching
Information Technology,Developer Tooling & Version Control,GitHub Scripting
Information Technology,Developer Tooling & Version Control,GitHub Best Practices
Information Technology,Developer Tooling & Version Control,GitLab
Information Technology,Developer Tooling & Version Control,GitLab Administration
Information Technology,Developer Tooling & Version Control,GitLab Development
Information Technology,Developer Tooling & Version Control,GitLab Configuration
Information Technology,Developer Tooling & Version Control,GitLab Troubleshooting
Information Technology,Developer Tooling & Version Control,GitLab Integration
Information Technology,Developer Tooling & Version Control,GitLab Deployment
Information Technology,Developer Tooling & Version Control,GitLab Security Hardening
Information Technology,Developer Tooling & Version Control,GitLab Performance Optimization
Information Technology,Developer Tooling & Version Control,GitLab Migration
Information Technology,Developer Tooling & Version Control,GitLab Automation
Information Technology,Developer Tooling & Version Control,GitLab Support & Maintenance
Information Technology,Developer Tooling & Version Control,GitLab Monitoring
Information Technology,Developer Tooling & Version Control,GitLab Architecture Design
Information Technology,Developer Tooling & Version Control,GitLab Upgrade & Patching
Information Technology,Developer Tooling & Version Control,GitLab Scripting
Information Technology,Developer Tooling & Version Control,GitLab Best Practices
Information Technology,Developer Tooling & Version Control,Bitbucket
Information Technology,Developer Tooling & Version Control,Bitbucket Administration
Information Technology,Developer Tooling & Version Control,Bitbucket Development
Information Technology,Developer Tooling & Version Control,Bitbucket Configuration
Information Technology,Developer Tooling & Version Control,Bitbucket Troubleshooting
Information Technology,Developer Tooling & Version Control,Bitbucket Integration
Information Technology,Developer Tooling & Version Control,Bitbucket Deployment
Information Technology,Developer Tooling & Version Control,Bitbucket Security Hardening
Information Technology,Developer Tooling & Version Control,Bitbucket Performance Optimization
Information Technology,Developer Tooling & Version Control,Bitbucket Migration
Information Technology,Developer Tooling & Version Control,Bitbucket Automation
Information Technology,Developer Tooling & Version Control,Bitbucket Support & Maintenance
Information Technology,Developer Tooling & Version Control,Bitbucket Monitoring
Information Technology,Developer Tooling & Version Control,Bitbucket Architecture Design
Information Technology,Developer Tooling & Version Control,Bitbucket Upgrade & Patching
Information Technology,Developer Tooling & Version Control,Bitbucket Scripting
Information Technology,Developer Tooling & Version Control,Bitbucket Best Practices
Information Technology,Developer Tooling & Version Control,Visual Studio Code
Information Technology,Developer Tooling & Version Control,Visual Studio Code Administration
Information Technology,Developer Tooling & Version Control,Visual Studio Code Development
Information Technology,Developer Tooling & Version Control,Visual Studio Code Configuration
Information Technology,Developer Tooling & Version Control,Visual Studio Code Troubleshooting
Information Technology,Developer Tooling & Version Control,Visual Studio Code Integration
Information Technology,Developer Tooling & Version Control,Visual Studio Code Deployment
Information Technology,Developer Tooling & Version Control,Visual Studio Code Security Hardening
Information Technology,Developer Tooling & Version Control,Visual Studio Code Performance Optimization
Information Technology,Developer Tooling & Version Control,Visual Studio Code Migration
Information Technology,Developer Tooling & Version Control,Visual Studio Code Automation
Information Technology,Developer Tooling & Version Control,Visual Studio Code Support & Maintenance
Information Technology,Developer Tooling & Version Control,Visual Studio Code Monitoring
Information Technology,Developer Tooling & Version Control,Visual Studio Code Architecture Design
Information Technology,Developer Tooling & Version Control,Visual Studio Code Upgrade & Patching
Information Technology,Developer Tooling & Version Control,Visual Studio Code Scripting
Information Technology,Developer Tooling & Version Control,Visual Studio Code Best Practices
Information Technology,Developer Tooling & Version Control,IntelliJ IDEA
Information Technology,Developer Tooling & Version Control,IntelliJ IDEA Administration
Information Technology,Developer Tooling & Version Control,IntelliJ IDEA Development
Information Technology,Developer Tooling & Version Control,IntelliJ IDEA Configuration
Information Technology,Developer Tooling & Version Control,IntelliJ IDEA Troubleshooting
Information Technology,Developer Tooling & Version Control,IntelliJ IDEA Integration
Information Technology,Developer Tooling & Version Control,IntelliJ IDEA Deployment
Information Technology,Developer Tooling & Version Control,IntelliJ IDEA Security Hardening
Information Technology,Developer Tooling & Version Control,IntelliJ IDEA Performance Optimization
Information Technology,Developer Tooling & Version Control,IntelliJ IDEA Migration
Information Technology,Developer Tooling & Version Control,IntelliJ IDEA Automation
Information Technology,Developer Tooling & Version Control,IntelliJ IDEA Support & Maintenance
Information Technology,Developer Tooling & Version Control,IntelliJ IDEA Monitoring
Information Technology,Developer Tooling & Version Control,IntelliJ IDEA Architecture Design
Information Technology,Developer Tooling & Version Control,IntelliJ IDEA Upgrade & Patching
Information Technology,Developer Tooling & Version Control,IntelliJ IDEA Scripting
Information Technology,Developer Tooling & Version Control,IntelliJ IDEA Best Practices
Information Technology,Developer Tooling & Version Control,Eclipse IDE
Information Technology,Developer Tooling & Version Control,Eclipse IDE Administration
Information Technology,Developer Tooling & Version Control,Eclipse IDE Development
Information Technology,Developer Tooling & Version Control,Eclipse IDE Configuration
Information Technology,Developer Tooling & Version Control,Eclipse IDE Troubleshooting
Information Technology,Developer Tooling & Version Control,Eclipse IDE Integration
Information Technology,Developer Tooling & Version Control,Eclipse IDE Deployment
Information Technology,Developer Tooling & Version Control,Eclipse IDE Security Hardening
Information Technology,Developer Tooling & Version Control,Eclipse IDE Performance Optimization
Information Technology,Developer Tooling & Version Control,Eclipse IDE Migration
Information Technology,Developer Tooling & Version Control,Eclipse IDE Automation
Information Technology,Developer Tooling & Version Control,Eclipse IDE Support & Maintenance
Information Technology,Developer Tooling & Version Control,Eclipse IDE Monitoring
Information Technology,Developer Tooling & Version Control,Eclipse IDE Architecture Design
Information Technology,Developer Tooling & Version Control,Eclipse IDE Upgrade & Patching
Information Technology,Developer Tooling & Version Control,Eclipse IDE Scripting
Information Technology,Developer Tooling & Version Control,Eclipse IDE Best Practices
Information Technology,Developer Tooling & Version Control,Insomnia REST Client
Information Technology,Developer Tooling & Version Control,Insomnia REST Client Administration
Information Technology,Developer Tooling & Version Control,Insomnia REST Client Development
Information Technology,Developer Tooling & Version Control,Insomnia REST Client Configuration
Information Technology,Developer Tooling & Version Control,Insomnia REST Client Troubleshooting
Information Technology,Developer Tooling & Version Control,Insomnia REST Client Integration
Information Technology,Developer Tooling & Version Control,Insomnia REST Client Deployment
Information Technology,Developer Tooling & Version Control,Insomnia REST Client Security Hardening
Information Technology,Developer Tooling & Version Control,Insomnia REST Client Performance Optimization
Information Technology,Developer Tooling & Version Control,Insomnia REST Client Migration
Information Technology,Developer Tooling & Version Control,Insomnia REST Client Automation
Information Technology,Developer Tooling & Version Control,Insomnia REST Client Support & Maintenance
Information Technology,Developer Tooling & Version Control,Insomnia REST Client Monitoring
Information Technology,Developer Tooling & Version Control,Insomnia REST Client Architecture Design
Information Technology,Developer Tooling & Version Control,Insomnia REST Client Upgrade & Patching
Information Technology,Developer Tooling & Version Control,Insomnia REST Client Scripting
Information Technology,Developer Tooling & Version Control,Insomnia REST Client Best Practices
Information Technology,Developer Tooling & Version Control,Vim
Information Technology,Developer Tooling & Version Control,Vim Administration
Information Technology,Developer Tooling & Version Control,Vim Development
Information Technology,Developer Tooling & Version Control,Vim Configuration
Information Technology,Developer Tooling & Version Control,Vim Troubleshooting
Information Technology,Developer Tooling & Version Control,Vim Integration
Information Technology,Developer Tooling & Version Control,Vim Deployment
Information Technology,Developer Tooling & Version Control,Vim Security Hardening
Information Technology,Developer Tooling & Version Control,Vim Performance Optimization
Information Technology,Developer Tooling & Version Control,Vim Migration
Information Technology,Developer Tooling & Version Control,Vim Automation
Information Technology,Developer Tooling & Version Control,Vim Support & Maintenance
Information Technology,Developer Tooling & Version Control,Vim Monitoring
Information Technology,Developer Tooling & Version Control,Vim Architecture Design
Information Technology,Developer Tooling & Version Control,Vim Upgrade & Patching
Information Technology,Developer Tooling & Version Control,Vim Scripting
Information Technology,Developer Tooling & Version Control,Vim Best Practices
Information Technology,Developer Tooling & Version Control,Command Line / Terminal
Information Technology,Developer Tooling & Version Control,Command Line / Terminal Administration
Information Technology,Developer Tooling & Version Control,Command Line / Terminal Development
Information Technology,Developer Tooling & Version Control,Command Line / Terminal Configuration
Information Technology,Developer Tooling & Version Control,Command Line / Terminal Troubleshooting
Information Technology,Developer Tooling & Version Control,Command Line / Terminal Integration
Information Technology,Developer Tooling & Version Control,Command Line / Terminal Deployment
Information Technology,Developer Tooling & Version Control,Command Line / Terminal Security Hardening
Information Technology,Developer Tooling & Version Control,Command Line / Terminal Performance Optimization
Information Technology,Developer Tooling & Version Control,Command Line / Terminal Migration
Information Technology,Developer Tooling & Version Control,Command Line / Terminal Automation
Information Technology,Developer Tooling & Version Control,Command Line / Terminal Support & Maintenance
Information Technology,Developer Tooling & Version Control,Command Line / Terminal Monitoring
Information Technology,Developer Tooling & Version Control,Command Line / Terminal Architecture Design
Information Technology,Developer Tooling & Version Control,Command Line / Terminal Upgrade & Patching
Information Technology,Developer Tooling & Version Control,Command Line / Terminal Scripting
Information Technology,Developer Tooling & Version Control,Command Line / Terminal Best Practices
Information Technology,Developer Tooling & Version Control,Regular Expressions
Information Technology,Developer Tooling & Version Control,Regular Expressions Administration
Information Technology,Developer Tooling & Version Control,Regular Expressions Development
Information Technology,Developer Tooling & Version Control,Regular Expressions Configuration
Information Technology,Developer Tooling & Version Control,Regular Expressions Troubleshooting
Information Technology,Developer Tooling & Version Control,Regular Expressions Integration
Information Technology,Developer Tooling & Version Control,Regular Expressions Deployment
Information Technology,Developer Tooling & Version Control,Regular Expressions Security Hardening
Information Technology,Developer Tooling & Version Control,Regular Expressions Performance Optimization
Information Technology,Developer Tooling & Version Control,Regular Expressions Migration
Information Technology,Developer Tooling & Version Control,Regular Expressions Automation
Information Technology,Developer Tooling & Version Control,Regular Expressions Support & Maintenance
Information Technology,Developer Tooling & Version Control,Regular Expressions Monitoring
Information Technology,Developer Tooling & Version Control,Regular Expressions Architecture Design
Information Technology,Developer Tooling & Version Control,Regular Expressions Upgrade & Patching
Information Technology,Developer Tooling & Version Control,Regular Expressions Scripting
Information Technology,Developer Tooling & Version Control,Regular Expressions Best Practices
Information Technology,Developer Tooling & Version Control,npm
Information Technology,Developer Tooling & Version Control,npm Administration
Information Technology,Developer Tooling & Version Control,npm Development
Information Technology,Developer Tooling & Version Control,npm Configuration
Information Technology,Developer Tooling & Version Control,npm Troubleshooting
Information Technology,Developer Tooling & Version Control,npm Integration
Information Technology,Developer Tooling & Version Control,npm Deployment
Information Technology,Developer Tooling & Version Control,npm Security Hardening
Information Technology,Developer Tooling & Version Control,npm Performance Optimization
Information Technology,Developer Tooling & Version Control,npm Migration
Information Technology,Developer Tooling & Version Control,npm Automation
Information Technology,Developer Tooling & Version Control,npm Support & Maintenance
Information Technology,Developer Tooling & Version Control,npm Monitoring
Information Technology,Developer Tooling & Version Control,npm Architecture Design
Information Technology,Developer Tooling & Version Control,npm Upgrade & Patching
Information Technology,Developer Tooling & Version Control,npm Scripting
Information Technology,Developer Tooling & Version Control,npm Best Practices
Information Technology,Developer Tooling & Version Control,Yarn
Information Technology,Developer Tooling & Version Control,Yarn Administration
Information Technology,Developer Tooling & Version Control,Yarn Development
Information Technology,Developer Tooling & Version Control,Yarn Configuration
Information Technology,Developer Tooling & Version Control,Yarn Troubleshooting
Information Technology,Developer Tooling & Version Control,Yarn Integration
Information Technology,Developer Tooling & Version Control,Yarn Deployment
Information Technology,Developer Tooling & Version Control,Yarn Security Hardening
Information Technology,Developer Tooling & Version Control,Yarn Performance Optimization
Information Technology,Developer Tooling & Version Control,Yarn Migration
Information Technology,Developer Tooling & Version Control,Yarn Automation
Information Technology,Developer Tooling & Version Control,Yarn Support & Maintenance
Information Technology,Developer Tooling & Version Control,Yarn Monitoring
Information Technology,Developer Tooling & Version Control,Yarn Architecture Design
Information Technology,Developer Tooling & Version Control,Yarn Upgrade & Patching
Information Technology,Developer Tooling & Version Control,Yarn Scripting
Information Technology,Developer Tooling & Version Control,Yarn Best Practices
Information Technology,Developer Tooling & Version Control,pnpm
Information Technology,Developer Tooling & Version Control,pnpm Administration
Information Technology,Developer Tooling & Version Control,pnpm Development
Information Technology,Developer Tooling & Version Control,pnpm Configuration
Information Technology,Developer Tooling & Version Control,pnpm Troubleshooting
Information Technology,Developer Tooling & Version Control,pnpm Integration
Information Technology,Developer Tooling & Version Control,pnpm Deployment
Information Technology,Developer Tooling & Version Control,pnpm Security Hardening
Information Technology,Developer Tooling & Version Control,pnpm Performance Optimization
Information Technology,Developer Tooling & Version Control,pnpm Migration
Information Technology,Developer Tooling & Version Control,pnpm Automation
Information Technology,Developer Tooling & Version Control,pnpm Support & Maintenance
Information Technology,Developer Tooling & Version Control,pnpm Monitoring
Information Technology,Developer Tooling & Version Control,pnpm Architecture Design
Information Technology,Developer Tooling & Version Control,pnpm Upgrade & Patching
Information Technology,Developer Tooling & Version Control,pnpm Scripting
Information Technology,Developer Tooling & Version Control,pnpm Best Practices
Information Technology,Developer Tooling & Version Control,Homebrew
Information Technology,Developer Tooling & Version Control,Homebrew Administration
Information Technology,Developer Tooling & Version Control,Homebrew Development
Information Technology,Developer Tooling & Version Control,Homebrew Configuration
Information Technology,Developer Tooling & Version Control,Homebrew Troubleshooting
Information Technology,Developer Tooling & Version Control,Homebrew Integration
Information Technology,Developer Tooling & Version Control,Homebrew Deployment
Information Technology,Developer Tooling & Version Control,Homebrew Security Hardening
Information Technology,Developer Tooling & Version Control,Homebrew Performance Optimization
Information Technology,Developer Tooling & Version Control,Homebrew Migration
Information Technology,Developer Tooling & Version Control,Homebrew Automation
Information Technology,Developer Tooling & Version Control,Homebrew Support & Maintenance
Information Technology,Developer Tooling & Version Control,Homebrew Monitoring
Information Technology,Developer Tooling & Version Control,Homebrew Architecture Design
Information Technology,Developer Tooling & Version Control,Homebrew Upgrade & Patching
Information Technology,Developer Tooling & Version Control,Homebrew Scripting
Information Technology,Developer Tooling & Version Control,Homebrew Best Practices
Information Technology,Developer Tooling & Version Control,Make/Makefiles
Information Technology,Developer Tooling & Version Control,Make/Makefiles Administration
Information Technology,Developer Tooling & Version Control,Make/Makefiles Development
Information Technology,Developer Tooling & Version Control,Make/Makefiles Configuration
Information Technology,Developer Tooling & Version Control,Make/Makefiles Troubleshooting
Information Technology,Developer Tooling & Version Control,Make/Makefiles Integration
Information Technology,Developer Tooling & Version Control,Make/Makefiles Deployment
Information Technology,Developer Tooling & Version Control,Make/Makefiles Security Hardening
Information Technology,Developer Tooling & Version Control,Make/Makefiles Performance Optimization
Information Technology,Developer Tooling & Version Control,Make/Makefiles Migration
Information Technology,Developer Tooling & Version Control,Make/Makefiles Automation
Information Technology,Developer Tooling & Version Control,Make/Makefiles Support & Maintenance
Information Technology,Developer Tooling & Version Control,Make/Makefiles Monitoring
Information Technology,Developer Tooling & Version Control,Make/Makefiles Architecture Design
Information Technology,Developer Tooling & Version Control,Make/Makefiles Upgrade & Patching
Information Technology,Developer Tooling & Version Control,Make/Makefiles Scripting
Information Technology,Developer Tooling & Version Control,Make/Makefiles Best Practices
Information Technology,Web & Architecture Concepts,Responsive Web Design
Information Technology,Web & Architecture Concepts,Cross-Browser Compatibility
Information Technology,Web & Architecture Concepts,Web Accessibility (WCAG)
Information Technology,Web & Architecture Concepts,Progressive Web Apps
Information Technology,Web & Architecture Concepts,Microservices Architecture
Information Technology,Web & Architecture Concepts,Serverless Architecture
Information Technology,Web & Architecture Concepts,Event-Driven Architecture
Information Technology,Web & Architecture Concepts,Domain-Driven Design
Information Technology,Web & Architecture Concepts,Object-Oriented Programming
Information Technology,Web & Architecture Concepts,Functional Programming
Information Technology,Web & Architecture Concepts,API Design & Documentation
Information Technology,Web & Architecture Concepts,CORS Configuration
Information Technology,Web & Architecture Concepts,Technical SEO
Information Technology,Web & Architecture Concepts,Browser Developer Tools
Information Technology,Web & Architecture Concepts,Semantic HTML
Information Technology,Web & Architecture Concepts,CSS Grid & Flexbox Layout
Information Technology,Web & Architecture Concepts,Web Performance Optimization
Information Technology,Web & Architecture Concepts,Single Page Application Design
Information Technology,Web & Architecture Concepts,Static Site Generation
Information Technology,Web & Architecture Concepts,Server-Side Rendering
Sales,Sales Tools & Platforms,Salesforce CRM
Sales,Sales Tools & Platforms,Salesforce CRM Proficiency
Sales,Sales Tools & Platforms,Salesforce CRM Administration
Sales,Sales Tools & Platforms,Salesforce CRM Reporting & Analytics
Sales,Sales Tools & Platforms,Salesforce CRM Best Practices
Sales,Sales Tools & Platforms,Salesforce CRM Automation
Sales,Sales Tools & Platforms,Salesforce CRM Implementation
Sales,Sales Tools & Platforms,HubSpot CRM
Sales,Sales Tools & Platforms,HubSpot CRM Proficiency
Sales,Sales Tools & Platforms,HubSpot CRM Administration
Sales,Sales Tools & Platforms,HubSpot CRM Reporting & Analytics
Sales,Sales Tools & Platforms,HubSpot CRM Best Practices
Sales,Sales Tools & Platforms,HubSpot CRM Automation
Sales,Sales Tools & Platforms,HubSpot CRM Implementation
Sales,Sales Tools & Platforms,Pipedrive
Sales,Sales Tools & Platforms,Pipedrive Proficiency
Sales,Sales Tools & Platforms,Pipedrive Administration
Sales,Sales Tools & Platforms,Pipedrive Reporting & Analytics
Sales,Sales Tools & Platforms,Pipedrive Best Practices
Sales,Sales Tools & Platforms,Pipedrive Automation
Sales,Sales Tools & Platforms,Pipedrive Implementation
Sales,Sales Tools & Platforms,Zoho CRM
Sales,Sales Tools & Platforms,Zoho CRM Proficiency
Sales,Sales Tools & Platforms,Zoho CRM Administration
Sales,Sales Tools & Platforms,Zoho CRM Reporting & Analytics
Sales,Sales Tools & Platforms,Zoho CRM Best Practices
Sales,Sales Tools & Platforms,Zoho CRM Automation
Sales,Sales Tools & Platforms,Zoho CRM Implementation
Sales,Sales Tools & Platforms,Microsoft Dynamics 365 Sales
Sales,Sales Tools & Platforms,Microsoft Dynamics 365 Sales Proficiency
Sales,Sales Tools & Platforms,Microsoft Dynamics 365 Sales Administration
Sales,Sales Tools & Platforms,Microsoft Dynamics 365 Sales Reporting & Analytics
Sales,Sales Tools & Platforms,Microsoft Dynamics 365 Sales Best Practices
Sales,Sales Tools & Platforms,Microsoft Dynamics 365 Sales Automation
Sales,Sales Tools & Platforms,Microsoft Dynamics 365 Sales Implementation
Sales,Sales Tools & Platforms,Freshsales
Sales,Sales Tools & Platforms,Freshsales Proficiency
Sales,Sales Tools & Platforms,Freshsales Administration
Sales,Sales Tools & Platforms,Freshsales Reporting & Analytics
Sales,Sales Tools & Platforms,Freshsales Best Practices
Sales,Sales Tools & Platforms,Freshsales Automation
Sales,Sales Tools & Platforms,Freshsales Implementation
Sales,Sales Tools & Platforms,Outreach.io
Sales,Sales Tools & Platforms,Outreach.io Proficiency
Sales,Sales Tools & Platforms,Outreach.io Administration
Sales,Sales Tools & Platforms,Outreach.io Reporting & Analytics
Sales,Sales Tools & Platforms,Outreach.io Best Practices
Sales,Sales Tools & Platforms,Outreach.io Automation
Sales,Sales Tools & Platforms,Outreach.io Implementation
Sales,Sales Tools & Platforms,SalesLoft
Sales,Sales Tools & Platforms,SalesLoft Proficiency
Sales,Sales Tools & Platforms,SalesLoft Administration
Sales,Sales Tools & Platforms,SalesLoft Reporting & Analytics
Sales,Sales Tools & Platforms,SalesLoft Best Practices
Sales,Sales Tools & Platforms,SalesLoft Automation
Sales,Sales Tools & Platforms,SalesLoft Implementation
Sales,Sales Tools & Platforms,Gong.io
Sales,Sales Tools & Platforms,Gong.io Proficiency
Sales,Sales Tools & Platforms,Gong.io Administration
Sales,Sales Tools & Platforms,Gong.io Reporting & Analytics
Sales,Sales Tools & Platforms,Gong.io Best Practices
Sales,Sales Tools & Platforms,Gong.io Automation
Sales,Sales Tools & Platforms,Gong.io Implementation
Sales,Sales Tools & Platforms,Chorus.ai
Sales,Sales Tools & Platforms,Chorus.ai Proficiency
Sales,Sales Tools & Platforms,Chorus.ai Administration
Sales,Sales Tools & Platforms,Chorus.ai Reporting & Analytics
Sales,Sales Tools & Platforms,Chorus.ai Best Practices
Sales,Sales Tools & Platforms,Chorus.ai Automation
Sales,Sales Tools & Platforms,Chorus.ai Implementation
Sales,Sales Tools & Platforms,ZoomInfo
Sales,Sales Tools & Platforms,ZoomInfo Proficiency
Sales,Sales Tools & Platforms,ZoomInfo Administration
Sales,Sales Tools & Platforms,ZoomInfo Reporting & Analytics
Sales,Sales Tools & Platforms,ZoomInfo Best Practices
Sales,Sales Tools & Platforms,ZoomInfo Automation
Sales,Sales Tools & Platforms,ZoomInfo Implementation
Sales,Sales Tools & Platforms,LinkedIn Sales Navigator
Sales,Sales Tools & Platforms,LinkedIn Sales Navigator Proficiency
Sales,Sales Tools & Platforms,LinkedIn Sales Navigator Administration
Sales,Sales Tools & Platforms,LinkedIn Sales Navigator Reporting & Analytics
Sales,Sales Tools & Platforms,LinkedIn Sales Navigator Best Practices
Sales,Sales Tools & Platforms,LinkedIn Sales Navigator Automation
Sales,Sales Tools & Platforms,LinkedIn Sales Navigator Implementation
Sales,Sales Tools & Platforms,Clari
Sales,Sales Tools & Platforms,Clari Proficiency
Sales,Sales Tools & Platforms,Clari Administration
Sales,Sales Tools & Platforms,Clari Reporting & Analytics
Sales,Sales Tools & Platforms,Clari Best Practices
Sales,Sales Tools & Platforms,Clari Automation
Sales,Sales Tools & Platforms,Clari Implementation
Sales,Sales Tools & Platforms,InsideSales
Sales,Sales Tools & Platforms,InsideSales Proficiency
Sales,Sales Tools & Platforms,InsideSales Administration
Sales,Sales Tools & Platforms,InsideSales Reporting & Analytics
Sales,Sales Tools & Platforms,InsideSales Best Practices
Sales,Sales Tools & Platforms,InsideSales Automation
Sales,Sales Tools & Platforms,InsideSales Implementation
Sales,Sales Tools & Platforms,Groove
Sales,Sales Tools & Platforms,Groove Proficiency
Sales,Sales Tools & Platforms,Groove Administration
Sales,Sales Tools & Platforms,Groove Reporting & Analytics
Sales,Sales Tools & Platforms,Groove Best Practices
Sales,Sales Tools & Platforms,Groove Automation
Sales,Sales Tools & Platforms,Groove Implementation
Sales,Sales Tools & Platforms,Yesware
Sales,Sales Tools & Platforms,Yesware Proficiency
Sales,Sales Tools & Platforms,Yesware Administration
Sales,Sales Tools & Platforms,Yesware Reporting & Analytics
Sales,Sales Tools & Platforms,Yesware Best Practices
Sales,Sales Tools & Platforms,Yesware Automation
Sales,Sales Tools & Platforms,Yesware Implementation
Sales,Sales Tools & Platforms,Calendly
Sales,Sales Tools & Platforms,Calendly Proficiency
Sales,Sales Tools & Platforms,Calendly Administration
Sales,Sales Tools & Platforms,Calendly Reporting & Analytics
Sales,Sales Tools & Platforms,Calendly Best Practices
Sales,Sales Tools & Platforms,Calendly Automation
Sales,Sales Tools & Platforms,Calendly Implementation
Sales,Sales Tools & Platforms,DocuSign
Sales,Sales Tools & Platforms,DocuSign Proficiency
Sales,Sales Tools & Platforms,DocuSign Administration
Sales,Sales Tools & Platforms,DocuSign Reporting & Analytics
Sales,Sales Tools & Platforms,DocuSign Best Practices
Sales,Sales Tools & Platforms,DocuSign Automation
Sales,Sales Tools & Platforms,DocuSign Implementation
Sales,Sales Tools & Platforms,PandaDoc
Sales,Sales Tools & Platforms,PandaDoc Proficiency
Sales,Sales Tools & Platforms,PandaDoc Administration
Sales,Sales Tools & Platforms,PandaDoc Reporting & Analytics
Sales,Sales Tools & Platforms,PandaDoc Best Practices
Sales,Sales Tools & Platforms,PandaDoc Automation
Sales,Sales Tools & Platforms,PandaDoc Implementation
Sales,Sales Tools & Platforms,Highspot
Sales,Sales Tools & Platforms,Highspot Proficiency
Sales,Sales Tools & Platforms,Highspot Administration
Sales,Sales Tools & Platforms,Highspot Reporting & Analytics
Sales,Sales Tools & Platforms,Highspot Best Practices
Sales,Sales Tools & Platforms,Highspot Automation
Sales,Sales Tools & Platforms,Highspot Implementation
Sales,Sales Tools & Platforms,Seismic
Sales,Sales Tools & Platforms,Seismic Proficiency
Sales,Sales Tools & Platforms,Seismic Administration
Sales,Sales Tools & Platforms,Seismic Reporting & Analytics
Sales,Sales Tools & Platforms,Seismic Best Practices
Sales,Sales Tools & Platforms,Seismic Automation
Sales,Sales Tools & Platforms,Seismic Implementation
Sales,Sales Tools & Platforms,Salesforce CPQ
Sales,Sales Tools & Platforms,Salesforce CPQ Proficiency
Sales,Sales Tools & Platforms,Salesforce CPQ Administration
Sales,Sales Tools & Platforms,Salesforce CPQ Reporting & Analytics
Sales,Sales Tools & Platforms,Salesforce CPQ Best Practices
Sales,Sales Tools & Platforms,Salesforce CPQ Automation
Sales,Sales Tools & Platforms,Salesforce CPQ Implementation
Sales,Sales Tools & Platforms,Apollo.io
Sales,Sales Tools & Platforms,Apollo.io Proficiency
Sales,Sales Tools & Platforms,Apollo.io Administration
Sales,Sales Tools & Platforms,Apollo.io Reporting & Analytics
Sales,Sales Tools & Platforms,Apollo.io Best Practices
Sales,Sales Tools & Platforms,Apollo.io Automation
Sales,Sales Tools & Platforms,Apollo.io Implementation
Sales,Sales Tools & Platforms,Clearbit
Sales,Sales Tools & Platforms,Clearbit Proficiency
Sales,Sales Tools & Platforms,Clearbit Administration
Sales,Sales Tools & Platforms,Clearbit Reporting & Analytics
Sales,Sales Tools & Platforms,Clearbit Best Practices
Sales,Sales Tools & Platforms,Clearbit Automation
Sales,Sales Tools & Platforms,Clearbit Implementation
Sales,Sales Tools & Platforms,Crunchbase
Sales,Sales Tools & Platforms,Crunchbase Proficiency
Sales,Sales Tools & Platforms,Crunchbase Administration
Sales,Sales Tools & Platforms,Crunchbase Reporting & Analytics
Sales,Sales Tools & Platforms,Crunchbase Best Practices
Sales,Sales Tools & Platforms,Crunchbase Automation
Sales,Sales Tools & Platforms,Crunchbase Implementation
Sales,Sales Skills & Techniques,Sales Prospecting
Sales,Sales Skills & Techniques,Cold Calling
Sales,Sales Skills & Techniques,Lead Generation
Sales,Sales Skills & Techniques,Lead Qualification
Sales,Sales Skills & Techniques,Sales Negotiation
Sales,Sales Skills & Techniques,Objection Handling
Sales,Sales Skills & Techniques,Closing Techniques
Sales,Sales Skills & Techniques,Account Management
Sales,Sales Skills & Techniques,Territory Management
Sales,Sales Skills & Techniques,Sales Forecasting
Sales,Sales Skills & Techniques,Pipeline Management
Sales,Sales Skills & Techniques,Consultative Selling
Sales,Sales Skills & Techniques,Solution Selling
Sales,Sales Skills & Techniques,SPIN Selling
Sales,Sales Skills & Techniques,Challenger Sale Methodology
Sales,Sales Skills & Techniques,Sales Presentations
Sales,Sales Skills & Techniques,Upselling
Sales,Sales Skills & Techniques,Cross-Selling
Sales,Sales Skills & Techniques,Customer Relationship Building
Sales,Sales Skills & Techniques,B2B Sales
Sales,Sales Skills & Techniques,B2C Sales
Sales,Sales Skills & Techniques,Enterprise Sales
Sales,Sales Skills & Techniques,Inside Sales
Sales,Sales Skills & Techniques,Outside Sales
Sales,Sales Skills & Techniques,Channel Sales
Sales,Sales Skills & Techniques,Sales Enablement
Sales,Sales Skills & Techniques,Sales Training
Sales,Sales Skills & Techniques,Contract Negotiation
Sales,Sales Skills & Techniques,RFP Response
Sales,Sales Skills & Techniques,Sales Analytics
Sales,Sales Skills & Techniques,Quota Attainment
Sales,Sales Skills & Techniques,Sales Team Leadership
Sales,Sales Skills & Techniques,Key Account Management
Sales,Sales Skills & Techniques,Sales Operations
Sales,Sales Skills & Techniques,Revenue Growth Strategy
Sales,Sales Skills & Techniques,Customer Retention Strategy
Sales,Sales Skills & Techniques,Sales Funnel Optimization
Sales,Sales Skills & Techniques,Cold Emailing
Sales,Sales Skills & Techniques,Networking & Relationship Building
Sales,Sales Skills & Techniques,Referral Generation
Sales,Sales Skills & Techniques,Value-Based Selling
Sales,Sales Skills & Techniques,Sales Coaching
Sales,Sales Skills & Techniques,Deal Structuring
Sales,Sales Skills & Techniques,Sales Territory Planning
Marketing,Marketing Tools & Platforms,HubSpot Marketing Hub
Marketing,Marketing Tools & Platforms,HubSpot Marketing Hub Proficiency
Marketing,Marketing Tools & Platforms,HubSpot Marketing Hub Administration
Marketing,Marketing Tools & Platforms,HubSpot Marketing Hub Reporting & Analytics
Marketing,Marketing Tools & Platforms,HubSpot Marketing Hub Best Practices
Marketing,Marketing Tools & Platforms,HubSpot Marketing Hub Automation
Marketing,Marketing Tools & Platforms,HubSpot Marketing Hub Implementation
Marketing,Marketing Tools & Platforms,Google Ads
Marketing,Marketing Tools & Platforms,Google Ads Proficiency
Marketing,Marketing Tools & Platforms,Google Ads Administration
Marketing,Marketing Tools & Platforms,Google Ads Reporting & Analytics
Marketing,Marketing Tools & Platforms,Google Ads Best Practices
Marketing,Marketing Tools & Platforms,Google Ads Automation
Marketing,Marketing Tools & Platforms,Google Ads Implementation
Marketing,Marketing Tools & Platforms,Meta Ads Manager
Marketing,Marketing Tools & Platforms,Meta Ads Manager Proficiency
Marketing,Marketing Tools & Platforms,Meta Ads Manager Administration
Marketing,Marketing Tools & Platforms,Meta Ads Manager Reporting & Analytics
Marketing,Marketing Tools & Platforms,Meta Ads Manager Best Practices
Marketing,Marketing Tools & Platforms,Meta Ads Manager Automation
Marketing,Marketing Tools & Platforms,Meta Ads Manager Implementation
Marketing,Marketing Tools & Platforms,Google Analytics
Marketing,Marketing Tools & Platforms,Google Analytics Proficiency
Marketing,Marketing Tools & Platforms,Google Analytics Administration
Marketing,Marketing Tools & Platforms,Google Analytics Reporting & Analytics
Marketing,Marketing Tools & Platforms,Google Analytics Best Practices
Marketing,Marketing Tools & Platforms,Google Analytics Automation
Marketing,Marketing Tools & Platforms,Google Analytics Implementation
Marketing,Marketing Tools & Platforms,Google Tag Manager
Marketing,Marketing Tools & Platforms,Google Tag Manager Proficiency
Marketing,Marketing Tools & Platforms,Google Tag Manager Administration
Marketing,Marketing Tools & Platforms,Google Tag Manager Reporting & Analytics
Marketing,Marketing Tools & Platforms,Google Tag Manager Best Practices
Marketing,Marketing Tools & Platforms,Google Tag Manager Automation
Marketing,Marketing Tools & Platforms,Google Tag Manager Implementation
Marketing,Marketing Tools & Platforms,SEMrush
Marketing,Marketing Tools & Platforms,SEMrush Proficiency
Marketing,Marketing Tools & Platforms,SEMrush Administration
Marketing,Marketing Tools & Platforms,SEMrush Reporting & Analytics
Marketing,Marketing Tools & Platforms,SEMrush Best Practices
Marketing,Marketing Tools & Platforms,SEMrush Automation
Marketing,Marketing Tools & Platforms,SEMrush Implementation
Marketing,Marketing Tools & Platforms,Ahrefs
Marketing,Marketing Tools & Platforms,Ahrefs Proficiency
Marketing,Marketing Tools & Platforms,Ahrefs Administration
Marketing,Marketing Tools & Platforms,Ahrefs Reporting & Analytics
Marketing,Marketing Tools & Platforms,Ahrefs Best Practices
Marketing,Marketing Tools & Platforms,Ahrefs Automation
Marketing,Marketing Tools & Platforms,Ahrefs Implementation
Marketing,Marketing Tools & Platforms,Moz
Marketing,Marketing Tools & Platforms,Moz Proficiency
Marketing,Marketing Tools & Platforms,Moz Administration
Marketing,Marketing Tools & Platforms,Moz Reporting & Analytics
Marketing,Marketing Tools & Platforms,Moz Best Practices
Marketing,Marketing Tools & Platforms,Moz Automation
Marketing,Marketing Tools & Platforms,Moz Implementation
Marketing,Marketing Tools & Platforms,Mailchimp
Marketing,Marketing Tools & Platforms,Mailchimp Proficiency
Marketing,Marketing Tools & Platforms,Mailchimp Administration
Marketing,Marketing Tools & Platforms,Mailchimp Reporting & Analytics
Marketing,Marketing Tools & Platforms,Mailchimp Best Practices
Marketing,Marketing Tools & Platforms,Mailchimp Automation
Marketing,Marketing Tools & Platforms,Mailchimp Implementation
Marketing,Marketing Tools & Platforms,Marketo
Marketing,Marketing Tools & Platforms,Marketo Proficiency
Marketing,Marketing Tools & Platforms,Marketo Administration
Marketing,Marketing Tools & Platforms,Marketo Reporting & Analytics
Marketing,Marketing Tools & Platforms,Marketo Best Practices
Marketing,Marketing Tools & Platforms,Marketo Automation
Marketing,Marketing Tools & Platforms,Marketo Implementation
Marketing,Marketing Tools & Platforms,Pardot
Marketing,Marketing Tools & Platforms,Pardot Proficiency
Marketing,Marketing Tools & Platforms,Pardot Administration
Marketing,Marketing Tools & Platforms,Pardot Reporting & Analytics
Marketing,Marketing Tools & Platforms,Pardot Best Practices
Marketing,Marketing Tools & Platforms,Pardot Automation
Marketing,Marketing Tools & Platforms,Pardot Implementation
Marketing,Marketing Tools & Platforms,ActiveCampaign
Marketing,Marketing Tools & Platforms,ActiveCampaign Proficiency
Marketing,Marketing Tools & Platforms,ActiveCampaign Administration
Marketing,Marketing Tools & Platforms,ActiveCampaign Reporting & Analytics
Marketing,Marketing Tools & Platforms,ActiveCampaign Best Practices
Marketing,Marketing Tools & Platforms,ActiveCampaign Automation
Marketing,Marketing Tools & Platforms,ActiveCampaign Implementation
Marketing,Marketing Tools & Platforms,Klaviyo
Marketing,Marketing Tools & Platforms,Klaviyo Proficiency
Marketing,Marketing Tools & Platforms,Klaviyo Administration
Marketing,Marketing Tools & Platforms,Klaviyo Reporting & Analytics
Marketing,Marketing Tools & Platforms,Klaviyo Best Practices
Marketing,Marketing Tools & Platforms,Klaviyo Automation
Marketing,Marketing Tools & Platforms,Klaviyo Implementation
Marketing,Marketing Tools & Platforms,Hootsuite
Marketing,Marketing Tools & Platforms,Hootsuite Proficiency
Marketing,Marketing Tools & Platforms,Hootsuite Administration
Marketing,Marketing Tools & Platforms,Hootsuite Reporting & Analytics
Marketing,Marketing Tools & Platforms,Hootsuite Best Practices
Marketing,Marketing Tools & Platforms,Hootsuite Automation
Marketing,Marketing Tools & Platforms,Hootsuite Implementation
Marketing,Marketing Tools & Platforms,Buffer
Marketing,Marketing Tools & Platforms,Buffer Proficiency
Marketing,Marketing Tools & Platforms,Buffer Administration
Marketing,Marketing Tools & Platforms,Buffer Reporting & Analytics
Marketing,Marketing Tools & Platforms,Buffer Best Practices
Marketing,Marketing Tools & Platforms,Buffer Automation
Marketing,Marketing Tools & Platforms,Buffer Implementation
Marketing,Marketing Tools & Platforms,Sprout Social
Marketing,Marketing Tools & Platforms,Sprout Social Proficiency
Marketing,Marketing Tools & Platforms,Sprout Social Administration
Marketing,Marketing Tools & Platforms,Sprout Social Reporting & Analytics
Marketing,Marketing Tools & Platforms,Sprout Social Best Practices
Marketing,Marketing Tools & Platforms,Sprout Social Automation
Marketing,Marketing Tools & Platforms,Sprout Social Implementation
Marketing,Marketing Tools & Platforms,Canva
Marketing,Marketing Tools & Platforms,Canva Proficiency
Marketing,Marketing Tools & Platforms,Canva Administration
Marketing,Marketing Tools & Platforms,Canva Reporting & Analytics
Marketing,Marketing Tools & Platforms,Canva Best Practices
Marketing,Marketing Tools & Platforms,Canva Automation
Marketing,Marketing Tools & Platforms,Canva Implementation
Marketing,Marketing Tools & Platforms,Adobe Photoshop
Marketing,Marketing Tools & Platforms,Adobe Photoshop Proficiency
Marketing,Marketing Tools & Platforms,Adobe Photoshop Administration
Marketing,Marketing Tools & Platforms,Adobe Photoshop Reporting & Analytics
Marketing,Marketing Tools & Platforms,Adobe Photoshop Best Practices
Marketing,Marketing Tools & Platforms,Adobe Photoshop Automation
Marketing,Marketing Tools & Platforms,Adobe Photoshop Implementation
Marketing,Marketing Tools & Platforms,Adobe Illustrator
Marketing,Marketing Tools & Platforms,Adobe Illustrator Proficiency
Marketing,Marketing Tools & Platforms,Adobe Illustrator Administration
Marketing,Marketing Tools & Platforms,Adobe Illustrator Reporting & Analytics
Marketing,Marketing Tools & Platforms,Adobe Illustrator Best Practices
Marketing,Marketing Tools & Platforms,Adobe Illustrator Automation
Marketing,Marketing Tools & Platforms,Adobe Illustrator Implementation
Marketing,Marketing Tools & Platforms,Adobe Premiere Pro
Marketing,Marketing Tools & Platforms,Adobe Premiere Pro Proficiency
Marketing,Marketing Tools & Platforms,Adobe Premiere Pro Administration
Marketing,Marketing Tools & Platforms,Adobe Premiere Pro Reporting & Analytics
Marketing,Marketing Tools & Platforms,Adobe Premiere Pro Best Practices
Marketing,Marketing Tools & Platforms,Adobe Premiere Pro Automation
Marketing,Marketing Tools & Platforms,Adobe Premiere Pro Implementation
Marketing,Marketing Tools & Platforms,Adobe InDesign
Marketing,Marketing Tools & Platforms,Adobe InDesign Proficiency
Marketing,Marketing Tools & Platforms,Adobe InDesign Administration
Marketing,Marketing Tools & Platforms,Adobe InDesign Reporting & Analytics
Marketing,Marketing Tools & Platforms,Adobe InDesign Best Practices
Marketing,Marketing Tools & Platforms,Adobe InDesign Automation
Marketing,Marketing Tools & Platforms,Adobe InDesign Implementation
Marketing,Marketing Tools & Platforms,Figma
Marketing,Marketing Tools & Platforms,Figma Proficiency
Marketing,Marketing Tools & Platforms,Figma Administration
Marketing,Marketing Tools & Platforms,Figma Reporting & Analytics
Marketing,Marketing Tools & Platforms,Figma Best Practices
Marketing,Marketing Tools & Platforms,Figma Automation
Marketing,Marketing Tools & Platforms,Figma Implementation
Marketing,Marketing Tools & Platforms,Salesforce Marketing Cloud
Marketing,Marketing Tools & Platforms,Salesforce Marketing Cloud Proficiency
Marketing,Marketing Tools & Platforms,Salesforce Marketing Cloud Administration
Marketing,Marketing Tools & Platforms,Salesforce Marketing Cloud Reporting & Analytics
Marketing,Marketing Tools & Platforms,Salesforce Marketing Cloud Best Practices
Marketing,Marketing Tools & Platforms,Salesforce Marketing Cloud Automation
Marketing,Marketing Tools & Platforms,Salesforce Marketing Cloud Implementation
Marketing,Marketing Tools & Platforms,Braze
Marketing,Marketing Tools & Platforms,Braze Proficiency
Marketing,Marketing Tools & Platforms,Braze Administration
Marketing,Marketing Tools & Platforms,Braze Reporting & Analytics
Marketing,Marketing Tools & Platforms,Braze Best Practices
Marketing,Marketing Tools & Platforms,Braze Automation
Marketing,Marketing Tools & Platforms,Braze Implementation
Marketing,Marketing Tools & Platforms,Iterable
Marketing,Marketing Tools & Platforms,Iterable Proficiency
Marketing,Marketing Tools & Platforms,Iterable Administration
Marketing,Marketing Tools & Platforms,Iterable Reporting & Analytics
Marketing,Marketing Tools & Platforms,Iterable Best Practices
Marketing,Marketing Tools & Platforms,Iterable Automation
Marketing,Marketing Tools & Platforms,Iterable Implementation
Marketing,Marketing Tools & Platforms,Segment
Marketing,Marketing Tools & Platforms,Segment Proficiency
Marketing,Marketing Tools & Platforms,Segment Administration
Marketing,Marketing Tools & Platforms,Segment Reporting & Analytics
Marketing,Marketing Tools & Platforms,Segment Best Practices
Marketing,Marketing Tools & Platforms,Segment Automation
Marketing,Marketing Tools & Platforms,Segment Implementation
Marketing,Marketing Tools & Platforms,Optimizely
Marketing,Marketing Tools & Platforms,Optimizely Proficiency
Marketing,Marketing Tools & Platforms,Optimizely Administration
Marketing,Marketing Tools & Platforms,Optimizely Reporting & Analytics
Marketing,Marketing Tools & Platforms,Optimizely Best Practices
Marketing,Marketing Tools & Platforms,Optimizely Automation
Marketing,Marketing Tools & Platforms,Optimizely Implementation
Marketing,Marketing Tools & Platforms,Unbounce
Marketing,Marketing Tools & Platforms,Unbounce Proficiency
Marketing,Marketing Tools & Platforms,Unbounce Administration
Marketing,Marketing Tools & Platforms,Unbounce Reporting & Analytics
Marketing,Marketing Tools & Platforms,Unbounce Best Practices
Marketing,Marketing Tools & Platforms,Unbounce Automation
Marketing,Marketing Tools & Platforms,Unbounce Implementation
Marketing,Marketing Tools & Platforms,WordPress
Marketing,Marketing Tools & Platforms,WordPress Proficiency
Marketing,Marketing Tools & Platforms,WordPress Administration
Marketing,Marketing Tools & Platforms,WordPress Reporting & Analytics
Marketing,Marketing Tools & Platforms,WordPress Best Practices
Marketing,Marketing Tools & Platforms,WordPress Automation
Marketing,Marketing Tools & Platforms,WordPress Implementation
Marketing,Marketing Tools & Platforms,Google Search Console
Marketing,Marketing Tools & Platforms,Google Search Console Proficiency
Marketing,Marketing Tools & Platforms,Google Search Console Administration
Marketing,Marketing Tools & Platforms,Google Search Console Reporting & Analytics
Marketing,Marketing Tools & Platforms,Google Search Console Best Practices
Marketing,Marketing Tools & Platforms,Google Search Console Automation
Marketing,Marketing Tools & Platforms,Google Search Console Implementation
Marketing,Marketing Tools & Platforms,TikTok Ads Manager
Marketing,Marketing Tools & Platforms,TikTok Ads Manager Proficiency
Marketing,Marketing Tools & Platforms,TikTok Ads Manager Administration
Marketing,Marketing Tools & Platforms,TikTok Ads Manager Reporting & Analytics
Marketing,Marketing Tools & Platforms,TikTok Ads Manager Best Practices
Marketing,Marketing Tools & Platforms,TikTok Ads Manager Automation
Marketing,Marketing Tools & Platforms,TikTok Ads Manager Implementation
Marketing,Marketing Tools & Platforms,LinkedIn Campaign Manager
Marketing,Marketing Tools & Platforms,LinkedIn Campaign Manager Proficiency
Marketing,Marketing Tools & Platforms,LinkedIn Campaign Manager Administration
Marketing,Marketing Tools & Platforms,LinkedIn Campaign Manager Reporting & Analytics
Marketing,Marketing Tools & Platforms,LinkedIn Campaign Manager Best Practices
Marketing,Marketing Tools & Platforms,LinkedIn Campaign Manager Automation
Marketing,Marketing Tools & Platforms,LinkedIn Campaign Manager Implementation
Marketing,Marketing Tools & Platforms,Twitter Ads
Marketing,Marketing Tools & Platforms,Twitter Ads Proficiency
Marketing,Marketing Tools & Platforms,Twitter Ads Administration
Marketing,Marketing Tools & Platforms,Twitter Ads Reporting & Analytics
Marketing,Marketing Tools & Platforms,Twitter Ads Best Practices
Marketing,Marketing Tools & Platforms,Twitter Ads Automation
Marketing,Marketing Tools & Platforms,Twitter Ads Implementation
Marketing,Marketing Tools & Platforms,Pinterest Ads
Marketing,Marketing Tools & Platforms,Pinterest Ads Proficiency
Marketing,Marketing Tools & Platforms,Pinterest Ads Administration
Marketing,Marketing Tools & Platforms,Pinterest Ads Reporting & Analytics
Marketing,Marketing Tools & Platforms,Pinterest Ads Best Practices
Marketing,Marketing Tools & Platforms,Pinterest Ads Automation
Marketing,Marketing Tools & Platforms,Pinterest Ads Implementation
Marketing,Marketing Tools & Platforms,Snapchat Ads Manager
Marketing,Marketing Tools & Platforms,Snapchat Ads Manager Proficiency
Marketing,Marketing Tools & Platforms,Snapchat Ads Manager Administration
Marketing,Marketing Tools & Platforms,Snapchat Ads Manager Reporting & Analytics
Marketing,Marketing Tools & Platforms,Snapchat Ads Manager Best Practices
Marketing,Marketing Tools & Platforms,Snapchat Ads Manager Automation
Marketing,Marketing Tools & Platforms,Snapchat Ads Manager Implementation
Marketing,Marketing Tools & Platforms,YouTube Studio
Marketing,Marketing Tools & Platforms,YouTube Studio Proficiency
Marketing,Marketing Tools & Platforms,YouTube Studio Administration
Marketing,Marketing Tools & Platforms,YouTube Studio Reporting & Analytics
Marketing,Marketing Tools & Platforms,YouTube Studio Best Practices
Marketing,Marketing Tools & Platforms,YouTube Studio Automation
Marketing,Marketing Tools & Platforms,YouTube Studio Implementation
Marketing,Marketing Tools & Platforms,Constant Contact
Marketing,Marketing Tools & Platforms,Constant Contact Proficiency
Marketing,Marketing Tools & Platforms,Constant Contact Administration
Marketing,Marketing Tools & Platforms,Constant Contact Reporting & Analytics
Marketing,Marketing Tools & Platforms,Constant Contact Best Practices
Marketing,Marketing Tools & Platforms,Constant Contact Automation
Marketing,Marketing Tools & Platforms,Constant Contact Implementation
Marketing,Marketing Tools & Platforms,Hotjar
Marketing,Marketing Tools & Platforms,Hotjar Proficiency
Marketing,Marketing Tools & Platforms,Hotjar Administration
Marketing,Marketing Tools & Platforms,Hotjar Reporting & Analytics
Marketing,Marketing Tools & Platforms,Hotjar Best Practices
Marketing,Marketing Tools & Platforms,Hotjar Automation
Marketing,Marketing Tools & Platforms,Hotjar Implementation
Marketing,Marketing Tools & Platforms,Crazy Egg
Marketing,Marketing Tools & Platforms,Crazy Egg Proficiency
Marketing,Marketing Tools & Platforms,Crazy Egg Administration
Marketing,Marketing Tools & Platforms,Crazy Egg Reporting & Analytics
Marketing,Marketing Tools & Platforms,Crazy Egg Best Practices
Marketing,Marketing Tools & Platforms,Crazy Egg Automation
Marketing,Marketing Tools & Platforms,Crazy Egg Implementation
Marketing,Marketing Skills & Strategy,Search Engine Optimization
Marketing,Marketing Skills & Strategy,Search Engine Marketing
Marketing,Marketing Skills & Strategy,Content Marketing
Marketing,Marketing Skills & Strategy,Social Media Marketing
Marketing,Marketing Skills & Strategy,Email Marketing
Marketing,Marketing Skills & Strategy,Affiliate Marketing
Marketing,Marketing Skills & Strategy,Influencer Marketing
Marketing,Marketing Skills & Strategy,Brand Management
Marketing,Marketing Skills & Strategy,Brand Strategy
Marketing,Marketing Skills & Strategy,Copywriting
Marketing,Marketing Skills & Strategy,Content Strategy
Marketing,Marketing Skills & Strategy,Marketing Automation
Marketing,Marketing Skills & Strategy,Growth Hacking
Marketing,Marketing Skills & Strategy,Conversion Rate Optimization
Marketing,Marketing Skills & Strategy,A/B Testing
Marketing,Marketing Skills & Strategy,Marketing Analytics
Marketing,Marketing Skills & Strategy,Campaign Management
Marketing,Marketing Skills & Strategy,Public Relations
Marketing,Marketing Skills & Strategy,Event Marketing
Marketing,Marketing Skills & Strategy,Product Marketing
Marketing,Marketing Skills & Strategy,Marketing Research
Marketing,Marketing Skills & Strategy,Competitive Analysis
Marketing,Marketing Skills & Strategy,Customer Segmentation
Marketing,Marketing Skills & Strategy,Persona Development
Marketing,Marketing Skills & Strategy,Marketing Funnel Design
Marketing,Marketing Skills & Strategy,Video Marketing
Marketing,Marketing Skills & Strategy,Podcast Marketing
Marketing,Marketing Skills & Strategy,Guerrilla Marketing
Marketing,Marketing Skills & Strategy,Account-Based Marketing
Marketing,Marketing Skills & Strategy,Performance Marketing
Marketing,Marketing Skills & Strategy,Programmatic Advertising
Marketing,Marketing Skills & Strategy,Media Buying
Marketing,Marketing Skills & Strategy,Media Planning
Marketing,Marketing Skills & Strategy,Storytelling
Marketing,Marketing Skills & Strategy,Graphic Design
Marketing,Marketing Skills & Strategy,Video Editing
Marketing,Marketing Skills & Strategy,Marketing Budget Management
Marketing,Marketing Skills & Strategy,Lead Nurturing
Marketing,Marketing Skills & Strategy,Customer Journey Mapping
Marketing,Marketing Skills & Strategy,Brand Voice Development
Marketing,Marketing Skills & Strategy,Landing Page Optimization
Marketing,Marketing Skills & Strategy,Marketing Attribution Modeling
Human Resources,HR Tools & Platforms,Workday HCM
Human Resources,HR Tools & Platforms,Workday HCM Proficiency
Human Resources,HR Tools & Platforms,Workday HCM Administration
Human Resources,HR Tools & Platforms,Workday HCM Reporting & Analytics
Human Resources,HR Tools & Platforms,Workday HCM Best Practices
Human Resources,HR Tools & Platforms,Workday HCM Automation
Human Resources,HR Tools & Platforms,Workday HCM Implementation
Human Resources,HR Tools & Platforms,BambooHR
Human Resources,HR Tools & Platforms,BambooHR Proficiency
Human Resources,HR Tools & Platforms,BambooHR Administration
Human Resources,HR Tools & Platforms,BambooHR Reporting & Analytics
Human Resources,HR Tools & Platforms,BambooHR Best Practices
Human Resources,HR Tools & Platforms,BambooHR Automation
Human Resources,HR Tools & Platforms,BambooHR Implementation
Human Resources,HR Tools & Platforms,ADP Workforce Now
Human Resources,HR Tools & Platforms,ADP Workforce Now Proficiency
Human Resources,HR Tools & Platforms,ADP Workforce Now Administration
Human Resources,HR Tools & Platforms,ADP Workforce Now Reporting & Analytics
Human Resources,HR Tools & Platforms,ADP Workforce Now Best Practices
Human Resources,HR Tools & Platforms,ADP Workforce Now Automation
Human Resources,HR Tools & Platforms,ADP Workforce Now Implementation
Human Resources,HR Tools & Platforms,SAP SuccessFactors
Human Resources,HR Tools & Platforms,SAP SuccessFactors Proficiency
Human Resources,HR Tools & Platforms,SAP SuccessFactors Administration
Human Resources,HR Tools & Platforms,SAP SuccessFactors Reporting & Analytics
Human Resources,HR Tools & Platforms,SAP SuccessFactors Best Practices
Human Resources,HR Tools & Platforms,SAP SuccessFactors Automation
Human Resources,HR Tools & Platforms,SAP SuccessFactors Implementation
Human Resources,HR Tools & Platforms,Greenhouse ATS
Human Resources,HR Tools & Platforms,Greenhouse ATS Proficiency
Human Resources,HR Tools & Platforms,Greenhouse ATS Administration
Human Resources,HR Tools & Platforms,Greenhouse ATS Reporting & Analytics
Human Resources,HR Tools & Platforms,Greenhouse ATS Best Practices
Human Resources,HR Tools & Platforms,Greenhouse ATS Automation
Human Resources,HR Tools & Platforms,Greenhouse ATS Implementation
Human Resources,HR Tools & Platforms,Lever ATS
Human Resources,HR Tools & Platforms,Lever ATS Proficiency
Human Resources,HR Tools & Platforms,Lever ATS Administration
Human Resources,HR Tools & Platforms,Lever ATS Reporting & Analytics
Human Resources,HR Tools & Platforms,Lever ATS Best Practices
Human Resources,HR Tools & Platforms,Lever ATS Automation
Human Resources,HR Tools & Platforms,Lever ATS Implementation
Human Resources,HR Tools & Platforms,iCIMS
Human Resources,HR Tools & Platforms,iCIMS Proficiency
Human Resources,HR Tools & Platforms,iCIMS Administration
Human Resources,HR Tools & Platforms,iCIMS Reporting & Analytics
Human Resources,HR Tools & Platforms,iCIMS Best Practices
Human Resources,HR Tools & Platforms,iCIMS Automation
Human Resources,HR Tools & Platforms,iCIMS Implementation
Human Resources,HR Tools & Platforms,Taleo
Human Resources,HR Tools & Platforms,Taleo Proficiency
Human Resources,HR Tools & Platforms,Taleo Administration
Human Resources,HR Tools & Platforms,Taleo Reporting & Analytics
Human Resources,HR Tools & Platforms,Taleo Best Practices
Human Resources,HR Tools & Platforms,Taleo Automation
Human Resources,HR Tools & Platforms,Taleo Implementation
Human Resources,HR Tools & Platforms,UKG (Ultimate Kronos Group)
Human Resources,HR Tools & Platforms,UKG (Ultimate Kronos Group) Proficiency
Human Resources,HR Tools & Platforms,UKG (Ultimate Kronos Group) Administration
Human Resources,HR Tools & Platforms,UKG (Ultimate Kronos Group) Reporting & Analytics
Human Resources,HR Tools & Platforms,UKG (Ultimate Kronos Group) Best Practices
Human Resources,HR Tools & Platforms,UKG (Ultimate Kronos Group) Automation
Human Resources,HR Tools & Platforms,UKG (Ultimate Kronos Group) Implementation
Human Resources,HR Tools & Platforms,Namely
Human Resources,HR Tools & Platforms,Namely Proficiency
Human Resources,HR Tools & Platforms,Namely Administration
Human Resources,HR Tools & Platforms,Namely Reporting & Analytics
Human Resources,HR Tools & Platforms,Namely Best Practices
Human Resources,HR Tools & Platforms,Namely Automation
Human Resources,HR Tools & Platforms,Namely Implementation
Human Resources,HR Tools & Platforms,Gusto
Human Resources,HR Tools & Platforms,Gusto Proficiency
Human Resources,HR Tools & Platforms,Gusto Administration
Human Resources,HR Tools & Platforms,Gusto Reporting & Analytics
Human Resources,HR Tools & Platforms,Gusto Best Practices
Human Resources,HR Tools & Platforms,Gusto Automation
Human Resources,HR Tools & Platforms,Gusto Implementation
Human Resources,HR Tools & Platforms,Zenefits
Human Resources,HR Tools & Platforms,Zenefits Proficiency
Human Resources,HR Tools & Platforms,Zenefits Administration
Human Resources,HR Tools & Platforms,Zenefits Reporting & Analytics
Human Resources,HR Tools & Platforms,Zenefits Best Practices
Human Resources,HR Tools & Platforms,Zenefits Automation
Human Resources,HR Tools & Platforms,Zenefits Implementation
Human Resources,HR Tools & Platforms,LinkedIn Recruiter
Human Resources,HR Tools & Platforms,LinkedIn Recruiter Proficiency
Human Resources,HR Tools & Platforms,LinkedIn Recruiter Administration
Human Resources,HR Tools & Platforms,LinkedIn Recruiter Reporting & Analytics
Human Resources,HR Tools & Platforms,LinkedIn Recruiter Best Practices
Human Resources,HR Tools & Platforms,LinkedIn Recruiter Automation
Human Resources,HR Tools & Platforms,LinkedIn Recruiter Implementation
Human Resources,HR Tools & Platforms,Glassdoor
Human Resources,HR Tools & Platforms,Glassdoor Proficiency
Human Resources,HR Tools & Platforms,Glassdoor Administration
Human Resources,HR Tools & Platforms,Glassdoor Reporting & Analytics
Human Resources,HR Tools & Platforms,Glassdoor Best Practices
Human Resources,HR Tools & Platforms,Glassdoor Automation
Human Resources,HR Tools & Platforms,Glassdoor Implementation
Human Resources,HR Tools & Platforms,15Five
Human Resources,HR Tools & Platforms,15Five Proficiency
Human Resources,HR Tools & Platforms,15Five Administration
Human Resources,HR Tools & Platforms,15Five Reporting & Analytics
Human Resources,HR Tools & Platforms,15Five Best Practices
Human Resources,HR Tools & Platforms,15Five Automation
Human Resources,HR Tools & Platforms,15Five Implementation
Human Resources,HR Tools & Platforms,Culture Amp
Human Resources,HR Tools & Platforms,Culture Amp Proficiency
Human Resources,HR Tools & Platforms,Culture Amp Administration
Human Resources,HR Tools & Platforms,Culture Amp Reporting & Analytics
Human Resources,HR Tools & Platforms,Culture Amp Best Practices
Human Resources,HR Tools & Platforms,Culture Amp Automation
Human Resources,HR Tools & Platforms,Culture Amp Implementation
Human Resources,HR Tools & Platforms,Lattice
Human Resources,HR Tools & Platforms,Lattice Proficiency
Human Resources,HR Tools & Platforms,Lattice Administration
Human Resources,HR Tools & Platforms,Lattice Reporting & Analytics
Human Resources,HR Tools & Platforms,Lattice Best Practices
Human Resources,HR Tools & Platforms,Lattice Automation
Human Resources,HR Tools & Platforms,Lattice Implementation
Human Resources,HR Tools & Platforms,Deel
Human Resources,HR Tools & Platforms,Deel Proficiency
Human Resources,HR Tools & Platforms,Deel Administration
Human Resources,HR Tools & Platforms,Deel Reporting & Analytics
Human Resources,HR Tools & Platforms,Deel Best Practices
Human Resources,HR Tools & Platforms,Deel Automation
Human Resources,HR Tools & Platforms,Deel Implementation
Human Resources,HR Tools & Platforms,Rippling
Human Resources,HR Tools & Platforms,Rippling Proficiency
Human Resources,HR Tools & Platforms,Rippling Administration
Human Resources,HR Tools & Platforms,Rippling Reporting & Analytics
Human Resources,HR Tools & Platforms,Rippling Best Practices
Human Resources,HR Tools & Platforms,Rippling Automation
Human Resources,HR Tools & Platforms,Rippling Implementation
Human Resources,HR Skills & Practices,Talent Acquisition
Human Resources,HR Skills & Practices,Recruitment
Human Resources,HR Skills & Practices,Employee Onboarding
Human Resources,HR Skills & Practices,Employee Offboarding
Human Resources,HR Skills & Practices,Performance Management
Human Resources,HR Skills & Practices,Compensation & Benefits Administration
Human Resources,HR Skills & Practices,Payroll Processing
Human Resources,HR Skills & Practices,Employee Relations
Human Resources,HR Skills & Practices,Labor Law Compliance
Human Resources,HR Skills & Practices,Diversity Equity and Inclusion
Human Resources,HR Skills & Practices,Talent Development
Human Resources,HR Skills & Practices,Succession Planning
Human Resources,HR Skills & Practices,Workforce Planning
Human Resources,HR Skills & Practices,HR Policy Development
Human Resources,HR Skills & Practices,Employee Engagement
Human Resources,HR Skills & Practices,Conflict Mediation
Human Resources,HR Skills & Practices,Exit Interviews
Human Resources,HR Skills & Practices,Job Description Writing
Human Resources,HR Skills & Practices,Interviewing Techniques
Human Resources,HR Skills & Practices,Background Check Coordination
Human Resources,HR Skills & Practices,Benefits Negotiation
Human Resources,HR Skills & Practices,HR Analytics
Human Resources,HR Skills & Practices,Organizational Development
Human Resources,HR Skills & Practices,Change Management
Human Resources,HR Skills & Practices,Training & Development
Human Resources,HR Skills & Practices,Employee Handbook Development
Human Resources,HR Skills & Practices,HRIS Management
Human Resources,HR Skills & Practices,Compensation Benchmarking
Human Resources,HR Skills & Practices,Union Relations
Human Resources,HR Skills & Practices,Workplace Investigations
Human Resources,HR Skills & Practices,Employee Wellness Programs
Human Resources,HR Skills & Practices,Remote Workforce Management
Human Resources,HR Skills & Practices,HR Compliance Auditing
Human Resources,HR Skills & Practices,Employer Branding
Human Resources,HR Skills & Practices,Applicant Tracking
Finance & Accounting,Finance Tools & Platforms,QuickBooks
Finance & Accounting,Finance Tools & Platforms,QuickBooks Proficiency
Finance & Accounting,Finance Tools & Platforms,QuickBooks Administration
Finance & Accounting,Finance Tools & Platforms,QuickBooks Reporting & Analytics
Finance & Accounting,Finance Tools & Platforms,QuickBooks Best Practices
Finance & Accounting,Finance Tools & Platforms,QuickBooks Automation
Finance & Accounting,Finance Tools & Platforms,QuickBooks Implementation
Finance & Accounting,Finance Tools & Platforms,SAP FICO
Finance & Accounting,Finance Tools & Platforms,SAP FICO Proficiency
Finance & Accounting,Finance Tools & Platforms,SAP FICO Administration
Finance & Accounting,Finance Tools & Platforms,SAP FICO Reporting & Analytics
Finance & Accounting,Finance Tools & Platforms,SAP FICO Best Practices
Finance & Accounting,Finance Tools & Platforms,SAP FICO Automation
Finance & Accounting,Finance Tools & Platforms,SAP FICO Implementation
Finance & Accounting,Finance Tools & Platforms,Oracle Financials
Finance & Accounting,Finance Tools & Platforms,Oracle Financials Proficiency
Finance & Accounting,Finance Tools & Platforms,Oracle Financials Administration
Finance & Accounting,Finance Tools & Platforms,Oracle Financials Reporting & Analytics
Finance & Accounting,Finance Tools & Platforms,Oracle Financials Best Practices
Finance & Accounting,Finance Tools & Platforms,Oracle Financials Automation
Finance & Accounting,Finance Tools & Platforms,Oracle Financials Implementation
Finance & Accounting,Finance Tools & Platforms,NetSuite ERP
Finance & Accounting,Finance Tools & Platforms,NetSuite ERP Proficiency
Finance & Accounting,Finance Tools & Platforms,NetSuite ERP Administration
Finance & Accounting,Finance Tools & Platforms,NetSuite ERP Reporting & Analytics
Finance & Accounting,Finance Tools & Platforms,NetSuite ERP Best Practices
Finance & Accounting,Finance Tools & Platforms,NetSuite ERP Automation
Finance & Accounting,Finance Tools & Platforms,NetSuite ERP Implementation
Finance & Accounting,Finance Tools & Platforms,Xero
Finance & Accounting,Finance Tools & Platforms,Xero Proficiency
Finance & Accounting,Finance Tools & Platforms,Xero Administration
Finance & Accounting,Finance Tools & Platforms,Xero Reporting & Analytics
Finance & Accounting,Finance Tools & Platforms,Xero Best Practices
Finance & Accounting,Finance Tools & Platforms,Xero Automation
Finance & Accounting,Finance Tools & Platforms,Xero Implementation
Finance & Accounting,Finance Tools & Platforms,Sage Intacct
Finance & Accounting,Finance Tools & Platforms,Sage Intacct Proficiency
Finance & Accounting,Finance Tools & Platforms,Sage Intacct Administration
Finance & Accounting,Finance Tools & Platforms,Sage Intacct Reporting & Analytics
Finance & Accounting,Finance Tools & Platforms,Sage Intacct Best Practices
Finance & Accounting,Finance Tools & Platforms,Sage Intacct Automation
Finance & Accounting,Finance Tools & Platforms,Sage Intacct Implementation
Finance & Accounting,Finance Tools & Platforms,Microsoft Dynamics GP
Finance & Accounting,Finance Tools & Platforms,Microsoft Dynamics GP Proficiency
Finance & Accounting,Finance Tools & Platforms,Microsoft Dynamics GP Administration
Finance & Accounting,Finance Tools & Platforms,Microsoft Dynamics GP Reporting & Analytics
Finance & Accounting,Finance Tools & Platforms,Microsoft Dynamics GP Best Practices
Finance & Accounting,Finance Tools & Platforms,Microsoft Dynamics GP Automation
Finance & Accounting,Finance Tools & Platforms,Microsoft Dynamics GP Implementation
Finance & Accounting,Finance Tools & Platforms,FreshBooks
Finance & Accounting,Finance Tools & Platforms,FreshBooks Proficiency
Finance & Accounting,Finance Tools & Platforms,FreshBooks Administration
Finance & Accounting,Finance Tools & Platforms,FreshBooks Reporting & Analytics
Finance & Accounting,Finance Tools & Platforms,FreshBooks Best Practices
Finance & Accounting,Finance Tools & Platforms,FreshBooks Automation
Finance & Accounting,Finance Tools & Platforms,FreshBooks Implementation
Finance & Accounting,Finance Tools & Platforms,Bloomberg Terminal
Finance & Accounting,Finance Tools & Platforms,Bloomberg Terminal Proficiency
Finance & Accounting,Finance Tools & Platforms,Bloomberg Terminal Administration
Finance & Accounting,Finance Tools & Platforms,Bloomberg Terminal Reporting & Analytics
Finance & Accounting,Finance Tools & Platforms,Bloomberg Terminal Best Practices
Finance & Accounting,Finance Tools & Platforms,Bloomberg Terminal Automation
Finance & Accounting,Finance Tools & Platforms,Bloomberg Terminal Implementation
Finance & Accounting,Finance Tools & Platforms,Excel Financial Modeling
Finance & Accounting,Finance Tools & Platforms,Excel Financial Modeling Proficiency
Finance & Accounting,Finance Tools & Platforms,Excel Financial Modeling Administration
Finance & Accounting,Finance Tools & Platforms,Excel Financial Modeling Reporting & Analytics
Finance & Accounting,Finance Tools & Platforms,Excel Financial Modeling Best Practices
Finance & Accounting,Finance Tools & Platforms,Excel Financial Modeling Automation
Finance & Accounting,Finance Tools & Platforms,Excel Financial Modeling Implementation
Finance & Accounting,Finance Tools & Platforms,Adaptive Insights
Finance & Accounting,Finance Tools & Platforms,Adaptive Insights Proficiency
Finance & Accounting,Finance Tools & Platforms,Adaptive Insights Administration
Finance & Accounting,Finance Tools & Platforms,Adaptive Insights Reporting & Analytics
Finance & Accounting,Finance Tools & Platforms,Adaptive Insights Best Practices
Finance & Accounting,Finance Tools & Platforms,Adaptive Insights Automation
Finance & Accounting,Finance Tools & Platforms,Adaptive Insights Implementation
Finance & Accounting,Finance Tools & Platforms,Anaplan
Finance & Accounting,Finance Tools & Platforms,Anaplan Proficiency
Finance & Accounting,Finance Tools & Platforms,Anaplan Administration
Finance & Accounting,Finance Tools & Platforms,Anaplan Reporting & Analytics
Finance & Accounting,Finance Tools & Platforms,Anaplan Best Practices
Finance & Accounting,Finance Tools & Platforms,Anaplan Automation
Finance & Accounting,Finance Tools & Platforms,Anaplan Implementation
Finance & Accounting,Finance Tools & Platforms,Oracle Hyperion
Finance & Accounting,Finance Tools & Platforms,Oracle Hyperion Proficiency
Finance & Accounting,Finance Tools & Platforms,Oracle Hyperion Administration
Finance & Accounting,Finance Tools & Platforms,Oracle Hyperion Reporting & Analytics
Finance & Accounting,Finance Tools & Platforms,Oracle Hyperion Best Practices
Finance & Accounting,Finance Tools & Platforms,Oracle Hyperion Automation
Finance & Accounting,Finance Tools & Platforms,Oracle Hyperion Implementation
Finance & Accounting,Finance Tools & Platforms,SAP Concur
Finance & Accounting,Finance Tools & Platforms,SAP Concur Proficiency
Finance & Accounting,Finance Tools & Platforms,SAP Concur Administration
Finance & Accounting,Finance Tools & Platforms,SAP Concur Reporting & Analytics
Finance & Accounting,Finance Tools & Platforms,SAP Concur Best Practices
Finance & Accounting,Finance Tools & Platforms,SAP Concur Automation
Finance & Accounting,Finance Tools & Platforms,SAP Concur Implementation
Finance & Accounting,Finance Tools & Platforms,BlackLine
Finance & Accounting,Finance Tools & Platforms,BlackLine Proficiency
Finance & Accounting,Finance Tools & Platforms,BlackLine Administration
Finance & Accounting,Finance Tools & Platforms,BlackLine Reporting & Analytics
Finance & Accounting,Finance Tools & Platforms,BlackLine Best Practices
Finance & Accounting,Finance Tools & Platforms,BlackLine Automation
Finance & Accounting,Finance Tools & Platforms,BlackLine Implementation
Finance & Accounting,Finance Tools & Platforms,Workiva
Finance & Accounting,Finance Tools & Platforms,Workiva Proficiency
Finance & Accounting,Finance Tools & Platforms,Workiva Administration
Finance & Accounting,Finance Tools & Platforms,Workiva Reporting & Analytics
Finance & Accounting,Finance Tools & Platforms,Workiva Best Practices
Finance & Accounting,Finance Tools & Platforms,Workiva Automation
Finance & Accounting,Finance Tools & Platforms,Workiva Implementation
Finance & Accounting,Finance Tools & Platforms,Tableau for Finance
Finance & Accounting,Finance Tools & Platforms,Tableau for Finance Proficiency
Finance & Accounting,Finance Tools & Platforms,Tableau for Finance Administration
Finance & Accounting,Finance Tools & Platforms,Tableau for Finance Reporting & Analytics
Finance & Accounting,Finance Tools & Platforms,Tableau for Finance Best Practices
Finance & Accounting,Finance Tools & Platforms,Tableau for Finance Automation
Finance & Accounting,Finance Tools & Platforms,Tableau for Finance Implementation
Finance & Accounting,Finance Tools & Platforms,Power BI for Finance
Finance & Accounting,Finance Tools & Platforms,Power BI for Finance Proficiency
Finance & Accounting,Finance Tools & Platforms,Power BI for Finance Administration
Finance & Accounting,Finance Tools & Platforms,Power BI for Finance Reporting & Analytics
Finance & Accounting,Finance Tools & Platforms,Power BI for Finance Best Practices
Finance & Accounting,Finance Tools & Platforms,Power BI for Finance Automation
Finance & Accounting,Finance Tools & Platforms,Power BI for Finance Implementation
Finance & Accounting,Finance & Accounting Skills,Financial Modeling
Finance & Accounting,Finance & Accounting Skills,Financial Analysis
Finance & Accounting,Finance & Accounting Skills,Budgeting & Forecasting
Finance & Accounting,Finance & Accounting Skills,Accounts Payable
Finance & Accounting,Finance & Accounting Skills,Accounts Receivable
Finance & Accounting,Finance & Accounting Skills,General Ledger Management
Finance & Accounting,Finance & Accounting Skills,Financial Reporting
Finance & Accounting,Finance & Accounting Skills,Tax Preparation
Finance & Accounting,Finance & Accounting Skills,Tax Planning
Finance & Accounting,Finance & Accounting Skills,Auditing
Finance & Accounting,Finance & Accounting Skills,Internal Controls
Finance & Accounting,Finance & Accounting Skills,Cost Accounting
Finance & Accounting,Finance & Accounting Skills,Cash Flow Management
Finance & Accounting,Finance & Accounting Skills,Payroll Accounting
Finance & Accounting,Finance & Accounting Skills,Accounts Reconciliation
Finance & Accounting,Finance & Accounting Skills,Sarbanes-Oxley (SOX) Compliance
Finance & Accounting,Finance & Accounting Skills,Mergers & Acquisitions Analysis
Finance & Accounting,Finance & Accounting Skills,Valuation Analysis
Finance & Accounting,Finance & Accounting Skills,Investment Analysis
Finance & Accounting,Finance & Accounting Skills,Financial Risk Management
Finance & Accounting,Finance & Accounting Skills,Treasury Management
Finance & Accounting,Finance & Accounting Skills,Financial Statement Preparation
Finance & Accounting,Finance & Accounting Skills,GAAP Compliance
Finance & Accounting,Finance & Accounting Skills,IFRS Compliance
Finance & Accounting,Finance & Accounting Skills,Accounts Consolidation
Finance & Accounting,Finance & Accounting Skills,Variance Analysis
Finance & Accounting,Finance & Accounting Skills,Fixed Asset Accounting
Finance & Accounting,Finance & Accounting Skills,Credit Analysis
Finance & Accounting,Finance & Accounting Skills,Financial Planning & Analysis (FP&A)
Finance & Accounting,Finance & Accounting Skills,Bookkeeping
Finance & Accounting,Finance & Accounting Skills,Expense Management
Finance & Accounting,Finance & Accounting Skills,Procurement
Finance & Accounting,Finance & Accounting Skills,Cost-Benefit Analysis
Finance & Accounting,Finance & Accounting Skills,Capital Budgeting
Finance & Accounting,Finance & Accounting Skills,Equity Research
Finance & Accounting,Finance & Accounting Skills,Revenue Recognition
Finance & Accounting,Finance & Accounting Skills,Chart of Accounts Management
Operations & Supply Chain,Operations Tools & Platforms,SAP SCM
Operations & Supply Chain,Operations Tools & Platforms,SAP SCM Proficiency
Operations & Supply Chain,Operations Tools & Platforms,SAP SCM Administration
Operations & Supply Chain,Operations Tools & Platforms,SAP SCM Reporting & Analytics
Operations & Supply Chain,Operations Tools & Platforms,SAP SCM Best Practices
Operations & Supply Chain,Operations Tools & Platforms,SAP SCM Automation
Operations & Supply Chain,Operations Tools & Platforms,SAP SCM Implementation
Operations & Supply Chain,Operations Tools & Platforms,Oracle SCM Cloud
Operations & Supply Chain,Operations Tools & Platforms,Oracle SCM Cloud Proficiency
Operations & Supply Chain,Operations Tools & Platforms,Oracle SCM Cloud Administration
Operations & Supply Chain,Operations Tools & Platforms,Oracle SCM Cloud Reporting & Analytics
Operations & Supply Chain,Operations Tools & Platforms,Oracle SCM Cloud Best Practices
Operations & Supply Chain,Operations Tools & Platforms,Oracle SCM Cloud Automation
Operations & Supply Chain,Operations Tools & Platforms,Oracle SCM Cloud Implementation
Operations & Supply Chain,Operations Tools & Platforms,Manhattan Associates WMS
Operations & Supply Chain,Operations Tools & Platforms,Manhattan Associates WMS Proficiency
Operations & Supply Chain,Operations Tools & Platforms,Manhattan Associates WMS Administration
Operations & Supply Chain,Operations Tools & Platforms,Manhattan Associates WMS Reporting & Analytics
Operations & Supply Chain,Operations Tools & Platforms,Manhattan Associates WMS Best Practices
Operations & Supply Chain,Operations Tools & Platforms,Manhattan Associates WMS Automation
Operations & Supply Chain,Operations Tools & Platforms,Manhattan Associates WMS Implementation
Operations & Supply Chain,Operations Tools & Platforms,JDA Software
Operations & Supply Chain,Operations Tools & Platforms,JDA Software Proficiency
Operations & Supply Chain,Operations Tools & Platforms,JDA Software Administration
Operations & Supply Chain,Operations Tools & Platforms,JDA Software Reporting & Analytics
Operations & Supply Chain,Operations Tools & Platforms,JDA Software Best Practices
Operations & Supply Chain,Operations Tools & Platforms,JDA Software Automation
Operations & Supply Chain,Operations Tools & Platforms,JDA Software Implementation
Operations & Supply Chain,Operations Tools & Platforms,Blue Yonder
Operations & Supply Chain,Operations Tools & Platforms,Blue Yonder Proficiency
Operations & Supply Chain,Operations Tools & Platforms,Blue Yonder Administration
Operations & Supply Chain,Operations Tools & Platforms,Blue Yonder Reporting & Analytics
Operations & Supply Chain,Operations Tools & Platforms,Blue Yonder Best Practices
Operations & Supply Chain,Operations Tools & Platforms,Blue Yonder Automation
Operations & Supply Chain,Operations Tools & Platforms,Blue Yonder Implementation
Operations & Supply Chain,Operations Tools & Platforms,Kinaxis RapidResponse
Operations & Supply Chain,Operations Tools & Platforms,Kinaxis RapidResponse Proficiency
Operations & Supply Chain,Operations Tools & Platforms,Kinaxis RapidResponse Administration
Operations & Supply Chain,Operations Tools & Platforms,Kinaxis RapidResponse Reporting & Analytics
Operations & Supply Chain,Operations Tools & Platforms,Kinaxis RapidResponse Best Practices
Operations & Supply Chain,Operations Tools & Platforms,Kinaxis RapidResponse Automation
Operations & Supply Chain,Operations Tools & Platforms,Kinaxis RapidResponse Implementation
Operations & Supply Chain,Operations Tools & Platforms,Coupa
Operations & Supply Chain,Operations Tools & Platforms,Coupa Proficiency
Operations & Supply Chain,Operations Tools & Platforms,Coupa Administration
Operations & Supply Chain,Operations Tools & Platforms,Coupa Reporting & Analytics
Operations & Supply Chain,Operations Tools & Platforms,Coupa Best Practices
Operations & Supply Chain,Operations Tools & Platforms,Coupa Automation
Operations & Supply Chain,Operations Tools & Platforms,Coupa Implementation
Operations & Supply Chain,Operations Tools & Platforms,SAP Ariba
Operations & Supply Chain,Operations Tools & Platforms,SAP Ariba Proficiency
Operations & Supply Chain,Operations Tools & Platforms,SAP Ariba Administration
Operations & Supply Chain,Operations Tools & Platforms,SAP Ariba Reporting & Analytics
Operations & Supply Chain,Operations Tools & Platforms,SAP Ariba Best Practices
Operations & Supply Chain,Operations Tools & Platforms,SAP Ariba Automation
Operations & Supply Chain,Operations Tools & Platforms,SAP Ariba Implementation
Operations & Supply Chain,Operations Tools & Platforms,Fishbowl Inventory
Operations & Supply Chain,Operations Tools & Platforms,Fishbowl Inventory Proficiency
Operations & Supply Chain,Operations Tools & Platforms,Fishbowl Inventory Administration
Operations & Supply Chain,Operations Tools & Platforms,Fishbowl Inventory Reporting & Analytics
Operations & Supply Chain,Operations Tools & Platforms,Fishbowl Inventory Best Practices
Operations & Supply Chain,Operations Tools & Platforms,Fishbowl Inventory Automation
Operations & Supply Chain,Operations Tools & Platforms,Fishbowl Inventory Implementation
Operations & Supply Chain,Operations Tools & Platforms,NetSuite Inventory Management
Operations & Supply Chain,Operations Tools & Platforms,NetSuite Inventory Management Proficiency
Operations & Supply Chain,Operations Tools & Platforms,NetSuite Inventory Management Administration
Operations & Supply Chain,Operations Tools & Platforms,NetSuite Inventory Management Reporting & Analytics
Operations & Supply Chain,Operations Tools & Platforms,NetSuite Inventory Management Best Practices
Operations & Supply Chain,Operations Tools & Platforms,NetSuite Inventory Management Automation
Operations & Supply Chain,Operations Tools & Platforms,NetSuite Inventory Management Implementation
Operations & Supply Chain,Operations & Supply Chain Skills,Supply Chain Management
Operations & Supply Chain,Operations & Supply Chain Skills,Inventory Management
Operations & Supply Chain,Operations & Supply Chain Skills,Logistics Coordination
Operations & Supply Chain,Operations & Supply Chain Skills,Procurement Management
Operations & Supply Chain,Operations & Supply Chain Skills,Vendor Negotiation
Operations & Supply Chain,Operations & Supply Chain Skills,Demand Planning
Operations & Supply Chain,Operations & Supply Chain Skills,Warehouse Management
Operations & Supply Chain,Operations & Supply Chain Skills,Distribution Management
Operations & Supply Chain,Operations & Supply Chain Skills,Quality Control
Operations & Supply Chain,Operations & Supply Chain Skills,Quality Assurance
Operations & Supply Chain,Operations & Supply Chain Skills,Lean Manufacturing
Operations & Supply Chain,Operations & Supply Chain Skills,Six Sigma Process Improvement
Operations & Supply Chain,Operations & Supply Chain Skills,Just-In-Time Inventory
Operations & Supply Chain,Operations & Supply Chain Skills,Production Planning
Operations & Supply Chain,Operations & Supply Chain Skills,Fleet Management
Operations & Supply Chain,Operations & Supply Chain Skills,Import/Export Compliance
Operations & Supply Chain,Operations & Supply Chain Skills,Supplier Relationship Management
Operations & Supply Chain,Operations & Supply Chain Skills,Order Fulfillment
Operations & Supply Chain,Operations & Supply Chain Skills,Cost Reduction Strategy
Operations & Supply Chain,Operations & Supply Chain Skills,Operations Analytics
Operations & Supply Chain,Operations & Supply Chain Skills,Process Improvement
Operations & Supply Chain,Operations & Supply Chain Skills,Capacity Planning
Operations & Supply Chain,Operations & Supply Chain Skills,Facilities Management
Operations & Supply Chain,Operations & Supply Chain Skills,Health & Safety Compliance
Operations & Supply Chain,Operations & Supply Chain Skills,ISO 9001 Compliance
Operations & Supply Chain,Operations & Supply Chain Skills,Continuous Improvement
Operations & Supply Chain,Operations & Supply Chain Skills,Kaizen Methodology
Operations & Supply Chain,Operations & Supply Chain Skills,Root Cause Analysis
Operations & Supply Chain,Operations & Supply Chain Skills,Business Process Reengineering
Operations & Supply Chain,Operations & Supply Chain Skills,Contract Management
Operations & Supply Chain,Operations & Supply Chain Skills,Materials Requirement Planning
Operations & Supply Chain,Operations & Supply Chain Skills,Cold Chain Logistics
Customer Service & Support,Customer Support Tools,Zendesk
Customer Service & Support,Customer Support Tools,Zendesk Proficiency
Customer Service & Support,Customer Support Tools,Zendesk Administration
Customer Service & Support,Customer Support Tools,Zendesk Reporting & Analytics
Customer Service & Support,Customer Support Tools,Zendesk Best Practices
Customer Service & Support,Customer Support Tools,Zendesk Automation
Customer Service & Support,Customer Support Tools,Zendesk Implementation
Customer Service & Support,Customer Support Tools,Freshdesk
Customer Service & Support,Customer Support Tools,Freshdesk Proficiency
Customer Service & Support,Customer Support Tools,Freshdesk Administration
Customer Service & Support,Customer Support Tools,Freshdesk Reporting & Analytics
Customer Service & Support,Customer Support Tools,Freshdesk Best Practices
Customer Service & Support,Customer Support Tools,Freshdesk Automation
Customer Service & Support,Customer Support Tools,Freshdesk Implementation
Customer Service & Support,Customer Support Tools,Intercom
Customer Service & Support,Customer Support Tools,Intercom Proficiency
Customer Service & Support,Customer Support Tools,Intercom Administration
Customer Service & Support,Customer Support Tools,Intercom Reporting & Analytics
Customer Service & Support,Customer Support Tools,Intercom Best Practices
Customer Service & Support,Customer Support Tools,Intercom Automation
Customer Service & Support,Customer Support Tools,Intercom Implementation
Customer Service & Support,Customer Support Tools,Salesforce Service Cloud
Customer Service & Support,Customer Support Tools,Salesforce Service Cloud Proficiency
Customer Service & Support,Customer Support Tools,Salesforce Service Cloud Administration
Customer Service & Support,Customer Support Tools,Salesforce Service Cloud Reporting & Analytics
Customer Service & Support,Customer Support Tools,Salesforce Service Cloud Best Practices
Customer Service & Support,Customer Support Tools,Salesforce Service Cloud Automation
Customer Service & Support,Customer Support Tools,Salesforce Service Cloud Implementation
Customer Service & Support,Customer Support Tools,Help Scout
Customer Service & Support,Customer Support Tools,Help Scout Proficiency
Customer Service & Support,Customer Support Tools,Help Scout Administration
Customer Service & Support,Customer Support Tools,Help Scout Reporting & Analytics
Customer Service & Support,Customer Support Tools,Help Scout Best Practices
Customer Service & Support,Customer Support Tools,Help Scout Automation
Customer Service & Support,Customer Support Tools,Help Scout Implementation
Customer Service & Support,Customer Support Tools,LiveChat
Customer Service & Support,Customer Support Tools,LiveChat Proficiency
Customer Service & Support,Customer Support Tools,LiveChat Administration
Customer Service & Support,Customer Support Tools,LiveChat Reporting & Analytics
Customer Service & Support,Customer Support Tools,LiveChat Best Practices
Customer Service & Support,Customer Support Tools,LiveChat Automation
Customer Service & Support,Customer Support Tools,LiveChat Implementation
Customer Service & Support,Customer Support Tools,Kayako
Customer Service & Support,Customer Support Tools,Kayako Proficiency
Customer Service & Support,Customer Support Tools,Kayako Administration
Customer Service & Support,Customer Support Tools,Kayako Reporting & Analytics
Customer Service & Support,Customer Support Tools,Kayako Best Practices
Customer Service & Support,Customer Support Tools,Kayako Automation
Customer Service & Support,Customer Support Tools,Kayako Implementation
Customer Service & Support,Customer Support Tools,Gorgias
Customer Service & Support,Customer Support Tools,Gorgias Proficiency
Customer Service & Support,Customer Support Tools,Gorgias Administration
Customer Service & Support,Customer Support Tools,Gorgias Reporting & Analytics
Customer Service & Support,Customer Support Tools,Gorgias Best Practices
Customer Service & Support,Customer Support Tools,Gorgias Automation
Customer Service & Support,Customer Support Tools,Gorgias Implementation
Customer Service & Support,Customer Support Tools,Zoho Desk
Customer Service & Support,Customer Support Tools,Zoho Desk Proficiency
Customer Service & Support,Customer Support Tools,Zoho Desk Administration
Customer Service & Support,Customer Support Tools,Zoho Desk Reporting & Analytics
Customer Service & Support,Customer Support Tools,Zoho Desk Best Practices
Customer Service & Support,Customer Support Tools,Zoho Desk Automation
Customer Service & Support,Customer Support Tools,Zoho Desk Implementation
Customer Service & Support,Customer Support Tools,ServiceNow Customer Service
Customer Service & Support,Customer Support Tools,ServiceNow Customer Service Proficiency
Customer Service & Support,Customer Support Tools,ServiceNow Customer Service Administration
Customer Service & Support,Customer Support Tools,ServiceNow Customer Service Reporting & Analytics
Customer Service & Support,Customer Support Tools,ServiceNow Customer Service Best Practices
Customer Service & Support,Customer Support Tools,ServiceNow Customer Service Automation
Customer Service & Support,Customer Support Tools,ServiceNow Customer Service Implementation
Customer Service & Support,Customer Support Skills,Customer Support
Customer Service & Support,Customer Support Skills,Technical Support
Customer Service & Support,Customer Support Skills,Live Chat Support
Customer Service & Support,Customer Support Skills,Call Center Operations
Customer Service & Support,Customer Support Skills,Customer Complaint Resolution
Customer Service & Support,Customer Support Skills,Customer Satisfaction Management
Customer Service & Support,Customer Support Skills,Ticket Management
Customer Service & Support,Customer Support Skills,Customer Retention
Customer Service & Support,Customer Support Skills,Customer Onboarding
Customer Service & Support,Customer Support Skills,Phone Support
Customer Service & Support,Customer Support Skills,Customer Experience Management
Customer Service & Support,Customer Support Skills,Service Level Agreement Management
Customer Service & Support,Customer Support Skills,Escalation Management
Customer Service & Support,Customer Support Skills,Knowledge Base Management
Customer Service & Support,Customer Support Skills,Customer Feedback Analysis
Customer Service & Support,Customer Support Skills,First Call Resolution
Customer Service & Support,Customer Support Skills,Multichannel Support
Customer Service & Support,Customer Support Skills,De-escalation Techniques
Customer Service & Support,Customer Support Skills,Customer Success Management
Design & Creative,Design Tools,Figma
Design & Creative,Design Tools,Figma Proficiency
Design & Creative,Design Tools,Figma Administration
Design & Creative,Design Tools,Figma Reporting & Analytics
Design & Creative,Design Tools,Figma Best Practices
Design & Creative,Design Tools,Figma Automation
Design & Creative,Design Tools,Figma Implementation
Design & Creative,Design Tools,Adobe XD
Design & Creative,Design Tools,Adobe XD Proficiency
Design & Creative,Design Tools,Adobe XD Administration
Design & Creative,Design Tools,Adobe XD Reporting & Analytics
Design & Creative,Design Tools,Adobe XD Best Practices
Design & Creative,Design Tools,Adobe XD Automation
Design & Creative,Design Tools,Adobe XD Implementation
Design & Creative,Design Tools,Sketch App
Design & Creative,Design Tools,Sketch App Proficiency
Design & Creative,Design Tools,Sketch App Administration
Design & Creative,Design Tools,Sketch App Reporting & Analytics
Design & Creative,Design Tools,Sketch App Best Practices
Design & Creative,Design Tools,Sketch App Automation
Design & Creative,Design Tools,Sketch App Implementation
Design & Creative,Design Tools,Adobe Photoshop
Design & Creative,Design Tools,Adobe Photoshop Proficiency
Design & Creative,Design Tools,Adobe Photoshop Administration
Design & Creative,Design Tools,Adobe Photoshop Reporting & Analytics
Design & Creative,Design Tools,Adobe Photoshop Best Practices
Design & Creative,Design Tools,Adobe Photoshop Automation
Design & Creative,Design Tools,Adobe Photoshop Implementation
Design & Creative,Design Tools,Adobe Illustrator
Design & Creative,Design Tools,Adobe Illustrator Proficiency
Design & Creative,Design Tools,Adobe Illustrator Administration
Design & Creative,Design Tools,Adobe Illustrator Reporting & Analytics
Design & Creative,Design Tools,Adobe Illustrator Best Practices
Design & Creative,Design Tools,Adobe Illustrator Automation
Design & Creative,Design Tools,Adobe Illustrator Implementation
Design & Creative,Design Tools,Adobe InDesign
Design & Creative,Design Tools,Adobe InDesign Proficiency
Design & Creative,Design Tools,Adobe InDesign Administration
Design & Creative,Design Tools,Adobe InDesign Reporting & Analytics
Design & Creative,Design Tools,Adobe InDesign Best Practices
Design & Creative,Design Tools,Adobe InDesign Automation
Design & Creative,Design Tools,Adobe InDesign Implementation
Design & Creative,Design Tools,Adobe After Effects
Design & Creative,Design Tools,Adobe After Effects Proficiency
Design & Creative,Design Tools,Adobe After Effects Administration
Design & Creative,Design Tools,Adobe After Effects Reporting & Analytics
Design & Creative,Design Tools,Adobe After Effects Best Practices
Design & Creative,Design Tools,Adobe After Effects Automation
Design & Creative,Design Tools,Adobe After Effects Implementation
Design & Creative,Design Tools,Adobe Premiere Pro
Design & Creative,Design Tools,Adobe Premiere Pro Proficiency
Design & Creative,Design Tools,Adobe Premiere Pro Administration
Design & Creative,Design Tools,Adobe Premiere Pro Reporting & Analytics
Design & Creative,Design Tools,Adobe Premiere Pro Best Practices
Design & Creative,Design Tools,Adobe Premiere Pro Automation
Design & Creative,Design Tools,Adobe Premiere Pro Implementation
Design & Creative,Design Tools,Canva
Design & Creative,Design Tools,Canva Proficiency
Design & Creative,Design Tools,Canva Administration
Design & Creative,Design Tools,Canva Reporting & Analytics
Design & Creative,Design Tools,Canva Best Practices
Design & Creative,Design Tools,Canva Automation
Design & Creative,Design Tools,Canva Implementation
Design & Creative,Design Tools,InVision
Design & Creative,Design Tools,InVision Proficiency
Design & Creative,Design Tools,InVision Administration
Design & Creative,Design Tools,InVision Reporting & Analytics
Design & Creative,Design Tools,InVision Best Practices
Design & Creative,Design Tools,InVision Automation
Design & Creative,Design Tools,InVision Implementation
Design & Creative,Design Tools,Framer
Design & Creative,Design Tools,Framer Proficiency
Design & Creative,Design Tools,Framer Administration
Design & Creative,Design Tools,Framer Reporting & Analytics
Design & Creative,Design Tools,Framer Best Practices
Design & Creative,Design Tools,Framer Automation
Design & Creative,Design Tools,Framer Implementation
Design & Creative,Design Tools,Procreate
Design & Creative,Design Tools,Procreate Proficiency
Design & Creative,Design Tools,Procreate Administration
Design & Creative,Design Tools,Procreate Reporting & Analytics
Design & Creative,Design Tools,Procreate Best Practices
Design & Creative,Design Tools,Procreate Automation
Design & Creative,Design Tools,Procreate Implementation
Design & Creative,Design Tools,Blender
Design & Creative,Design Tools,Blender Proficiency
Design & Creative,Design Tools,Blender Administration
Design & Creative,Design Tools,Blender Reporting & Analytics
Design & Creative,Design Tools,Blender Best Practices
Design & Creative,Design Tools,Blender Automation
Design & Creative,Design Tools,Blender Implementation
Design & Creative,Design Tools,Cinema 4D
Design & Creative,Design Tools,Cinema 4D Proficiency
Design & Creative,Design Tools,Cinema 4D Administration
Design & Creative,Design Tools,Cinema 4D Reporting & Analytics
Design & Creative,Design Tools,Cinema 4D Best Practices
Design & Creative,Design Tools,Cinema 4D Automation
Design & Creative,Design Tools,Cinema 4D Implementation
Design & Creative,Design Tools,CorelDRAW
Design & Creative,Design Tools,CorelDRAW Proficiency
Design & Creative,Design Tools,CorelDRAW Administration
Design & Creative,Design Tools,CorelDRAW Reporting & Analytics
Design & Creative,Design Tools,CorelDRAW Best Practices
Design & Creative,Design Tools,CorelDRAW Automation
Design & Creative,Design Tools,CorelDRAW Implementation
Design & Creative,Design Tools,Affinity Designer
Design & Creative,Design Tools,Affinity Designer Proficiency
Design & Creative,Design Tools,Affinity Designer Administration
Design & Creative,Design Tools,Affinity Designer Reporting & Analytics
Design & Creative,Design Tools,Affinity Designer Best Practices
Design & Creative,Design Tools,Affinity Designer Automation
Design & Creative,Design Tools,Affinity Designer Implementation
Design & Creative,Design Tools,Miro
Design & Creative,Design Tools,Miro Proficiency
Design & Creative,Design Tools,Miro Administration
Design & Creative,Design Tools,Miro Reporting & Analytics
Design & Creative,Design Tools,Miro Best Practices
Design & Creative,Design Tools,Miro Automation
Design & Creative,Design Tools,Miro Implementation
Design & Creative,Design Tools,Zeplin
Design & Creative,Design Tools,Zeplin Proficiency
Design & Creative,Design Tools,Zeplin Administration
Design & Creative,Design Tools,Zeplin Reporting & Analytics
Design & Creative,Design Tools,Zeplin Best Practices
Design & Creative,Design Tools,Zeplin Automation
Design & Creative,Design Tools,Zeplin Implementation
Design & Creative,Design Skills,UI Design
Design & Creative,Design Skills,UX Design
Design & Creative,Design Skills,User Research
Design & Creative,Design Skills,Wireframing
Design & Creative,Design Skills,Prototyping
Design & Creative,Design Skills,Graphic Design
Design & Creative,Design Skills,Visual Design
Design & Creative,Design Skills,Typography
Design & Creative,Design Skills,Brand Identity Design
Design & Creative,Design Skills,Motion Graphics
Design & Creative,Design Skills,Illustration
Design & Creative,Design Skills,Interaction Design
Design & Creative,Design Skills,Design Systems
Design & Creative,Design Skills,Usability Testing
Design & Creative,Design Skills,Information Architecture
Design & Creative,Design Skills,Print Design
Design & Creative,Design Skills,Packaging Design
Design & Creative,Design Skills,3D Modeling
Design & Creative,Design Skills,Video Production
Design & Creative,Design Skills,Photography
Design & Creative,Design Skills,Web Design
Design & Creative,Design Skills,Logo Design
Design & Creative,Design Skills,Color Theory
Design & Creative,Design Skills,Accessibility Design (WCAG)
Legal & Compliance,Legal Tools,Relativity eDiscovery
Legal & Compliance,Legal Tools,Relativity eDiscovery Proficiency
Legal & Compliance,Legal Tools,Relativity eDiscovery Administration
Legal & Compliance,Legal Tools,Relativity eDiscovery Reporting & Analytics
Legal & Compliance,Legal Tools,Relativity eDiscovery Best Practices
Legal & Compliance,Legal Tools,Relativity eDiscovery Automation
Legal & Compliance,Legal Tools,Relativity eDiscovery Implementation
Legal & Compliance,Legal Tools,LexisNexis
Legal & Compliance,Legal Tools,LexisNexis Proficiency
Legal & Compliance,Legal Tools,LexisNexis Administration
Legal & Compliance,Legal Tools,LexisNexis Reporting & Analytics
Legal & Compliance,Legal Tools,LexisNexis Best Practices
Legal & Compliance,Legal Tools,LexisNexis Automation
Legal & Compliance,Legal Tools,LexisNexis Implementation
Legal & Compliance,Legal Tools,Westlaw
Legal & Compliance,Legal Tools,Westlaw Proficiency
Legal & Compliance,Legal Tools,Westlaw Administration
Legal & Compliance,Legal Tools,Westlaw Reporting & Analytics
Legal & Compliance,Legal Tools,Westlaw Best Practices
Legal & Compliance,Legal Tools,Westlaw Automation
Legal & Compliance,Legal Tools,Westlaw Implementation
Legal & Compliance,Legal Tools,Clio Legal Software
Legal & Compliance,Legal Tools,Clio Legal Software Proficiency
Legal & Compliance,Legal Tools,Clio Legal Software Administration
Legal & Compliance,Legal Tools,Clio Legal Software Reporting & Analytics
Legal & Compliance,Legal Tools,Clio Legal Software Best Practices
Legal & Compliance,Legal Tools,Clio Legal Software Automation
Legal & Compliance,Legal Tools,Clio Legal Software Implementation
Legal & Compliance,Legal Tools,DocuSign for Legal
Legal & Compliance,Legal Tools,DocuSign for Legal Proficiency
Legal & Compliance,Legal Tools,DocuSign for Legal Administration
Legal & Compliance,Legal Tools,DocuSign for Legal Reporting & Analytics
Legal & Compliance,Legal Tools,DocuSign for Legal Best Practices
Legal & Compliance,Legal Tools,DocuSign for Legal Automation
Legal & Compliance,Legal Tools,DocuSign for Legal Implementation
Legal & Compliance,Legal Tools,iManage
Legal & Compliance,Legal Tools,iManage Proficiency
Legal & Compliance,Legal Tools,iManage Administration
Legal & Compliance,Legal Tools,iManage Reporting & Analytics
Legal & Compliance,Legal Tools,iManage Best Practices
Legal & Compliance,Legal Tools,iManage Automation
Legal & Compliance,Legal Tools,iManage Implementation
Legal & Compliance,Legal Tools,NetDocuments
Legal & Compliance,Legal Tools,NetDocuments Proficiency
Legal & Compliance,Legal Tools,NetDocuments Administration
Legal & Compliance,Legal Tools,NetDocuments Reporting & Analytics
Legal & Compliance,Legal Tools,NetDocuments Best Practices
Legal & Compliance,Legal Tools,NetDocuments Automation
Legal & Compliance,Legal Tools,NetDocuments Implementation
Legal & Compliance,Legal Skills,Contract Drafting
Legal & Compliance,Legal Skills,Contract Review
Legal & Compliance,Legal Skills,Legal Research
Legal & Compliance,Legal Skills,Litigation Support
Legal & Compliance,Legal Skills,Regulatory Compliance
Legal & Compliance,Legal Skills,Intellectual Property Law
Legal & Compliance,Legal Skills,Corporate Law
Legal & Compliance,Legal Skills,Employment Law
Legal & Compliance,Legal Skills,Data Privacy Law
Legal & Compliance,Legal Skills,Mergers & Acquisitions Law
Legal & Compliance,Legal Skills,Legal Writing
Legal & Compliance,Legal Skills,Compliance Auditing
Legal & Compliance,Legal Skills,Legal Risk Management
Legal & Compliance,Legal Skills,Due Diligence
Legal & Compliance,Legal Skills,Trademark Filing
Legal & Compliance,Legal Skills,Patent Filing
Legal & Compliance,Legal Skills,Legal Negotiation
Legal & Compliance,Legal Skills,Dispute Resolution
Legal & Compliance,Legal Skills,Corporate Governance
Legal & Compliance,Legal Skills,Regulatory Filing
Legal & Compliance,Legal Skills,Arbitration
Legal & Compliance,Legal Skills,Contract Lifecycle Management
Product Management,Product Management Tools,Jira
Product Management,Product Management Tools,Jira Proficiency
Product Management,Product Management Tools,Jira Administration
Product Management,Product Management Tools,Jira Reporting & Analytics
Product Management,Product Management Tools,Jira Best Practices
Product Management,Product Management Tools,Jira Automation
Product Management,Product Management Tools,Jira Implementation
Product Management,Product Management Tools,Productboard
Product Management,Product Management Tools,Productboard Proficiency
Product Management,Product Management Tools,Productboard Administration
Product Management,Product Management Tools,Productboard Reporting & Analytics
Product Management,Product Management Tools,Productboard Best Practices
Product Management,Product Management Tools,Productboard Automation
Product Management,Product Management Tools,Productboard Implementation
Product Management,Product Management Tools,Aha!
Product Management,Product Management Tools,Aha! Proficiency
Product Management,Product Management Tools,Aha! Administration
Product Management,Product Management Tools,Aha! Reporting & Analytics
Product Management,Product Management Tools,Aha! Best Practices
Product Management,Product Management Tools,Aha! Automation
Product Management,Product Management Tools,Aha! Implementation
Product Management,Product Management Tools,Amplitude
Product Management,Product Management Tools,Amplitude Proficiency
Product Management,Product Management Tools,Amplitude Administration
Product Management,Product Management Tools,Amplitude Reporting & Analytics
Product Management,Product Management Tools,Amplitude Best Practices
Product Management,Product Management Tools,Amplitude Automation
Product Management,Product Management Tools,Amplitude Implementation
Product Management,Product Management Tools,Mixpanel
Product Management,Product Management Tools,Mixpanel Proficiency
Product Management,Product Management Tools,Mixpanel Administration
Product Management,Product Management Tools,Mixpanel Reporting & Analytics
Product Management,Product Management Tools,Mixpanel Best Practices
Product Management,Product Management Tools,Mixpanel Automation
Product Management,Product Management Tools,Mixpanel Implementation
Product Management,Product Management Tools,Pendo
Product Management,Product Management Tools,Pendo Proficiency
Product Management,Product Management Tools,Pendo Administration
Product Management,Product Management Tools,Pendo Reporting & Analytics
Product Management,Product Management Tools,Pendo Best Practices
Product Management,Product Management Tools,Pendo Automation
Product Management,Product Management Tools,Pendo Implementation
Product Management,Product Management Tools,UserVoice
Product Management,Product Management Tools,UserVoice Proficiency
Product Management,Product Management Tools,UserVoice Administration
Product Management,Product Management Tools,UserVoice Reporting & Analytics
Product Management,Product Management Tools,UserVoice Best Practices
Product Management,Product Management Tools,UserVoice Automation
Product Management,Product Management Tools,UserVoice Implementation
Product Management,Product Management Tools,Figma for Product
Product Management,Product Management Tools,Figma for Product Proficiency
Product Management,Product Management Tools,Figma for Product Administration
Product Management,Product Management Tools,Figma for Product Reporting & Analytics
Product Management,Product Management Tools,Figma for Product Best Practices
Product Management,Product Management Tools,Figma for Product Automation
Product Management,Product Management Tools,Figma for Product Implementation
Product Management,Product Management Tools,Miro
Product Management,Product Management Tools,Miro Proficiency
Product Management,Product Management Tools,Miro Administration
Product Management,Product Management Tools,Miro Reporting & Analytics
Product Management,Product Management Tools,Miro Best Practices
Product Management,Product Management Tools,Miro Automation
Product Management,Product Management Tools,Miro Implementation
Product Management,Product Management Skills,Product Strategy
Product Management,Product Management Skills,Product Roadmap Planning
Product Management,Product Management Skills,Market Research
Product Management,Product Management Skills,Competitive Analysis
Product Management,Product Management Skills,User Story Writing
Product Management,Product Management Skills,Product Launch Management
Product Management,Product Management Skills,Feature Prioritization
Product Management,Product Management Skills,Product Analytics
Product Management,Product Management Skills,Customer Discovery
Product Management,Product Management Skills,A/B Testing
Product Management,Product Management Skills,Go-to-Market Strategy
Product Management,Product Management Skills,Stakeholder Management
Product Management,Product Management Skills,Product Lifecycle Management
Product Management,Product Management Skills,Pricing Strategy
Product Management,Product Management Skills,Cross-Functional Collaboration
Product Management,Product Management Skills,Product Requirements Documentation
Product Management,Product Management Skills,Voice of Customer Research
Product Management,Product Management Skills,Product-Market Fit Analysis
Administrative & Office,Office Tools,Microsoft Office Suite
Administrative & Office,Office Tools,Microsoft Office Suite Proficiency
Administrative & Office,Office Tools,Microsoft Office Suite Administration
Administrative & Office,Office Tools,Microsoft Office Suite Reporting & Analytics
Administrative & Office,Office Tools,Microsoft Office Suite Best Practices
Administrative & Office,Office Tools,Microsoft Office Suite Automation
Administrative & Office,Office Tools,Microsoft Office Suite Implementation
Administrative & Office,Office Tools,Google Workspace
Administrative & Office,Office Tools,Google Workspace Proficiency
Administrative & Office,Office Tools,Google Workspace Administration
Administrative & Office,Office Tools,Google Workspace Reporting & Analytics
Administrative & Office,Office Tools,Google Workspace Best Practices
Administrative & Office,Office Tools,Google Workspace Automation
Administrative & Office,Office Tools,Google Workspace Implementation
Administrative & Office,Office Tools,Microsoft Outlook
Administrative & Office,Office Tools,Microsoft Outlook Proficiency
Administrative & Office,Office Tools,Microsoft Outlook Administration
Administrative & Office,Office Tools,Microsoft Outlook Reporting & Analytics
Administrative & Office,Office Tools,Microsoft Outlook Best Practices
Administrative & Office,Office Tools,Microsoft Outlook Automation
Administrative & Office,Office Tools,Microsoft Outlook Implementation
Administrative & Office,Office Tools,Microsoft Excel
Administrative & Office,Office Tools,Microsoft Excel Proficiency
Administrative & Office,Office Tools,Microsoft Excel Administration
Administrative & Office,Office Tools,Microsoft Excel Reporting & Analytics
Administrative & Office,Office Tools,Microsoft Excel Best Practices
Administrative & Office,Office Tools,Microsoft Excel Automation
Administrative & Office,Office Tools,Microsoft Excel Implementation
Administrative & Office,Office Tools,Microsoft PowerPoint
Administrative & Office,Office Tools,Microsoft PowerPoint Proficiency
Administrative & Office,Office Tools,Microsoft PowerPoint Administration
Administrative & Office,Office Tools,Microsoft PowerPoint Reporting & Analytics
Administrative & Office,Office Tools,Microsoft PowerPoint Best Practices
Administrative & Office,Office Tools,Microsoft PowerPoint Automation
Administrative & Office,Office Tools,Microsoft PowerPoint Implementation
Administrative & Office,Office Tools,Microsoft Word
Administrative & Office,Office Tools,Microsoft Word Proficiency
Administrative & Office,Office Tools,Microsoft Word Administration
Administrative & Office,Office Tools,Microsoft Word Reporting & Analytics
Administrative & Office,Office Tools,Microsoft Word Best Practices
Administrative & Office,Office Tools,Microsoft Word Automation
Administrative & Office,Office Tools,Microsoft Word Implementation
Administrative & Office,Office Tools,Calendly for Scheduling
Administrative & Office,Office Tools,Calendly for Scheduling Proficiency
Administrative & Office,Office Tools,Calendly for Scheduling Administration
Administrative & Office,Office Tools,Calendly for Scheduling Reporting & Analytics
Administrative & Office,Office Tools,Calendly for Scheduling Best Practices
Administrative & Office,Office Tools,Calendly for Scheduling Automation
Administrative & Office,Office Tools,Calendly for Scheduling Implementation
Administrative & Office,Office Tools,Zoom
Administrative & Office,Office Tools,Zoom Proficiency
Administrative & Office,Office Tools,Zoom Administration
Administrative & Office,Office Tools,Zoom Reporting & Analytics
Administrative & Office,Office Tools,Zoom Best Practices
Administrative & Office,Office Tools,Zoom Automation
Administrative & Office,Office Tools,Zoom Implementation
Administrative & Office,Office Tools,Slack
Administrative & Office,Office Tools,Slack Proficiency
Administrative & Office,Office Tools,Slack Administration
Administrative & Office,Office Tools,Slack Reporting & Analytics
Administrative & Office,Office Tools,Slack Best Practices
Administrative & Office,Office Tools,Slack Automation
Administrative & Office,Office Tools,Slack Implementation
Administrative & Office,Administrative Skills,Office Administration
Administrative & Office,Administrative Skills,Calendar Management
Administrative & Office,Administrative Skills,Travel Coordination
Administrative & Office,Administrative Skills,Data Entry
Administrative & Office,Administrative Skills,Records Management
Administrative & Office,Administrative Skills,Meeting Coordination
Administrative & Office,Administrative Skills,Correspondence Management
Administrative & Office,Administrative Skills,Front Desk Management
Administrative & Office,Administrative Skills,Event Planning
Administrative & Office,Administrative Skills,Expense Reporting
Administrative & Office,Administrative Skills,Filing Systems Management
Administrative & Office,Administrative Skills,Executive Support
Administrative & Office,Administrative Skills,Minute Taking
Administrative & Office,Administrative Skills,Office Supply Management
Executive & General Management,Leadership & Strategy Skills,Strategic Planning
Executive & General Management,Leadership & Strategy Skills,Business Development
Executive & General Management,Leadership & Strategy Skills,P&L Management
Executive & General Management,Leadership & Strategy Skills,Organizational Leadership
Executive & General Management,Leadership & Strategy Skills,Board Reporting
Executive & General Management,Leadership & Strategy Skills,Investor Relations
Executive & General Management,Leadership & Strategy Skills,Crisis Management
Executive & General Management,Leadership & Strategy Skills,Change Leadership
Executive & General Management,Leadership & Strategy Skills,Corporate Strategy
Executive & General Management,Leadership & Strategy Skills,Mergers & Acquisitions Strategy
Executive & General Management,Leadership & Strategy Skills,Executive Decision Making
Executive & General Management,Leadership & Strategy Skills,Team Building
Executive & General Management,Leadership & Strategy Skills,Performance Management
Executive & General Management,Leadership & Strategy Skills,Vision Setting
Executive & General Management,Leadership & Strategy Skills,Stakeholder Engagement
Executive & General Management,Leadership & Strategy Skills,Business Turnaround Strategy
Executive & General Management,Leadership & Strategy Skills,Succession Planning
Executive & General Management,Leadership & Strategy Skills,Organizational Restructuring
Executive & General Management,Leadership & Strategy Skills,Global Business Strategy
Executive & General Management,Leadership & Strategy Skills,Corporate Culture Development
Healthcare,Healthcare Systems & Tools,Epic Systems (EHR)
Healthcare,Healthcare Systems & Tools,Epic Systems (EHR) Proficiency
Healthcare,Healthcare Systems & Tools,Epic Systems (EHR) Administration
Healthcare,Healthcare Systems & Tools,Epic Systems (EHR) Reporting & Analytics
Healthcare,Healthcare Systems & Tools,Epic Systems (EHR) Best Practices
Healthcare,Healthcare Systems & Tools,Epic Systems (EHR) Automation
Healthcare,Healthcare Systems & Tools,Epic Systems (EHR) Implementation
Healthcare,Healthcare Systems & Tools,Cerner (EHR)
Healthcare,Healthcare Systems & Tools,Cerner (EHR) Proficiency
Healthcare,Healthcare Systems & Tools,Cerner (EHR) Administration
Healthcare,Healthcare Systems & Tools,Cerner (EHR) Reporting & Analytics
Healthcare,Healthcare Systems & Tools,Cerner (EHR) Best Practices
Healthcare,Healthcare Systems & Tools,Cerner (EHR) Automation
Healthcare,Healthcare Systems & Tools,Cerner (EHR) Implementation
Healthcare,Healthcare Systems & Tools,Meditech
Healthcare,Healthcare Systems & Tools,Meditech Proficiency
Healthcare,Healthcare Systems & Tools,Meditech Administration
Healthcare,Healthcare Systems & Tools,Meditech Reporting & Analytics
Healthcare,Healthcare Systems & Tools,Meditech Best Practices
Healthcare,Healthcare Systems & Tools,Meditech Automation
Healthcare,Healthcare Systems & Tools,Meditech Implementation
Healthcare,Healthcare Systems & Tools,Allscripts
Healthcare,Healthcare Systems & Tools,Allscripts Proficiency
Healthcare,Healthcare Systems & Tools,Allscripts Administration
Healthcare,Healthcare Systems & Tools,Allscripts Reporting & Analytics
Healthcare,Healthcare Systems & Tools,Allscripts Best Practices
Healthcare,Healthcare Systems & Tools,Allscripts Automation
Healthcare,Healthcare Systems & Tools,Allscripts Implementation
Healthcare,Healthcare Systems & Tools,athenahealth
Healthcare,Healthcare Systems & Tools,athenahealth Proficiency
Healthcare,Healthcare Systems & Tools,athenahealth Administration
Healthcare,Healthcare Systems & Tools,athenahealth Reporting & Analytics
Healthcare,Healthcare Systems & Tools,athenahealth Best Practices
Healthcare,Healthcare Systems & Tools,athenahealth Automation
Healthcare,Healthcare Systems & Tools,athenahealth Implementation
Healthcare,Healthcare Systems & Tools,NextGen Healthcare
Healthcare,Healthcare Systems & Tools,NextGen Healthcare Proficiency
Healthcare,Healthcare Systems & Tools,NextGen Healthcare Administration
Healthcare,Healthcare Systems & Tools,NextGen Healthcare Reporting & Analytics
Healthcare,Healthcare Systems & Tools,NextGen Healthcare Best Practices
Healthcare,Healthcare Systems & Tools,NextGen Healthcare Automation
Healthcare,Healthcare Systems & Tools,NextGen Healthcare Implementation
Healthcare,Healthcare Systems & Tools,eClinicalWorks
Healthcare,Healthcare Systems & Tools,eClinicalWorks Proficiency
Healthcare,Healthcare Systems & Tools,eClinicalWorks Administration
Healthcare,Healthcare Systems & Tools,eClinicalWorks Reporting & Analytics
Healthcare,Healthcare Systems & Tools,eClinicalWorks Best Practices
Healthcare,Healthcare Systems & Tools,eClinicalWorks Automation
Healthcare,Healthcare Systems & Tools,eClinicalWorks Implementation
Healthcare,Healthcare Systems & Tools,McKesson
Healthcare,Healthcare Systems & Tools,McKesson Proficiency
Healthcare,Healthcare Systems & Tools,McKesson Administration
Healthcare,Healthcare Systems & Tools,McKesson Reporting & Analytics
Healthcare,Healthcare Systems & Tools,McKesson Best Practices
Healthcare,Healthcare Systems & Tools,McKesson Automation
Healthcare,Healthcare Systems & Tools,McKesson Implementation
Healthcare,Healthcare Systems & Tools,GE Healthcare Centricity
Healthcare,Healthcare Systems & Tools,GE Healthcare Centricity Proficiency
Healthcare,Healthcare Systems & Tools,GE Healthcare Centricity Administration
Healthcare,Healthcare Systems & Tools,GE Healthcare Centricity Reporting & Analytics
Healthcare,Healthcare Systems & Tools,GE Healthcare Centricity Best Practices
Healthcare,Healthcare Systems & Tools,GE Healthcare Centricity Automation
Healthcare,Healthcare Systems & Tools,GE Healthcare Centricity Implementation
Healthcare,Healthcare Systems & Tools,HL7 Interface Engines
Healthcare,Healthcare Systems & Tools,HL7 Interface Engines Proficiency
Healthcare,Healthcare Systems & Tools,HL7 Interface Engines Administration
Healthcare,Healthcare Systems & Tools,HL7 Interface Engines Reporting & Analytics
Healthcare,Healthcare Systems & Tools,HL7 Interface Engines Best Practices
Healthcare,Healthcare Systems & Tools,HL7 Interface Engines Automation
Healthcare,Healthcare Systems & Tools,HL7 Interface Engines Implementation
Healthcare,Healthcare Systems & Tools,FHIR Standards
Healthcare,Healthcare Systems & Tools,FHIR Standards Proficiency
Healthcare,Healthcare Systems & Tools,FHIR Standards Administration
Healthcare,Healthcare Systems & Tools,FHIR Standards Reporting & Analytics
Healthcare,Healthcare Systems & Tools,FHIR Standards Best Practices
Healthcare,Healthcare Systems & Tools,FHIR Standards Automation
Healthcare,Healthcare Systems & Tools,FHIR Standards Implementation
Healthcare,Clinical & Healthcare Admin Skills,Patient Care
Healthcare,Clinical & Healthcare Admin Skills,Clinical Documentation
Healthcare,Clinical & Healthcare Admin Skills,Electronic Health Records Management
Healthcare,Clinical & Healthcare Admin Skills,Medical Coding (ICD-10)
Healthcare,Clinical & Healthcare Admin Skills,Medical Billing
Healthcare,Clinical & Healthcare Admin Skills,HIPAA Compliance
Healthcare,Clinical & Healthcare Admin Skills,Patient Scheduling
Healthcare,Clinical & Healthcare Admin Skills,Triage
Healthcare,Clinical & Healthcare Admin Skills,Care Coordination
Healthcare,Clinical & Healthcare Admin Skills,Medication Administration
Healthcare,Clinical & Healthcare Admin Skills,Vital Signs Monitoring
Healthcare,Clinical & Healthcare Admin Skills,Infection Control
Healthcare,Clinical & Healthcare Admin Skills,Clinical Research Coordination
Healthcare,Clinical & Healthcare Admin Skills,Case Management
Healthcare,Clinical & Healthcare Admin Skills,Utilization Review
Healthcare,Clinical & Healthcare Admin Skills,Health Insurance Verification
Healthcare,Clinical & Healthcare Admin Skills,Telehealth Administration
Healthcare,Clinical & Healthcare Admin Skills,Nursing Care Planning
Healthcare,Clinical & Healthcare Admin Skills,CPR/BLS Certification
Healthcare,Clinical & Healthcare Admin Skills,Phlebotomy
Healthcare,Clinical & Healthcare Admin Skills,Patient Advocacy
Healthcare,Clinical & Healthcare Admin Skills,Quality Improvement (Healthcare)
Healthcare,Clinical & Healthcare Admin Skills,Revenue Cycle Management
Healthcare,Clinical & Healthcare Admin Skills,Prior Authorization Processing
Education,Education Tools & Platforms,Google Classroom
Education,Education Tools & Platforms,Google Classroom Proficiency
Education,Education Tools & Platforms,Google Classroom Administration
Education,Education Tools & Platforms,Google Classroom Reporting & Analytics
Education,Education Tools & Platforms,Google Classroom Best Practices
Education,Education Tools & Platforms,Google Classroom Automation
Education,Education Tools & Platforms,Google Classroom Implementation
Education,Education Tools & Platforms,Canvas LMS
Education,Education Tools & Platforms,Canvas LMS Proficiency
Education,Education Tools & Platforms,Canvas LMS Administration
Education,Education Tools & Platforms,Canvas LMS Reporting & Analytics
Education,Education Tools & Platforms,Canvas LMS Best Practices
Education,Education Tools & Platforms,Canvas LMS Automation
Education,Education Tools & Platforms,Canvas LMS Implementation
Education,Education Tools & Platforms,Blackboard
Education,Education Tools & Platforms,Blackboard Proficiency
Education,Education Tools & Platforms,Blackboard Administration
Education,Education Tools & Platforms,Blackboard Reporting & Analytics
Education,Education Tools & Platforms,Blackboard Best Practices
Education,Education Tools & Platforms,Blackboard Automation
Education,Education Tools & Platforms,Blackboard Implementation
Education,Education Tools & Platforms,Moodle
Education,Education Tools & Platforms,Moodle Proficiency
Education,Education Tools & Platforms,Moodle Administration
Education,Education Tools & Platforms,Moodle Reporting & Analytics
Education,Education Tools & Platforms,Moodle Best Practices
Education,Education Tools & Platforms,Moodle Automation
Education,Education Tools & Platforms,Moodle Implementation
Education,Education Tools & Platforms,Schoology
Education,Education Tools & Platforms,Schoology Proficiency
Education,Education Tools & Platforms,Schoology Administration
Education,Education Tools & Platforms,Schoology Reporting & Analytics
Education,Education Tools & Platforms,Schoology Best Practices
Education,Education Tools & Platforms,Schoology Automation
Education,Education Tools & Platforms,Schoology Implementation
Education,Education Tools & Platforms,PowerSchool
Education,Education Tools & Platforms,PowerSchool Proficiency
Education,Education Tools & Platforms,PowerSchool Administration
Education,Education Tools & Platforms,PowerSchool Reporting & Analytics
Education,Education Tools & Platforms,PowerSchool Best Practices
Education,Education Tools & Platforms,PowerSchool Automation
Education,Education Tools & Platforms,PowerSchool Implementation
Education,Education Tools & Platforms,Zoom for Education
Education,Education Tools & Platforms,Zoom for Education Proficiency
Education,Education Tools & Platforms,Zoom for Education Administration
Education,Education Tools & Platforms,Zoom for Education Reporting & Analytics
Education,Education Tools & Platforms,Zoom for Education Best Practices
Education,Education Tools & Platforms,Zoom for Education Automation
Education,Education Tools & Platforms,Zoom for Education Implementation
Education,Education Tools & Platforms,Kahoot!
Education,Education Tools & Platforms,Kahoot! Proficiency
Education,Education Tools & Platforms,Kahoot! Administration
Education,Education Tools & Platforms,Kahoot! Reporting & Analytics
Education,Education Tools & Platforms,Kahoot! Best Practices
Education,Education Tools & Platforms,Kahoot! Automation
Education,Education Tools & Platforms,Kahoot! Implementation
Education,Education Tools & Platforms,Nearpod
Education,Education Tools & Platforms,Nearpod Proficiency
Education,Education Tools & Platforms,Nearpod Administration
Education,Education Tools & Platforms,Nearpod Reporting & Analytics
Education,Education Tools & Platforms,Nearpod Best Practices
Education,Education Tools & Platforms,Nearpod Automation
Education,Education Tools & Platforms,Nearpod Implementation
Education,Education Tools & Platforms,Turnitin
Education,Education Tools & Platforms,Turnitin Proficiency
Education,Education Tools & Platforms,Turnitin Administration
Education,Education Tools & Platforms,Turnitin Reporting & Analytics
Education,Education Tools & Platforms,Turnitin Best Practices
Education,Education Tools & Platforms,Turnitin Automation
Education,Education Tools & Platforms,Turnitin Implementation
Education,Teaching & Instructional Skills,Lesson Planning
Education,Teaching & Instructional Skills,Curriculum Development
Education,Teaching & Instructional Skills,Classroom Management
Education,Teaching & Instructional Skills,Instructional Design
Education,Teaching & Instructional Skills,Differentiated Instruction
Education,Teaching & Instructional Skills,Student Assessment
Education,Teaching & Instructional Skills,Special Education Support
Education,Teaching & Instructional Skills,IEP Development
Education,Teaching & Instructional Skills,E-Learning Development
Education,Teaching & Instructional Skills,Blended Learning
Education,Teaching & Instructional Skills,Educational Technology Integration
Education,Teaching & Instructional Skills,Grading & Feedback
Education,Teaching & Instructional Skills,Parent-Teacher Communication
Education,Teaching & Instructional Skills,Academic Advising
Education,Teaching & Instructional Skills,Tutoring
Education,Teaching & Instructional Skills,Student Engagement Strategies
Education,Teaching & Instructional Skills,Standardized Test Preparation
Education,Teaching & Instructional Skills,Classroom Technology Management
Education,Teaching & Instructional Skills,Early Childhood Education
Education,Teaching & Instructional Skills,Higher Education Administration
Manufacturing & Engineering,Engineering & Manufacturing Tools,AutoCAD
Manufacturing & Engineering,Engineering & Manufacturing Tools,AutoCAD Proficiency
Manufacturing & Engineering,Engineering & Manufacturing Tools,AutoCAD Administration
Manufacturing & Engineering,Engineering & Manufacturing Tools,AutoCAD Reporting & Analytics
Manufacturing & Engineering,Engineering & Manufacturing Tools,AutoCAD Best Practices
Manufacturing & Engineering,Engineering & Manufacturing Tools,AutoCAD Automation
Manufacturing & Engineering,Engineering & Manufacturing Tools,AutoCAD Implementation
Manufacturing & Engineering,Engineering & Manufacturing Tools,SolidWorks
Manufacturing & Engineering,Engineering & Manufacturing Tools,SolidWorks Proficiency
Manufacturing & Engineering,Engineering & Manufacturing Tools,SolidWorks Administration
Manufacturing & Engineering,Engineering & Manufacturing Tools,SolidWorks Reporting & Analytics
Manufacturing & Engineering,Engineering & Manufacturing Tools,SolidWorks Best Practices
Manufacturing & Engineering,Engineering & Manufacturing Tools,SolidWorks Automation
Manufacturing & Engineering,Engineering & Manufacturing Tools,SolidWorks Implementation
Manufacturing & Engineering,Engineering & Manufacturing Tools,CATIA
Manufacturing & Engineering,Engineering & Manufacturing Tools,CATIA Proficiency
Manufacturing & Engineering,Engineering & Manufacturing Tools,CATIA Administration
Manufacturing & Engineering,Engineering & Manufacturing Tools,CATIA Reporting & Analytics
Manufacturing & Engineering,Engineering & Manufacturing Tools,CATIA Best Practices
Manufacturing & Engineering,Engineering & Manufacturing Tools,CATIA Automation
Manufacturing & Engineering,Engineering & Manufacturing Tools,CATIA Implementation
Manufacturing & Engineering,Engineering & Manufacturing Tools,Siemens NX
Manufacturing & Engineering,Engineering & Manufacturing Tools,Siemens NX Proficiency
Manufacturing & Engineering,Engineering & Manufacturing Tools,Siemens NX Administration
Manufacturing & Engineering,Engineering & Manufacturing Tools,Siemens NX Reporting & Analytics
Manufacturing & Engineering,Engineering & Manufacturing Tools,Siemens NX Best Practices
Manufacturing & Engineering,Engineering & Manufacturing Tools,Siemens NX Automation
Manufacturing & Engineering,Engineering & Manufacturing Tools,Siemens NX Implementation
Manufacturing & Engineering,Engineering & Manufacturing Tools,PTC Creo
Manufacturing & Engineering,Engineering & Manufacturing Tools,PTC Creo Proficiency
Manufacturing & Engineering,Engineering & Manufacturing Tools,PTC Creo Administration
Manufacturing & Engineering,Engineering & Manufacturing Tools,PTC Creo Reporting & Analytics
Manufacturing & Engineering,Engineering & Manufacturing Tools,PTC Creo Best Practices
Manufacturing & Engineering,Engineering & Manufacturing Tools,PTC Creo Automation
Manufacturing & Engineering,Engineering & Manufacturing Tools,PTC Creo Implementation
Manufacturing & Engineering,Engineering & Manufacturing Tools,Revit
Manufacturing & Engineering,Engineering & Manufacturing Tools,Revit Proficiency
Manufacturing & Engineering,Engineering & Manufacturing Tools,Revit Administration
Manufacturing & Engineering,Engineering & Manufacturing Tools,Revit Reporting & Analytics
Manufacturing & Engineering,Engineering & Manufacturing Tools,Revit Best Practices
Manufacturing & Engineering,Engineering & Manufacturing Tools,Revit Automation
Manufacturing & Engineering,Engineering & Manufacturing Tools,Revit Implementation
Manufacturing & Engineering,Engineering & Manufacturing Tools,ANSYS
Manufacturing & Engineering,Engineering & Manufacturing Tools,ANSYS Proficiency
Manufacturing & Engineering,Engineering & Manufacturing Tools,ANSYS Administration
Manufacturing & Engineering,Engineering & Manufacturing Tools,ANSYS Reporting & Analytics
Manufacturing & Engineering,Engineering & Manufacturing Tools,ANSYS Best Practices
Manufacturing & Engineering,Engineering & Manufacturing Tools,ANSYS Automation
Manufacturing & Engineering,Engineering & Manufacturing Tools,ANSYS Implementation
Manufacturing & Engineering,Engineering & Manufacturing Tools,MATLAB Simulink
Manufacturing & Engineering,Engineering & Manufacturing Tools,MATLAB Simulink Proficiency
Manufacturing & Engineering,Engineering & Manufacturing Tools,MATLAB Simulink Administration
Manufacturing & Engineering,Engineering & Manufacturing Tools,MATLAB Simulink Reporting & Analytics
Manufacturing & Engineering,Engineering & Manufacturing Tools,MATLAB Simulink Best Practices
Manufacturing & Engineering,Engineering & Manufacturing Tools,MATLAB Simulink Automation
Manufacturing & Engineering,Engineering & Manufacturing Tools,MATLAB Simulink Implementation
Manufacturing & Engineering,Engineering & Manufacturing Tools,Programmable Logic Controllers (PLC)
Manufacturing & Engineering,Engineering & Manufacturing Tools,Programmable Logic Controllers (PLC) Proficiency
Manufacturing & Engineering,Engineering & Manufacturing Tools,Programmable Logic Controllers (PLC) Administration
Manufacturing & Engineering,Engineering & Manufacturing Tools,Programmable Logic Controllers (PLC) Reporting & Analytics
Manufacturing & Engineering,Engineering & Manufacturing Tools,Programmable Logic Controllers (PLC) Best Practices
Manufacturing & Engineering,Engineering & Manufacturing Tools,Programmable Logic Controllers (PLC) Automation
Manufacturing & Engineering,Engineering & Manufacturing Tools,Programmable Logic Controllers (PLC) Implementation
Manufacturing & Engineering,Engineering & Manufacturing Tools,SCADA Systems
Manufacturing & Engineering,Engineering & Manufacturing Tools,SCADA Systems Proficiency
Manufacturing & Engineering,Engineering & Manufacturing Tools,SCADA Systems Administration
Manufacturing & Engineering,Engineering & Manufacturing Tools,SCADA Systems Reporting & Analytics
Manufacturing & Engineering,Engineering & Manufacturing Tools,SCADA Systems Best Practices
Manufacturing & Engineering,Engineering & Manufacturing Tools,SCADA Systems Automation
Manufacturing & Engineering,Engineering & Manufacturing Tools,SCADA Systems Implementation
Manufacturing & Engineering,Engineering & Manufacturing Tools,CNC Machining Software
Manufacturing & Engineering,Engineering & Manufacturing Tools,CNC Machining Software Proficiency
Manufacturing & Engineering,Engineering & Manufacturing Tools,CNC Machining Software Administration
Manufacturing & Engineering,Engineering & Manufacturing Tools,CNC Machining Software Reporting & Analytics
Manufacturing & Engineering,Engineering & Manufacturing Tools,CNC Machining Software Best Practices
Manufacturing & Engineering,Engineering & Manufacturing Tools,CNC Machining Software Automation
Manufacturing & Engineering,Engineering & Manufacturing Tools,CNC Machining Software Implementation
Manufacturing & Engineering,Engineering & Manufacturing Tools,MES Systems
Manufacturing & Engineering,Engineering & Manufacturing Tools,MES Systems Proficiency
Manufacturing & Engineering,Engineering & Manufacturing Tools,MES Systems Administration
Manufacturing & Engineering,Engineering & Manufacturing Tools,MES Systems Reporting & Analytics
Manufacturing & Engineering,Engineering & Manufacturing Tools,MES Systems Best Practices
Manufacturing & Engineering,Engineering & Manufacturing Tools,MES Systems Automation
Manufacturing & Engineering,Engineering & Manufacturing Tools,MES Systems Implementation
Manufacturing & Engineering,Engineering & Manufacturing Tools,Bill of Materials (BOM) Software
Manufacturing & Engineering,Engineering & Manufacturing Tools,Bill of Materials (BOM) Software Proficiency
Manufacturing & Engineering,Engineering & Manufacturing Tools,Bill of Materials (BOM) Software Administration
Manufacturing & Engineering,Engineering & Manufacturing Tools,Bill of Materials (BOM) Software Reporting & Analytics
Manufacturing & Engineering,Engineering & Manufacturing Tools,Bill of Materials (BOM) Software Best Practices
Manufacturing & Engineering,Engineering & Manufacturing Tools,Bill of Materials (BOM) Software Automation
Manufacturing & Engineering,Engineering & Manufacturing Tools,Bill of Materials (BOM) Software Implementation
Manufacturing & Engineering,Engineering & Manufacturing Skills,Mechanical Design
Manufacturing & Engineering,Engineering & Manufacturing Skills,Electrical Engineering
Manufacturing & Engineering,Engineering & Manufacturing Skills,Civil Engineering
Manufacturing & Engineering,Engineering & Manufacturing Skills,Structural Analysis
Manufacturing & Engineering,Engineering & Manufacturing Skills,Product Development
Manufacturing & Engineering,Engineering & Manufacturing Skills,Quality Control (Manufacturing)
Manufacturing & Engineering,Engineering & Manufacturing Skills,Six Sigma
Manufacturing & Engineering,Engineering & Manufacturing Skills,Lean Manufacturing
Manufacturing & Engineering,Engineering & Manufacturing Skills,Process Engineering
Manufacturing & Engineering,Engineering & Manufacturing Skills,Manufacturing Safety Compliance (OSHA)
Manufacturing & Engineering,Engineering & Manufacturing Skills,Root Cause Analysis
Manufacturing & Engineering,Engineering & Manufacturing Skills,CNC Machining
Manufacturing & Engineering,Engineering & Manufacturing Skills,Welding
Manufacturing & Engineering,Engineering & Manufacturing Skills,Assembly Line Operations
Manufacturing & Engineering,Engineering & Manufacturing Skills,Preventive Maintenance
Manufacturing & Engineering,Engineering & Manufacturing Skills,Robotics Engineering
Manufacturing & Engineering,Engineering & Manufacturing Skills,CAD Drafting
Manufacturing & Engineering,Engineering & Manufacturing Skills,Prototyping
Manufacturing & Engineering,Engineering & Manufacturing Skills,Failure Mode and Effects Analysis (FMEA)
Manufacturing & Engineering,Engineering & Manufacturing Skills,Statistical Process Control
Manufacturing & Engineering,Engineering & Manufacturing Skills,Industrial Engineering
Manufacturing & Engineering,Engineering & Manufacturing Skills,Plant Operations Management
Hospitality & Retail,Hospitality & Retail Systems,Point of Sale (POS) Systems
Hospitality & Retail,Hospitality & Retail Systems,Point of Sale (POS) Systems Proficiency
Hospitality & Retail,Hospitality & Retail Systems,Point of Sale (POS) Systems Administration
Hospitality & Retail,Hospitality & Retail Systems,Point of Sale (POS) Systems Reporting & Analytics
Hospitality & Retail,Hospitality & Retail Systems,Point of Sale (POS) Systems Best Practices
Hospitality & Retail,Hospitality & Retail Systems,Point of Sale (POS) Systems Automation
Hospitality & Retail,Hospitality & Retail Systems,Point of Sale (POS) Systems Implementation
Hospitality & Retail,Hospitality & Retail Systems,Opera PMS (Hotel Management)
Hospitality & Retail,Hospitality & Retail Systems,Opera PMS (Hotel Management) Proficiency
Hospitality & Retail,Hospitality & Retail Systems,Opera PMS (Hotel Management) Administration
Hospitality & Retail,Hospitality & Retail Systems,Opera PMS (Hotel Management) Reporting & Analytics
Hospitality & Retail,Hospitality & Retail Systems,Opera PMS (Hotel Management) Best Practices
Hospitality & Retail,Hospitality & Retail Systems,Opera PMS (Hotel Management) Automation
Hospitality & Retail,Hospitality & Retail Systems,Opera PMS (Hotel Management) Implementation
Hospitality & Retail,Hospitality & Retail Systems,Toast POS
Hospitality & Retail,Hospitality & Retail Systems,Toast POS Proficiency
Hospitality & Retail,Hospitality & Retail Systems,Toast POS Administration
Hospitality & Retail,Hospitality & Retail Systems,Toast POS Reporting & Analytics
Hospitality & Retail,Hospitality & Retail Systems,Toast POS Best Practices
Hospitality & Retail,Hospitality & Retail Systems,Toast POS Automation
Hospitality & Retail,Hospitality & Retail Systems,Toast POS Implementation
Hospitality & Retail,Hospitality & Retail Systems,Square POS
Hospitality & Retail,Hospitality & Retail Systems,Square POS Proficiency
Hospitality & Retail,Hospitality & Retail Systems,Square POS Administration
Hospitality & Retail,Hospitality & Retail Systems,Square POS Reporting & Analytics
Hospitality & Retail,Hospitality & Retail Systems,Square POS Best Practices
Hospitality & Retail,Hospitality & Retail Systems,Square POS Automation
Hospitality & Retail,Hospitality & Retail Systems,Square POS Implementation
Hospitality & Retail,Hospitality & Retail Systems,Shopify POS
Hospitality & Retail,Hospitality & Retail Systems,Shopify POS Proficiency
Hospitality & Retail,Hospitality & Retail Systems,Shopify POS Administration
Hospitality & Retail,Hospitality & Retail Systems,Shopify POS Reporting & Analytics
Hospitality & Retail,Hospitality & Retail Systems,Shopify POS Best Practices
Hospitality & Retail,Hospitality & Retail Systems,Shopify POS Automation
Hospitality & Retail,Hospitality & Retail Systems,Shopify POS Implementation
Hospitality & Retail,Hospitality & Retail Systems,Micros POS
Hospitality & Retail,Hospitality & Retail Systems,Micros POS Proficiency
Hospitality & Retail,Hospitality & Retail Systems,Micros POS Administration
Hospitality & Retail,Hospitality & Retail Systems,Micros POS Reporting & Analytics
Hospitality & Retail,Hospitality & Retail Systems,Micros POS Best Practices
Hospitality & Retail,Hospitality & Retail Systems,Micros POS Automation
Hospitality & Retail,Hospitality & Retail Systems,Micros POS Implementation
Hospitality & Retail,Hospitality & Retail Systems,OpenTable
Hospitality & Retail,Hospitality & Retail Systems,OpenTable Proficiency
Hospitality & Retail,Hospitality & Retail Systems,OpenTable Administration
Hospitality & Retail,Hospitality & Retail Systems,OpenTable Reporting & Analytics
Hospitality & Retail,Hospitality & Retail Systems,OpenTable Best Practices
Hospitality & Retail,Hospitality & Retail Systems,OpenTable Automation
Hospitality & Retail,Hospitality & Retail Systems,OpenTable Implementation
Hospitality & Retail,Hospitality & Retail Systems,RetailPro
Hospitality & Retail,Hospitality & Retail Systems,RetailPro Proficiency
Hospitality & Retail,Hospitality & Retail Systems,RetailPro Administration
Hospitality & Retail,Hospitality & Retail Systems,RetailPro Reporting & Analytics
Hospitality & Retail,Hospitality & Retail Systems,RetailPro Best Practices
Hospitality & Retail,Hospitality & Retail Systems,RetailPro Automation
Hospitality & Retail,Hospitality & Retail Systems,RetailPro Implementation
Hospitality & Retail,Hospitality & Retail Skills,Customer Service
Hospitality & Retail,Hospitality & Retail Skills,Front Desk Operations
Hospitality & Retail,Hospitality & Retail Skills,Reservation Management
Hospitality & Retail,Hospitality & Retail Skills,Food & Beverage Service
Hospitality & Retail,Hospitality & Retail Skills,Inventory Management (Retail)
Hospitality & Retail,Hospitality & Retail Skills,Visual Merchandising
Hospitality & Retail,Hospitality & Retail Skills,Cash Handling
Hospitality & Retail,Hospitality & Retail Skills,Retail Sales
Hospitality & Retail,Hospitality & Retail Skills,Hotel Operations Management
Hospitality & Retail,Hospitality & Retail Skills,Housekeeping Management
Hospitality & Retail,Hospitality & Retail Skills,Event Coordination
Hospitality & Retail,Hospitality & Retail Skills,Guest Relations
Hospitality & Retail,Hospitality & Retail Skills,Loss Prevention
Hospitality & Retail,Hospitality & Retail Skills,Menu Planning
Hospitality & Retail,Hospitality & Retail Skills,Staff Scheduling
Hospitality & Retail,Hospitality & Retail Skills,Store Operations Management
Hospitality & Retail,Hospitality & Retail Skills,Upselling & Cross-Selling (Retail)
Hospitality & Retail,Hospitality & Retail Skills,E-Commerce Fulfillment
Real Estate & Construction,Real Estate & Construction Tools,MLS (Multiple Listing Service)
Real Estate & Construction,Real Estate & Construction Tools,MLS (Multiple Listing Service) Proficiency
Real Estate & Construction,Real Estate & Construction Tools,MLS (Multiple Listing Service) Administration
Real Estate & Construction,Real Estate & Construction Tools,MLS (Multiple Listing Service) Reporting & Analytics
Real Estate & Construction,Real Estate & Construction Tools,MLS (Multiple Listing Service) Best Practices
Real Estate & Construction,Real Estate & Construction Tools,MLS (Multiple Listing Service) Automation
Real Estate & Construction,Real Estate & Construction Tools,MLS (Multiple Listing Service) Implementation
Real Estate & Construction,Real Estate & Construction Tools,Procore Construction Software
Real Estate & Construction,Real Estate & Construction Tools,Procore Construction Software Proficiency
Real Estate & Construction,Real Estate & Construction Tools,Procore Construction Software Administration
Real Estate & Construction,Real Estate & Construction Tools,Procore Construction Software Reporting & Analytics
Real Estate & Construction,Real Estate & Construction Tools,Procore Construction Software Best Practices
Real Estate & Construction,Real Estate & Construction Tools,Procore Construction Software Automation
Real Estate & Construction,Real Estate & Construction Tools,Procore Construction Software Implementation
Real Estate & Construction,Real Estate & Construction Tools,Buildertrend
Real Estate & Construction,Real Estate & Construction Tools,Buildertrend Proficiency
Real Estate & Construction,Real Estate & Construction Tools,Buildertrend Administration
Real Estate & Construction,Real Estate & Construction Tools,Buildertrend Reporting & Analytics
Real Estate & Construction,Real Estate & Construction Tools,Buildertrend Best Practices
Real Estate & Construction,Real Estate & Construction Tools,Buildertrend Automation
Real Estate & Construction,Real Estate & Construction Tools,Buildertrend Implementation
Real Estate & Construction,Real Estate & Construction Tools,PlanGrid
Real Estate & Construction,Real Estate & Construction Tools,PlanGrid Proficiency
Real Estate & Construction,Real Estate & Construction Tools,PlanGrid Administration
Real Estate & Construction,Real Estate & Construction Tools,PlanGrid Reporting & Analytics
Real Estate & Construction,Real Estate & Construction Tools,PlanGrid Best Practices
Real Estate & Construction,Real Estate & Construction Tools,PlanGrid Automation
Real Estate & Construction,Real Estate & Construction Tools,PlanGrid Implementation
Real Estate & Construction,Real Estate & Construction Tools,Zillow Premier Agent
Real Estate & Construction,Real Estate & Construction Tools,Zillow Premier Agent Proficiency
Real Estate & Construction,Real Estate & Construction Tools,Zillow Premier Agent Administration
Real Estate & Construction,Real Estate & Construction Tools,Zillow Premier Agent Reporting & Analytics
Real Estate & Construction,Real Estate & Construction Tools,Zillow Premier Agent Best Practices
Real Estate & Construction,Real Estate & Construction Tools,Zillow Premier Agent Automation
Real Estate & Construction,Real Estate & Construction Tools,Zillow Premier Agent Implementation
Real Estate & Construction,Real Estate & Construction Tools,CoStar
Real Estate & Construction,Real Estate & Construction Tools,CoStar Proficiency
Real Estate & Construction,Real Estate & Construction Tools,CoStar Administration
Real Estate & Construction,Real Estate & Construction Tools,CoStar Reporting & Analytics
Real Estate & Construction,Real Estate & Construction Tools,CoStar Best Practices
Real Estate & Construction,Real Estate & Construction Tools,CoStar Automation
Real Estate & Construction,Real Estate & Construction Tools,CoStar Implementation
Real Estate & Construction,Real Estate & Construction Tools,AutoCAD for Construction
Real Estate & Construction,Real Estate & Construction Tools,AutoCAD for Construction Proficiency
Real Estate & Construction,Real Estate & Construction Tools,AutoCAD for Construction Administration
Real Estate & Construction,Real Estate & Construction Tools,AutoCAD for Construction Reporting & Analytics
Real Estate & Construction,Real Estate & Construction Tools,AutoCAD for Construction Best Practices
Real Estate & Construction,Real Estate & Construction Tools,AutoCAD for Construction Automation
Real Estate & Construction,Real Estate & Construction Tools,AutoCAD for Construction Implementation
Real Estate & Construction,Real Estate & Construction Tools,Bluebeam Revu
Real Estate & Construction,Real Estate & Construction Tools,Bluebeam Revu Proficiency
Real Estate & Construction,Real Estate & Construction Tools,Bluebeam Revu Administration
Real Estate & Construction,Real Estate & Construction Tools,Bluebeam Revu Reporting & Analytics
Real Estate & Construction,Real Estate & Construction Tools,Bluebeam Revu Best Practices
Real Estate & Construction,Real Estate & Construction Tools,Bluebeam Revu Automation
Real Estate & Construction,Real Estate & Construction Tools,Bluebeam Revu Implementation
Real Estate & Construction,Real Estate & Construction Skills,Property Management
Real Estate & Construction,Real Estate & Construction Skills,Real Estate Sales
Real Estate & Construction,Real Estate & Construction Skills,Real Estate Appraisal
Real Estate & Construction,Real Estate & Construction Skills,Contract Negotiation (Real Estate)
Real Estate & Construction,Real Estate & Construction Skills,Construction Project Management
Real Estate & Construction,Real Estate & Construction Skills,Blueprint Reading
Real Estate & Construction,Real Estate & Construction Skills,Building Code Compliance
Real Estate & Construction,Real Estate & Construction Skills,Site Supervision
Real Estate & Construction,Real Estate & Construction Skills,Cost Estimating
Real Estate & Construction,Real Estate & Construction Skills,Property Valuation
Real Estate & Construction,Real Estate & Construction Skills,Lease Administration
Real Estate & Construction,Real Estate & Construction Skills,Land Development
Real Estate & Construction,Real Estate & Construction Skills,Permitting & Zoning
Real Estate & Construction,Real Estate & Construction Skills,Escrow Coordination
Real Estate & Construction,Real Estate & Construction Skills,Facilities Maintenance
Real Estate & Construction,Real Estate & Construction Skills,General Contracting
Real Estate & Construction,Real Estate & Construction Skills,Subcontractor Management
